ROLE,BOARD,CYCLE,PROFILE,PROFILE_ATTEMPTS,PROFILE_START_MS,PROFILE_END_MS,PROFILE_DURATION_MS,ELAPSED_MS,ACCEPTED,FRESH,STALE,AMBIGUOUS,PRODUCER_STATUS,UPDATE_COUNT,EPOCH_BEFORE,EPOCH_AFTER,TRANSPORT_ERROR,PARSE_ERROR,ODD_OR_SENTINEL,EPOCH_CHANGED,ARITHMETIC_MISMATCH,RANGE_MISMATCH,REASON,STOP_REASON
SLAVE,DE5 [1-11.2],1,FULL,8,1789464165491,1789464166596,1105,1105,0,0,0,0,FULL_ACCEPTED_OR_REJECTED,112733,225466,226236,0,0,0,1,0,0,EPOCH_CHANGED,NONE
SLAVE,DE5 [1-11.2],2,CORE,2,1789464167097,1789464167341,244,1850,1,0,0,0,BASELINE,115784,231568,231568,0,0,0,0,0,0,NONE,NONE
SLAVE,DE5 [1-11.2],3,FULL,8,1789464167842,1789464168947,1105,3456,0,0,0,0,FULL_ACCEPTED_OR_REJECTED,121888,243028,243776,0,0,0,1,0,0,EPOCH_CHANGED,NONE
SLAVE,DE5 [1-11.2],4,CORE,1,1789464169447,1789464169639,192,4148,1,1,0,0,FRESH,124561,249122,249122,0,0,0,0,0,0,NONE,NONE
SLAVE,DE5 [1-11.2],5,FULL,8,1789464170305,1789464171417,1112,5926,0,0,0,0,FULL_ACCEPTED_OR_REJECTED,131424,262080,262848,0,0,0,1,0,0,EPOCH_CHANGED,NONE
SLAVE,DE5 [1-11.2],6,CORE,2,1789464171918,1789464172162,244,6671,1,1,0,0,FRESH,134092,268184,268184,0,0,0,0,0,0,NONE,NONE
SLAVE,DE5 [1-11.2],7,FULL,8,1789464172663,1789464173783,1120,8292,0,0,0,0,FULL_ACCEPTED_OR_REJECTED,140201,279634,281156,0,0,0,1,0,0,EPOCH_CHANGED,NONE
SLAVE,DE5 [1-11.2],8,CORE,2,1789464174284,1789464174531,247,9040,1,1,0,0,FRESH,143255,286510,286510,0,0,0,0,0,0,NONE,NONE
SLAVE,DE5 [1-11.2],9,FULL,8,1789464175031,1789464176133,1102,10642,0,0,0,0,FULL_ACCEPTED_OR_REJECTED,149356,297946,298712,0,0,0,1,0,0,EPOCH_CHANGED,NONE
SLAVE,DE5 [1-11.2],10,CORE,1,1789464176633,1789464176821,188,11330,1,1,0,0,FRESH,152024,304048,304048,0,0,0,0,0,0,NONE,NONE
SLAVE,DE5 [1-11.2],11,FULL,8,1789464177321,1789464178423,1102,12932,0,0,0,0,FULL_ACCEPTED_OR_REJECTED,158126,315498,316252,0,0,0,1,0,0,EPOCH_CHANGED,NONE
SLAVE,DE5 [1-11.2],12,CORE,2,1789464178923,1789464179169,246,13678,1,1,0,0,FRESH,160793,321586,321586,0,0,0,0,0,0,NONE,NONE
SLAVE,DE5 [1-11.2],13,FULL,8,1789464179669,1789464180767,1098,15276,0,0,0,0,FULL_ACCEPTED_OR_REJECTED,166905,333042,333810,0,0,0,1,1,0,"EPOCH_CHANGED,ARITHMETIC_MISMATCH",NONE
SLAVE,DE5 [1-11.2],14,CORE,1,1789464181267,1789464181453,186,15962,1,1,0,0,FRESH,169571,339142,339142,0,0,0,0,0,0,NONE,NONE
SLAVE,DE5 [1-11.2],15,FULL,8,1789464181954,1789464183054,1100,17563,0,0,0,0,FULL_ACCEPTED_OR_REJECTED,175673,350592,351346,0,0,0,1,0,0,EPOCH_CHANGED,NONE
SLAVE,DE5 [1-11.2],16,CORE,1,1789464183554,1789464183740,186,18249,1,1,0,0,FRESH,178348,356696,356696,0,0,0,0,0,0,NONE,NONE
SLAVE,DE5 [1-11.2],17,FULL,8,1789464184240,1789464185350,1110,19859,0,0,0,0,FULL_ACCEPTED_OR_REJECTED,184444,368138,368888,0,0,0,1,1,0,"EPOCH_CHANGED,ARITHMETIC_MISMATCH",NONE
SLAVE,DE5 [1-11.2],18,CORE,1,1789464185850,1789464186033,183,20542,1,1,0,0,FRESH,187117,374234,374234,0,0,0,0,0,0,NONE,NONE
SLAVE,DE5 [1-11.2],19,FULL,8,1789464186534,1789464187641,1107,22150,0,0,0,0,FULL_ACCEPTED_OR_REJECTED,193222,385672,386444,0,0,0,1,0,0,EPOCH_CHANGED,NONE
SLAVE,DE5 [1-11.2],20,CORE,1,1789464188141,1789464188329,188,22838,1,1,0,0,FRESH,195887,391774,391774,0,0,0,0,0,0,NONE,NONE
SLAVE,DE5 [1-11.2],21,FULL,8,1789464188829,1789464189939,1110,24448,0,0,0,0,FULL_ACCEPTED_OR_REJECTED,201996,403224,403992,0,0,0,1,0,0,EPOCH_CHANGED,NONE
SLAVE,DE5 [1-11.2],22,CORE,1,1789464190442,1789464190627,185,25136,1,1,0,0,FRESH,204662,409324,409324,0,0,0,0,0,0,NONE,NONE
SLAVE,DE5 [1-11.2],23,FULL,8,1789464191127,1789464192240,1113,26749,0,0,0,0,FULL_ACCEPTED_OR_REJECTED,210764,420780,421528,0,0,0,1,0,0,EPOCH_CHANGED,NONE
SLAVE,DE5 [1-11.2],24,CORE,1,1789464192740,1789464192927,187,27436,1,1,0,0,FRESH,213439,426878,426878,0,0,0,0,0,0,NONE,NONE
SLAVE,DE5 [1-11.2],25,FULL,8,1789464193427,1789464194535,1108,29044,0,0,0,0,FULL_ACCEPTED_OR_REJECTED,219542,438316,439084,0,0,0,1,0,0,EPOCH_CHANGED,NONE
SLAVE,DE5 [1-11.2],26,CORE,1,1789464195035,1789464195221,186,29730,1,1,0,0,FRESH,222209,444418,444418,0,0,0,0,0,0,NONE,NONE
SLAVE,DE5 [1-11.2],27,FULL,8,1789464195721,1789464196839,1118,31348,0,0,0,0,FULL_ACCEPTED_OR_REJECTED,228317,455862,456634,0,0,0,1,0,0,EPOCH_CHANGED,NONE
SLAVE,DE5 [1-11.2],28,CORE,1,1789464197339,1789464197527,188,32036,1,1,0,0,FRESH,230980,461960,461960,0,0,0,0,0,0,NONE,NONE
SLAVE,DE5 [1-11.2],29,FULL,8,1789464198027,1789464199128,1101,33637,0,0,0,0,FULL_ACCEPTED_OR_REJECTED,237083,473414,474166,0,0,0,1,0,0,EPOCH_CHANGED,NONE
SLAVE,DE5 [1-11.2],30,CORE,3,1789464199628,1789464199928,300,34437,1,1,0,0,FRESH,240135,480270,480270,0,0,0,0,0,0,NONE,NONE
SLAVE,DE5 [1-11.2],31,FULL,8,1789464200428,1789464201548,1120,36057,0,0,0,0,FULL_ACCEPTED_OR_REJECTED,246240,491726,492480,0,0,0,1,0,0,EPOCH_CHANGED,NONE
SLAVE,DE5 [1-11.2],32,CORE,1,1789464202050,1789464202241,191,36750,1,1,0,0,FRESH,248916,497832,497832,0,0,0,0,0,0,NONE,NONE
SLAVE,DE5 [1-11.2],33,FULL,8,1789464202830,1789464203941,1111,38450,0,0,0,0,FULL_ACCEPTED_OR_REJECTED,255393,510036,510786,0,0,0,1,0,0,EPOCH_CHANGED,NONE
SLAVE,DE5 [1-11.2],34,CORE,1,1789464204441,1789464204645,204,39154,1,1,0,0,FRESH,258066,516132,516132,0,0,0,0,0,0,NONE,NONE
SLAVE,DE5 [1-11.2],35,FULL,8,1789464205145,1789464206262,1117,40771,0,0,0,0,FULL_ACCEPTED_OR_REJECTED,264173,527572,528346,0,0,0,1,1,0,"EPOCH_CHANGED,ARITHMETIC_MISMATCH",NONE
SLAVE,DE5 [1-11.2],36,CORE,1,1789464206762,1789464206951,189,41460,1,1,0,0,FRESH,266840,533680,533680,0,0,0,0,0,0,NONE,NONE
SLAVE,DE5 [1-11.2],37,FULL,8,1789464207451,1789464208560,1109,43069,0,0,0,0,FULL_ACCEPTED_OR_REJECTED,272942,545116,545884,0,0,0,1,1,0,"EPOCH_CHANGED,ARITHMETIC_MISMATCH",NONE
SLAVE,DE5 [1-11.2],38,CORE,1,1789464209060,1789464209248,188,43757,1,1,0,0,FRESH,275616,551232,551232,0,0,0,0,0,0,NONE,NONE
SLAVE,DE5 [1-11.2],39,FULL,8,1789464209748,1789464210848,1100,45357,0,0,0,0,FULL_ACCEPTED_OR_REJECTED,281716,562676,563432,0,0,0,1,0,0,EPOCH_CHANGED,NONE
SLAVE,DE5 [1-11.2],40,CORE,1,1789464211348,1789464211534,186,46043,1,1,0,0,FRESH,284391,568782,568782,0,0,0,0,0,0,NONE,NONE
SLAVE,DE5 [1-11.2],41,FULL,8,1789464212034,1789464213157,1123,47666,0,0,0,0,FULL_ACCEPTED_OR_REJECTED,290489,580210,580978,0,0,0,1,1,0,"EPOCH_CHANGED,ARITHMETIC_MISMATCH",NONE
SLAVE,DE5 [1-11.2],42,CORE,1,1789464213657,1789464213841,184,48350,1,1,0,0,FRESH,293163,586326,586326,0,0,0,0,0,0,NONE,NONE
SLAVE,DE5 [1-11.2],43,FULL,8,1789464214341,1789464215451,1110,49960,0,0,0,0,FULL_ACCEPTED_OR_REJECTED,299262,597756,598524,0,0,0,1,1,0,"EPOCH_CHANGED,ARITHMETIC_MISMATCH",NONE
SLAVE,DE5 [1-11.2],44,CORE,1,1789464215951,1789464216138,187,50647,1,1,0,0,FRESH,301933,603866,603866,0,0,0,0,0,0,NONE,NONE
SLAVE,DE5 [1-11.2],45,FULL,8,1789464216862,1789464217998,1136,52507,0,0,0,0,FULL_ACCEPTED_OR_REJECTED,308800,617600,618356,0,0,0,1,0,0,EPOCH_CHANGED,NONE
SLAVE,DE5 [1-11.2],46,CORE,2,1789464218499,1789464218743,244,53252,1,1,0,0,FRESH,311849,623698,623698,0,0,0,0,0,0,NONE,NONE
SLAVE,DE5 [1-11.2],47,FULL,8,1789464219243,1789464220361,1118,54870,0,0,0,0,FULL_ACCEPTED_OR_REJECTED,317951,635152,635902,0,0,0,1,1,0,"EPOCH_CHANGED,ARITHMETIC_MISMATCH",NONE
SLAVE,DE5 [1-11.2],48,CORE,1,1789464220861,1789464221056,195,55565,1,1,0,0,FRESH,320625,641250,641250,0,0,0,0,0,0,NONE,NONE
SLAVE,DE5 [1-11.2],49,FULL,8,1789464221556,1789464222663,1107,57172,0,0,0,0,FULL_ACCEPTED_OR_REJECTED,326724,652696,653448,0,0,0,1,1,0,"EPOCH_CHANGED,ARITHMETIC_MISMATCH",NONE
SLAVE,DE5 [1-11.2],50,CORE,1,1789464223163,1789464223350,187,57859,1,1,0,0,FRESH,329400,658800,658800,0,0,0,0,0,0,NONE,NONE
SLAVE,DE5 [1-11.2],51,FULL,8,1789464223850,1789464224956,1106,59465,0,0,0,0,FULL_ACCEPTED_OR_REJECTED,335497,670246,670994,0,0,0,1,1,0,"EPOCH_CHANGED,ARITHMETIC_MISMATCH",NONE
SLAVE,DE5 [1-11.2],52,CORE,1,1789464225457,1789464225645,188,60154,1,1,0,0,FRESH,338168,676336,676336,0,0,0,0,0,0,NONE,NONE
SLAVE,DE5 [1-11.2],53,FULL,8,1789464226145,1789464227254,1109,61763,0,0,0,0,FULL_ACCEPTED_OR_REJECTED,344274,687782,688548,0,0,0,1,1,0,"EPOCH_CHANGED,ARITHMETIC_MISMATCH",NONE
SLAVE,DE5 [1-11.2],54,CORE,1,1789464227754,1789464227933,179,62442,1,1,0,0,FRESH,346941,693882,693882,0,0,0,0,0,0,NONE,NONE
SLAVE,DE5 [1-11.2],55,FULL,8,1789464228433,1789464229540,1107,64049,0,0,0,0,FULL_ACCEPTED_OR_REJECTED,353047,705338,706094,0,0,0,1,0,0,EPOCH_CHANGED,NONE
SLAVE,DE5 [1-11.2],56,CORE,1,1789464230041,1789464230258,217,64767,1,1,0,0,FRESH,355718,711436,711436,0,0,0,0,0,0,NONE,NONE
SLAVE,DE5 [1-11.2],57,FULL,8,1789464230957,1789464232063,1106,66572,0,0,0,0,FULL_ACCEPTED_OR_REJECTED,362586,724398,725172,0,0,0,1,1,0,"EPOCH_CHANGED,ARITHMETIC_MISMATCH",NONE
SLAVE,DE5 [1-11.2],58,CORE,1,1789464232563,1789464232757,194,67266,1,1,0,0,FRESH,365258,730516,730516,0,0,0,0,0,0,NONE,NONE
SLAVE,DE5 [1-11.2],59,FULL,8,1789464233257,1789464234379,1122,68888,0,0,0,0,FULL_ACCEPTED_OR_REJECTED,371355,741952,743478,0,0,0,1,0,0,EPOCH_CHANGED,NONE
SLAVE,DE5 [1-11.2],60,CORE,2,1789464234879,1789464235130,251,69639,1,1,0,0,FRESH,374410,748820,748820,0,0,0,0,0,0,NONE,NONE
SLAVE,DE5 [1-11.2],61,FULL,8,1789464235630,1789464236736,1106,71245,0,0,0,0,FULL_ACCEPTED_OR_REJECTED,380509,760270,761018,0,0,0,1,0,0,EPOCH_CHANGED,NONE
SLAVE,DE5 [1-11.2],62,CORE,1,1789464237237,1789464237438,201,71947,1,1,0,0,FRESH,383186,766372,766372,0,0,0,0,0,0,NONE,NONE
SLAVE,DE5 [1-11.2],63,FULL,8,1789464237938,1789464239056,1118,73565,0,0,0,0,FULL_ACCEPTED_OR_REJECTED,389290,777806,778580,0,0,0,1,1,0,"EPOCH_CHANGED,ARITHMETIC_MISMATCH",NONE
SLAVE,DE5 [1-11.2],64,CORE,1,1789464239556,1789464239742,186,74251,1,1,0,0,FRESH,391956,783912,783912,0,0,0,0,0,0,NONE,NONE
SLAVE,DE5 [1-11.2],65,FULL,8,1789464240242,1789464241335,1093,75844,0,0,0,0,FULL_ACCEPTED_OR_REJECTED,398061,795352,796122,0,0,0,1,0,0,EPOCH_CHANGED,NONE
SLAVE,DE5 [1-11.2],66,CORE,1,1789464241836,1789464242024,188,76533,1,1,0,0,FRESH,400726,801452,801452,0,0,0,0,0,0,NONE,NONE
SLAVE,DE5 [1-11.2],67,FULL,8,1789464242525,1789464243628,1103,78137,0,0,0,0,FULL_ACCEPTED_OR_REJECTED,406835,812902,813670,0,0,0,1,0,0,EPOCH_CHANGED,NONE
SLAVE,DE5 [1-11.2],68,CORE,2,1789464244128,1789464244371,243,78880,1,1,0,0,FRESH,409503,819006,819006,0,0,0,0,0,0,NONE,NONE
SLAVE,DE5 [1-11.2],69,FULL,8,1789464245036,1789464246142,1106,80651,0,0,0,0,FULL_ACCEPTED_OR_REJECTED,416370,831972,832740,0,0,0,1,0,0,EPOCH_CHANGED,NONE
SLAVE,DE5 [1-11.2],70,CORE,1,1789464246642,1789464246830,188,81339,1,1,0,0,FRESH,419039,838078,838078,0,0,0,0,0,0,NONE,NONE
SLAVE,DE5 [1-11.2],71,FULL,8,1789464247331,1789464248451,1120,82960,0,0,0,0,FULL_ACCEPTED_OR_REJECTED,425146,849524,850292,0,0,0,1,0,0,EPOCH_CHANGED,NONE
SLAVE,DE5 [1-11.2],72,CORE,1,1789464248951,1789464249143,192,83652,1,1,0,0,FRESH,427811,855622,855622,0,0,0,0,0,0,NONE,NONE
SLAVE,DE5 [1-11.2],73,FULL,8,1789464249643,1789464250753,1110,85262,0,0,0,0,FULL_ACCEPTED_OR_REJECTED,433917,867068,867834,0,0,0,1,1,0,"EPOCH_CHANGED,ARITHMETIC_MISMATCH",NONE
SLAVE,DE5 [1-11.2],74,CORE,1,1789464251254,1789464251439,185,85948,1,1,0,0,FRESH,436587,873174,873174,0,0,0,0,0,0,NONE,NONE
SLAVE,DE5 [1-11.2],75,FULL,8,1789464251939,1789464253051,1112,87560,0,0,0,0,FULL_ACCEPTED_OR_REJECTED,442686,884616,885372,0,0,0,1,1,0,"EPOCH_CHANGED,ARITHMETIC_MISMATCH",NONE
SLAVE,DE5 [1-11.2],76,CORE,1,1789464253553,1789464253750,197,88259,1,1,0,0,FRESH,445360,890720,890720,0,0,0,0,0,0,NONE,NONE
SLAVE,DE5 [1-11.2],77,FULL,8,1789464254250,1789464255353,1103,89862,0,0,0,0,FULL_ACCEPTED_OR_REJECTED,451462,902154,902924,0,0,0,1,1,0,"EPOCH_CHANGED,ARITHMETIC_MISMATCH",NONE
SLAVE,DE5 [1-11.2],78,CORE,1,1789464255853,1789464256040,187,90549,1,1,0,0,FRESH,454136,908272,908272,0,0,0,0,0,0,NONE,NONE
SLAVE,DE5 [1-11.2],79,FULL,8,1789464256540,1789464257648,1108,92157,0,0,0,0,FULL_ACCEPTED_OR_REJECTED,460239,919704,920478,0,0,0,1,0,0,EPOCH_CHANGED,NONE
SLAVE,DE5 [1-11.2],80,CORE,1,1789464258148,1789464258337,189,92846,1,1,0,0,FRESH,462909,925818,925818,0,0,0,0,0,0,NONE,NONE
SLAVE,DE5 [1-11.2],81,FULL,8,1789464259058,1789464260163,1105,94673,0,0,0,0,FULL_ACCEPTED_OR_REJECTED,469769,938788,939538,0,0,0,1,1,0,"EPOCH_CHANGED,ARITHMETIC_MISMATCH",NONE
SLAVE,DE5 [1-11.2],82,CORE,1,1789464260665,1789464260851,186,95360,1,1,0,0,FRESH,472444,944888,944888,0,0,0,0,0,0,NONE,NONE
SLAVE,DE5 [1-11.2],83,FULL,8,1789464261352,1789464262492,1140,97001,0,0,0,0,FULL_ACCEPTED_OR_REJECTED,478540,957080,957848,0,0,0,1,0,0,EPOCH_CHANGED,NONE
SLAVE,DE5 [1-11.2],84,CORE,2,1789464262992,1789464263242,250,97751,1,1,0,0,FRESH,481600,963200,963200,0,0,0,0,0,0,NONE,NONE
SLAVE,DE5 [1-11.2],85,FULL,8,1789464263742,1789464264853,1111,99362,0,0,0,0,FULL_ACCEPTED_OR_REJECTED,487702,974630,975404,0,0,0,1,0,0,EPOCH_CHANGED,NONE
SLAVE,DE5 [1-11.2],86,CORE,1,1789464265353,1789464265540,187,100049,1,1,0,0,FRESH,490374,980748,980748,0,0,0,0,0,0,NONE,NONE
SLAVE,DE5 [1-11.2],87,FULL,8,1789464266042,1789464267175,1133,101684,0,0,0,0,FULL_ACCEPTED_OR_REJECTED,496474,992176,992948,0,0,0,1,1,0,"EPOCH_CHANGED,ARITHMETIC_MISMATCH",NONE
SLAVE,DE5 [1-11.2],88,CORE,1,1789464267676,1789464267862,186,102371,1,1,0,0,FRESH,499140,998280,998280,0,0,0,0,0,0,NONE,NONE
SLAVE,DE5 [1-11.2],89,FULL,8,1789464268362,1789464269472,1110,103981,0,0,0,0,FULL_ACCEPTED_OR_REJECTED,505243,1009736,1010486,0,0,0,1,0,0,EPOCH_CHANGED,NONE
SLAVE,DE5 [1-11.2],90,CORE,1,1789464269972,1789464270158,186,104667,1,1,0,0,FRESH,507918,1015836,1015836,0,0,0,0,0,0,NONE,NONE
SLAVE,DE5 [1-11.2],91,FULL,8,1789464270658,1789464271770,1112,106279,0,0,0,0,FULL_ACCEPTED_OR_REJECTED,514024,1027280,1028048,0,0,0,1,1,0,"EPOCH_CHANGED,ARITHMETIC_MISMATCH",NONE
SLAVE,DE5 [1-11.2],92,CORE,1,1789464272270,1789464272470,200,106979,1,1,0,0,FRESH,516687,1033374,1033374,0,0,0,0,0,0,NONE,NONE
SLAVE,DE5 [1-11.2],93,FULL,8,1789464273184,1789464274299,1115,108808,0,0,0,0,FULL_ACCEPTED_OR_REJECTED,523551,1047102,1047870,0,0,0,1,0,0,EPOCH_CHANGED,NONE
SLAVE,DE5 [1-11.2],94,CORE,2,1789464274799,1789464275044,245,109553,1,1,0,0,FRESH,526612,1053224,1053224,0,0,0,0,0,0,NONE,NONE
SLAVE,DE5 [1-11.2],95,FULL,8,1789464275544,1789464276661,1117,111170,0,0,0,0,FULL_ACCEPTED_OR_REJECTED,532712,1064654,1065424,0,0,0,1,1,0,"EPOCH_CHANGED,ARITHMETIC_MISMATCH",NONE
SLAVE,DE5 [1-11.2],96,CORE,1,1789464277161,1789464277349,188,111858,1,1,0,0,FRESH,535378,1070756,1070756,0,0,0,0,0,0,NONE,NONE
SLAVE,DE5 [1-11.2],97,FULL,8,1789464277849,1789464278959,1110,113468,0,0,0,0,FULL_ACCEPTED_OR_REJECTED,541486,1082202,1082972,0,0,0,1,1,0,"EPOCH_CHANGED,ARITHMETIC_MISMATCH",NONE
SLAVE,DE5 [1-11.2],98,CORE,1,1789464279460,1789464279646,186,114155,1,1,0,0,FRESH,544150,1088300,1088300,0,0,0,0,0,0,NONE,NONE
SLAVE,DE5 [1-11.2],99,FULL,8,1789464280146,1789464281246,1100,115755,0,0,0,0,FULL_ACCEPTED_OR_REJECTED,550258,1099748,1100516,0,0,0,1,0,0,EPOCH_CHANGED,NONE
SLAVE,DE5 [1-11.2],100,CORE,1,1789464281747,1789464281935,188,116444,1,1,0,0,FRESH,552923,1105846,1105846,0,0,0,0,0,0,NONE,NONE
SLAVE,DE5 [1-11.2],101,FULL,8,1789464282435,1789464283543,1108,118052,0,0,0,0,FULL_ACCEPTED_OR_REJECTED,559032,1117296,1118064,0,0,0,1,0,0,EPOCH_CHANGED,NONE
SLAVE,DE5 [1-11.2],102,CORE,1,1789464284064,1789464284250,186,118759,1,1,0,0,FRESH,561703,1123406,1123406,0,0,0,0,0,0,NONE,NONE
SLAVE,DE5 [1-11.2],103,FULL,8,1789464284750,1789464285871,1121,120380,0,0,0,0,FULL_ACCEPTED_OR_REJECTED,567801,1134844,1135602,0,0,0,1,1,0,"EPOCH_CHANGED,ARITHMETIC_MISMATCH",NONE
