BOARD,PROFILE,CYCLE,ATTEMPTS,ACCEPTED,PROFILE_START_MS,PROFILE_END_MS,PROFILE_DURATION_MS,OWNER_UNVERIFIED
DE5 [1-11.2],FULL,1,8,0,1789464165491,1789464166596,1105,1
DE5 [1-11.2],CORE,2,2,1,1789464167097,1789464167341,244,1
DE5 [1-11.2],FULL,3,8,0,1789464167842,1789464168947,1105,1
DE5 [1-11.2],CORE,4,1,1,1789464169447,1789464169639,192,1
DE5 [1-11.2],FULL,5,8,0,1789464170305,1789464171417,1112,1
DE5 [1-11.2],CORE,6,2,1,1789464171918,1789464172162,244,1
DE5 [1-11.2],FULL,7,8,0,1789464172663,1789464173783,1120,1
DE5 [1-11.2],CORE,8,2,1,1789464174284,1789464174531,247,1
DE5 [1-11.2],FULL,9,8,0,1789464175031,1789464176133,1102,1
DE5 [1-11.2],CORE,10,1,1,1789464176633,1789464176821,188,1
DE5 [1-11.2],FULL,11,8,0,1789464177321,1789464178423,1102,1
DE5 [1-11.2],CORE,12,2,1,1789464178923,1789464179169,246,1
DE5 [1-11.2],FULL,13,8,0,1789464179669,1789464180767,1098,1
DE5 [1-11.2],CORE,14,1,1,1789464181267,1789464181453,186,1
DE5 [1-11.2],FULL,15,8,0,1789464181954,1789464183054,1100,1
DE5 [1-11.2],CORE,16,1,1,1789464183554,1789464183740,186,1
DE5 [1-11.2],FULL,17,8,0,1789464184240,1789464185350,1110,1
DE5 [1-11.2],CORE,18,1,1,1789464185850,1789464186033,183,1
DE5 [1-11.2],FULL,19,8,0,1789464186534,1789464187641,1107,1
DE5 [1-11.2],CORE,20,1,1,1789464188141,1789464188329,188,1
DE5 [1-11.2],FULL,21,8,0,1789464188829,1789464189939,1110,1
DE5 [1-11.2],CORE,22,1,1,1789464190442,1789464190627,185,1
DE5 [1-11.2],FULL,23,8,0,1789464191127,1789464192240,1113,1
DE5 [1-11.2],CORE,24,1,1,1789464192740,1789464192927,187,1
DE5 [1-11.2],FULL,25,8,0,1789464193427,1789464194535,1108,1
DE5 [1-11.2],CORE,26,1,1,1789464195035,1789464195221,186,1
DE5 [1-11.2],FULL,27,8,0,1789464195721,1789464196839,1118,1
DE5 [1-11.2],CORE,28,1,1,1789464197339,1789464197527,188,1
DE5 [1-11.2],FULL,29,8,0,1789464198027,1789464199128,1101,1
DE5 [1-11.2],CORE,30,3,1,1789464199628,1789464199928,300,1
DE5 [1-11.2],FULL,31,8,0,1789464200428,1789464201548,1120,1
DE5 [1-11.2],CORE,32,1,1,1789464202050,1789464202241,191,1
DE5 [1-11.2],FULL,33,8,0,1789464202830,1789464203941,1111,1
DE5 [1-11.2],CORE,34,1,1,1789464204441,1789464204645,204,1
DE5 [1-11.2],FULL,35,8,0,1789464205145,1789464206262,1117,1
DE5 [1-11.2],CORE,36,1,1,1789464206762,1789464206951,189,1
DE5 [1-11.2],FULL,37,8,0,1789464207451,1789464208560,1109,1
DE5 [1-11.2],CORE,38,1,1,1789464209060,1789464209248,188,1
DE5 [1-11.2],FULL,39,8,0,1789464209748,1789464210848,1100,1
DE5 [1-11.2],CORE,40,1,1,1789464211348,1789464211534,186,1
DE5 [1-11.2],FULL,41,8,0,1789464212034,1789464213157,1123,1
DE5 [1-11.2],CORE,42,1,1,1789464213657,1789464213841,184,1
DE5 [1-11.2],FULL,43,8,0,1789464214341,1789464215451,1110,1
DE5 [1-11.2],CORE,44,1,1,1789464215951,1789464216138,187,1
DE5 [1-11.2],FULL,45,8,0,1789464216862,1789464217998,1136,1
DE5 [1-11.2],CORE,46,2,1,1789464218499,1789464218743,244,1
DE5 [1-11.2],FULL,47,8,0,1789464219243,1789464220361,1118,1
DE5 [1-11.2],CORE,48,1,1,1789464220861,1789464221056,195,1
DE5 [1-11.2],FULL,49,8,0,1789464221556,1789464222663,1107,1
DE5 [1-11.2],CORE,50,1,1,1789464223163,1789464223350,187,1
DE5 [1-11.2],FULL,51,8,0,1789464223850,1789464224956,1106,1
DE5 [1-11.2],CORE,52,1,1,1789464225457,1789464225645,188,1
DE5 [1-11.2],FULL,53,8,0,1789464226145,1789464227254,1109,1
DE5 [1-11.2],CORE,54,1,1,1789464227754,1789464227933,179,1
DE5 [1-11.2],FULL,55,8,0,1789464228433,1789464229540,1107,1
DE5 [1-11.2],CORE,56,1,1,1789464230041,1789464230258,217,1
DE5 [1-11.2],FULL,57,8,0,1789464230957,1789464232063,1106,1
DE5 [1-11.2],CORE,58,1,1,1789464232563,1789464232757,194,1
DE5 [1-11.2],FULL,59,8,0,1789464233257,1789464234379,1122,1
DE5 [1-11.2],CORE,60,2,1,1789464234879,1789464235130,251,1
DE5 [1-11.2],FULL,61,8,0,1789464235630,1789464236736,1106,1
DE5 [1-11.2],CORE,62,1,1,1789464237237,1789464237438,201,1
DE5 [1-11.2],FULL,63,8,0,1789464237938,1789464239056,1118,1
DE5 [1-11.2],CORE,64,1,1,1789464239556,1789464239742,186,1
DE5 [1-11.2],FULL,65,8,0,1789464240242,1789464241335,1093,1
DE5 [1-11.2],CORE,66,1,1,1789464241836,1789464242024,188,1
DE5 [1-11.2],FULL,67,8,0,1789464242525,1789464243628,1103,1
DE5 [1-11.2],CORE,68,2,1,1789464244128,1789464244371,243,1
DE5 [1-11.2],FULL,69,8,0,1789464245036,1789464246142,1106,1
DE5 [1-11.2],CORE,70,1,1,1789464246642,1789464246830,188,1
DE5 [1-11.2],FULL,71,8,0,1789464247331,1789464248451,1120,1
DE5 [1-11.2],CORE,72,1,1,1789464248951,1789464249143,192,1
DE5 [1-11.2],FULL,73,8,0,1789464249643,1789464250753,1110,1
DE5 [1-11.2],CORE,74,1,1,1789464251254,1789464251439,185,1
DE5 [1-11.2],FULL,75,8,0,1789464251939,1789464253051,1112,1
DE5 [1-11.2],CORE,76,1,1,1789464253553,1789464253750,197,1
DE5 [1-11.2],FULL,77,8,0,1789464254250,1789464255353,1103,1
DE5 [1-11.2],CORE,78,1,1,1789464255853,1789464256040,187,1
DE5 [1-11.2],FULL,79,8,0,1789464256540,1789464257648,1108,1
DE5 [1-11.2],CORE,80,1,1,1789464258148,1789464258337,189,1
DE5 [1-11.2],FULL,81,8,0,1789464259058,1789464260163,1105,1
DE5 [1-11.2],CORE,82,1,1,1789464260665,1789464260851,186,1
DE5 [1-11.2],FULL,83,8,0,1789464261352,1789464262492,1140,1
DE5 [1-11.2],CORE,84,2,1,1789464262992,1789464263242,250,1
DE5 [1-11.2],FULL,85,8,0,1789464263742,1789464264853,1111,1
DE5 [1-11.2],CORE,86,1,1,1789464265353,1789464265540,187,1
DE5 [1-11.2],FULL,87,8,0,1789464266042,1789464267175,1133,1
DE5 [1-11.2],CORE,88,1,1,1789464267676,1789464267862,186,1
DE5 [1-11.2],FULL,89,8,0,1789464268362,1789464269472,1110,1
DE5 [1-11.2],CORE,90,1,1,1789464269972,1789464270158,186,1
DE5 [1-11.2],FULL,91,8,0,1789464270658,1789464271770,1112,1
DE5 [1-11.2],CORE,92,1,1,1789464272270,1789464272470,200,1
DE5 [1-11.2],FULL,93,8,0,1789464273184,1789464274299,1115,1
DE5 [1-11.2],CORE,94,2,1,1789464274799,1789464275044,245,1
DE5 [1-11.2],FULL,95,8,0,1789464275544,1789464276661,1117,1
DE5 [1-11.2],CORE,96,1,1,1789464277161,1789464277349,188,1
DE5 [1-11.2],FULL,97,8,0,1789464277849,1789464278959,1110,1
DE5 [1-11.2],CORE,98,1,1,1789464279460,1789464279646,186,1
DE5 [1-11.2],FULL,99,8,0,1789464280146,1789464281246,1100,1
DE5 [1-11.2],CORE,100,1,1,1789464281747,1789464281935,188,1
DE5 [1-11.2],FULL,101,8,0,1789464282435,1789464283543,1108,1
DE5 [1-11.2],CORE,102,1,1,1789464284064,1789464284250,186,1
DE5 [1-11.2],FULL,103,8,0,1789464284750,1789464285871,1121,1
