role,board,sample,elapsed_ms,read_start_ms,read_end_ms,transport_valid,core_frame_valid,role_identity_valid,phy_link_usable,boot_generation,cpu_reset_count,wr_core_reset_count,si_config_drop_count,reset_stable,ptp_state,pd_state,ext_state,wr_state,wr_disable_valid,wr_failure_reason,main_core_valid,main_trace_valid,main_detector_valid,main_detector_stable,main_enabled,main_freq_locked,main_phase_locked,main_phase_input_domain,main_phase_inband,main_pi_x,main_phase_threshold,main_sample_n,main_sample_n_delta,main_sample_n_delta_ambiguous,main_sample_n_advanced,producer_fresh_vs_previous,main_publication_epoch,publication_coherent,helper_measurement_ok,helper_locked,helper_error,helper_output,helper_target_code,helper_applied_code,helper_residual_present,helper_measurement_residual_present,position_ok,l2_valid,l2_main_pending,l2_helper_pending,l2_main_pending_count,l2_helper_pending_count,l2_main_start_count,l2_helper_start_count,l2_main_completed_count,l2_helper_completed_count,l2_main_failed_count,l2_helper_failed_count,acquisition_diagnostic_allowed,entry_class,stop_reason,gap_ms,same_reset_as_previous
SLAVE,DE5 [1-11.2],1,0,1789459039651,1789459041399,1,1,1,1,1,1,0,0,1,8,3,1,2,0,0,1,1,1,1,1,1,0,PHASE,0,2154,1200,93944,,0,0,0,488,1,0,1,,,54259,54277,1,,1,1,1,0,20021,3388,17615,7396,17614,7396,0,0,1,ELIGIBLE,NONE,,0
SLAVE,DE5 [1-11.2],2,5126,1789459044775,1789459046514,1,1,1,1,1,1,0,0,1,8,3,1,2,0,0,1,1,1,1,1,1,0,PHASE,0,-7123,1200,115617,21673,0,1,1,494,1,0,1,,,54383,54405,1,,1,1,1,0,23916,3388,21211,7840,21211,7840,0,0,1,ELIGIBLE,NONE,5126,1
SLAVE,DE5 [1-11.2],3,7371,1789459047020,1789459048810,1,1,1,1,1,1,0,0,1,8,3,1,2,0,0,1,1,1,1,1,1,0,PHASE,0,-4287,1200,122852,7235,0,1,1,496,1,0,1,,,,,,,0,1,1,0,25645,3388,22822,8079,22822,8079,0,0,1,ELIGIBLE,NONE,2245,1
SLAVE,DE5 [1-11.2],4,11112,1789459050761,1789459052505,1,1,1,1,1,1,0,0,1,8,3,1,2,0,0,1,1,1,1,1,1,0,PHASE,0,7641,1200,137296,14444,0,1,1,500,1,0,1,,,54561,54533,1,,1,1,1,0,28374,3388,25293,8526,25293,8526,0,0,1,ELIGIBLE,NONE,3741,1
SLAVE,DE5 [1-11.2],5,13361,1789459053010,1789459054748,1,1,1,1,1,1,0,0,1,8,3,1,2,0,0,1,1,1,1,1,1,0,PHASE,0,-3479,1200,144530,7234,0,1,1,502,1,0,1,,,54584,54597,1,,1,1,1,0,30097,3388,26891,8683,26890,8683,0,0,1,ELIGIBLE,NONE,2249,1
SLAVE,DE5 [1-11.2],6,17112,1789459056761,1789459058500,1,1,1,1,1,1,0,0,1,8,3,1,2,0,0,1,1,1,1,1,1,0,PHASE,0,-1491,1200,158978,14448,0,1,1,506,1,0,1,,,54767,54789,1,,1,1,1,0,33028,3388,29660,8906,29660,8906,0,0,1,ELIGIBLE,NONE,3751,1
SLAVE,DE5 [1-11.2],7,19356,1789459059005,1789459060758,1,1,1,1,1,1,0,0,1,8,3,1,2,0,0,1,1,1,0,1,1,0,PHASE,1,-860,1200,166206,7228,0,1,1,508,1,0,1,,,,,,,0,1,1,0,34795,3388,31332,9056,31331,9056,0,0,1,ELIGIBLE,NONE,2244,1
SLAVE,DE5 [1-11.2],8,22828,1789459062477,1789459064213,1,1,1,1,1,1,0,0,1,8,3,1,2,0,0,1,1,1,1,1,1,0,PHASE,0,5128,1200,180663,14457,0,1,1,512,1,0,1,,,55010,55045,1,,1,1,1,0,37473,3388,33827,9319,33827,9319,0,0,1,ELIGIBLE,NONE,3472,1
SLAVE,DE5 [1-11.2],9,25068,1789459064717,1789459066481,1,1,1,1,1,1,0,0,1,8,3,1,2,0,0,1,1,1,1,1,1,0,PHASE,0,-4071,1200,187891,7228,0,1,1,514,1,0,1,,,55108,55109,1,,1,1,1,0,39218,3388,35451,9521,35451,9521,0,0,1,ELIGIBLE,NONE,2240,1
SLAVE,DE5 [1-11.2],10,28518,1789459068167,1789459069941,1,1,1,1,1,1,0,0,1,8,3,1,2,0,0,1,1,1,1,1,1,0,PHASE,0,6458,1200,202344,14453,0,1,1,518,1,0,1,,,,,,,0,1,1,0,41895,3388,37991,9722,37990,9722,0,0,1,ELIGIBLE,NONE,3450,1
SLAVE,DE5 [1-11.2],11,30797,1789459070446,1789459072238,1,1,1,1,1,1,0,0,1,8,3,1,2,0,0,1,1,1,1,1,1,0,PHASE,0,-2566,1200,209564,7220,0,1,1,520,1,0,1,,,,,,,0,1,1,0,43604,3388,39560,9980,39559,9980,0,0,1,ELIGIBLE,NONE,2279,1
SLAVE,DE5 [1-11.2],12,34810,1789459074459,1789459076179,1,1,1,1,1,1,0,0,1,8,3,1,2,0,0,1,1,1,1,1,1,0,PHASE,1,-39,1200,224019,14455,0,1,1,524,1,0,1,,,55251,55237,1,,1,1,1,0,46599,3388,42365,10321,42365,10321,0,0,1,ELIGIBLE,NONE,4013,1
SLAVE,DE5 [1-11.2],13,37035,1789459076684,1789459078453,1,1,1,1,1,1,0,0,1,8,3,1,2,0,0,1,1,1,1,1,1,0,PHASE,0,-5037,1200,238473,14454,0,1,1,528,1,0,1,,,55271,55301,1,,1,1,1,0,48270,3388,43861,10570,43860,10570,0,0,1,ELIGIBLE,NONE,2225,1
SLAVE,DE5 [1-11.2],14,41313,1789459080962,1789459082718,1,1,1,1,1,1,0,0,1,8,3,1,2,0,0,1,1,1,1,1,1,0,PHASE,0,3490,1200,252926,14453,0,1,1,532,1,0,1,,,55644,55621,1,,1,1,1,0,51639,3388,47050,10817,47050,10817,0,0,1,ELIGIBLE,NONE,4278,1
SLAVE,DE5 [1-11.2],15,43573,1789459083222,1789459084995,1,1,1,1,1,1,0,0,1,8,3,1,2,0,0,1,1,1,1,1,1,0,PHASE,0,3891,1200,260157,7231,0,1,1,534,1,0,1,,,55687,55685,1,,1,1,1,0,53339,3388,48619,11026,48619,11026,0,0,1,ELIGIBLE,NONE,2260,1
SLAVE,DE5 [1-11.2],16,47615,1789459087264,1789459089027,1,1,1,1,1,1,0,0,1,8,3,1,2,0,0,1,1,1,1,1,1,0,PHASE,0,-5815,1200,274609,14452,0,1,1,538,1,0,1,,,,,,,0,1,1,0,56417,3388,51447,11448,51447,11448,0,0,1,ELIGIBLE,NONE,4042,1
SLAVE,DE5 [1-11.2],17,49882,1789459089531,1789459091327,1,1,1,1,1,1,0,0,1,8,3,1,2,0,0,1,1,1,1,1,1,0,PHASE,0,-3484,1200,281831,7222,0,1,1,540,1,0,1,,,,,,,0,1,1,0,58148,3388,53045,11642,53045,11642,0,0,1,ELIGIBLE,NONE,2267,1
SLAVE,DE5 [1-11.2],18,53635,1789459093284,1789459095010,1,1,1,1,1,1,0,0,1,8,3,1,2,0,0,1,1,1,1,1,1,0,PHASE,0,7000,1200,296286,14455,0,1,1,544,1,0,1,,,55790,55813,1,,1,1,0,0,60983,3388,55715,11930,55715,11930,0,0,1,ELIGIBLE,NONE,3753,1
SLAVE,DE5 [1-11.2],19,55865,1789459095514,1789459097530,1,1,1,1,1,1,0,0,1,8,3,1,2,0,0,1,1,1,0,1,1,0,PHASE,0,3091,1200,310738,14452,0,1,1,548,1,0,1,,,55791,55813,1,,1,1,1,0,62895,3388,57446,12176,57446,12176,0,0,1,ELIGIBLE,NONE,2230,1
SLAVE,DE5 [1-11.2],20,61219,1789459100868,1789459102601,1,1,1,1,1,1,0,0,1,8,3,1,2,0,0,1,1,1,1,1,1,0,PHASE,0,-1828,1200,325195,14457,0,1,1,552,1,0,1,,,56094,56069,1,,1,1,1,0,66818,3388,61165,12506,61165,12506,0,0,1,ELIGIBLE,NONE,5354,1
SLAVE,DE5 [1-11.2],21,63456,1789459103105,1789459104869,1,1,1,1,1,1,0,0,1,8,3,1,2,0,0,1,1,1,0,1,1,0,PHASE,0,6047,1200,332425,7230,0,1,1,554,1,0,1,,,,,,,0,1,1,0,68538,3388,62750,12701,62749,12701,0,0,1,ELIGIBLE,NONE,2237,1
SLAVE,DE5 [1-11.2],22,66915,1789459106564,1789459108354,0,1,1,1,1,1,0,0,1,8,3,1,2,0,0,1,1,1,0,1,1,0,PHASE,0,6188,1200,346879,14454,0,1,1,558,1,0,1,,,56093,56069,1,,1,1,1,0,71200,3388,65236,13018,65236,13018,0,0,1,ELIGIBLE,NONE,3459,1
SLAVE,DE5 [1-11.2],23,69209,1789459108858,1789459110886,1,1,1,1,1,1,0,0,1,8,3,1,2,0,0,1,1,1,1,1,1,0,PHASE,1,-880,1200,361326,14447,0,1,1,562,1,0,1,,,56138,56133,1,,1,1,1,0,73106,3388,66962,13301,66962,13301,0,0,1,ELIGIBLE,NONE,2294,1
SLAVE,DE5 [1-11.2],24,72922,1789459112571,1789459114278,1,1,1,1,1,1,0,0,1,8,3,1,2,0,0,1,1,1,1,1,1,0,PHASE,0,6422,1200,368552,7226,0,1,1,564,1,0,1,,,56265,56261,1,,1,1,0,0,75711,3388,69372,13603,69371,13603,0,0,1,ELIGIBLE,NONE,3713,1
SLAVE,DE5 [1-11.2],25,75134,1789459114783,1789459116581,1,1,1,1,1,1,0,0,1,8,3,1,2,0,0,1,1,1,1,1,1,0,PHASE,0,7516,1200,383012,14460,0,1,1,568,1,0,1,,,,,,,0,1,0,0,77485,3388,71026,13777,71025,13777,0,0,1,ELIGIBLE,NONE,2212,1
SLAVE,DE5 [1-11.2],26,78918,1789459118567,1789459120364,1,1,1,1,1,1,0,0,1,8,3,1,2,0,0,1,1,1,0,1,1,0,PHASE,0,3842,1200,397464,14452,0,1,1,572,1,0,1,,,56383,56389,1,,1,1,1,0,80313,3388,73566,14199,73566,14199,0,0,1,ELIGIBLE,NONE,3784,1
SLAVE,DE5 [1-11.2],27,81219,1789459120868,1789459122565,1,1,1,1,1,1,0,0,1,8,3,1,2,0,0,1,1,1,1,1,1,0,PHASE,0,-1989,1200,404691,7227,0,1,1,574,1,0,1,,,56122,56133,1,,1,1,1,0,82028,3388,75184,14355,75184,14355,0,0,1,ELIGIBLE,NONE,2301,1
SLAVE,DE5 [1-11.2],28,84615,1789459124264,1789459125999,1,1,1,1,1,1,0,0,1,8,3,1,2,0,0,1,1,1,1,1,1,0,PHASE,0,-6614,1200,419139,14448,0,1,1,578,1,0,1,,,,,,,0,1,1,0,84729,3388,77740,14568,77739,14568,0,0,1,ELIGIBLE,NONE,3396,1
SLAVE,DE5 [1-11.2],29,86854,1789459126503,1789459128272,1,1,1,1,1,1,0,0,1,8,3,1,2,0,0,1,1,1,0,1,0,0,FREQUENCY,,2665,1200,426371,7232,0,1,1,580,1,0,1,,,,,,,0,1,1,0,86474,3388,79365,14726,79364,14726,0,0,0,MAIN_FREQUENCY_NOT_LOCKED,NONE,2239,1
SLAVE,DE5 [1-11.2],30,91118,1789459130767,1789459132526,1,1,1,1,1,1,0,0,1,8,3,1,2,0,0,1,1,1,1,1,1,0,PHASE,0,3373,1200,440819,14448,0,1,1,584,1,0,1,,,,,,,0,1,1,0,89796,3388,82497,15020,82497,15020,0,0,1,ELIGIBLE,NONE,4264,1
SLAVE,DE5 [1-11.2],31,93383,1789459133032,1789459134747,1,1,1,1,1,1,0,0,1,8,3,1,2,0,0,1,1,1,0,1,1,0,PHASE,0,-6614,1200,448045,7226,0,1,1,586,1,0,1,,,56570,56581,1,,1,1,1,0,91442,3388,84004,15252,84003,15252,0,0,1,ELIGIBLE,NONE,2265,1
SLAVE,DE5 [1-11.2],32,96810,1789459136459,1789459138214,1,1,1,1,1,1,0,0,1,8,3,1,2,0,0,1,1,1,1,1,1,0,PHASE,0,-6048,1200,462506,14461,0,1,1,590,1,0,1,,,56520,56517,1,,1,1,1,0,94117,3388,86516,15525,86515,15525,0,0,1,ELIGIBLE,NONE,3427,1
SLAVE,DE5 [1-11.2],33,99068,1789459138717,1789459140477,1,1,1,1,1,1,0,0,1,8,3,1,2,0,0,1,1,1,1,1,1,0,PHASE,1,-4,1200,469729,7223,0,1,1,592,1,0,1,,,56507,56517,1,,1,1,1,0,95895,3388,88205,15663,88205,15663,0,0,1,ELIGIBLE,NONE,2258,1
SLAVE,DE5 [1-11.2],34,102811,1789459142460,1789459144243,1,1,1,1,1,1,0,0,1,8,3,1,2,0,0,1,1,1,1,1,1,0,PHASE,0,-1339,1200,484184,14455,0,1,1,596,1,0,1,,,56552,56581,1,,1,1,0,0,98799,3388,90945,15896,90945,15896,0,0,1,ELIGIBLE,NONE,3743,1
SLAVE,DE5 [1-11.2],35,105098,1789459144747,1789459146524,1,1,1,1,1,1,0,0,1,8,3,1,2,0,0,1,1,1,1,1,1,0,PHASE,0,1213,1200,491410,7226,0,1,1,598,1,0,1,,,,,,,0,1,1,0,100541,3388,92566,16067,92565,16067,0,0,1,ELIGIBLE,NONE,2287,1
SLAVE,DE5 [1-11.2],36,109132,1789459148781,1789459150579,1,1,1,1,1,1,0,0,1,8,3,1,2,0,0,1,1,1,1,1,1,0,PHASE,0,-4077,1200,513089,21679,0,1,1,604,1,0,1,,,56794,56773,1,,1,1,1,0,103678,3388,95502,16397,95501,16397,0,0,1,ELIGIBLE,NONE,4034,1
SLAVE,DE5 [1-11.2],37,111435,1789459151084,1789459152835,1,1,1,1,1,1,0,0,1,8,3,1,2,0,0,1,1,1,0,1,1,0,PHASE,0,-6958,1200,520312,7223,0,1,1,606,1,0,1,,,56873,56901,1,,1,1,0,0,105399,3388,97114,16529,97114,16529,0,0,1,ELIGIBLE,NONE,2303,1
SLAVE,DE5 [1-11.2],38,115438,1789459155087,1789459156865,1,1,1,1,1,1,0,0,1,8,3,1,2,0,0,1,1,1,1,1,0,0,FREQUENCY,,-1380,1200,534770,14458,0,1,1,610,1,0,1,,,56893,56901,1,,1,1,1,0,108576,3388,100114,16749,100114,16749,0,0,0,MAIN_FREQUENCY_NOT_LOCKED,NONE,4003,1
SLAVE,DE5 [1-11.2],39,117720,1789459157369,1789459159146,1,1,1,1,1,1,0,0,1,8,3,1,2,0,0,1,1,1,1,1,1,0,PHASE,0,2240,1200,541997,7227,0,1,1,612,1,0,1,,,57098,57093,1,,1,1,1,0,110353,3388,101766,16934,101766,16934,0,0,1,ELIGIBLE,NONE,2282,1
MASTER,DE5 [1-11.1],1,1755,1789459041404,1789459044772,1,1,1,1,1,1,0,0,1,6,3,1,3,0,0,1,1,1,1,0,0,0,FREQUENCY,,0,1200,0,,0,0,0,1392,1,0,0,,,,,,,0,1,0,0,0,0,0,1929,0,1929,0,0,0,MASTER_BACKGROUND,NONE,,0
MASTER,DE5 [1-11.1],2,9165,1789459048814,1789459050758,1,1,1,1,1,1,0,0,1,6,3,1,3,0,0,1,1,1,1,0,0,0,FREQUENCY,,0,1200,0,0,0,0,0,1512,1,0,0,,,,,,,0,1,0,0,0,0,0,1929,0,1929,0,0,0,MASTER_BACKGROUND,NONE,7410,1
MASTER,DE5 [1-11.1],3,15103,1789459054752,1789459056758,1,1,1,1,1,1,0,0,1,6,3,1,3,0,0,1,1,1,1,0,0,0,FREQUENCY,,0,1200,0,0,0,0,0,1632,1,0,0,,,,,,,0,1,0,0,0,0,0,1929,0,1929,0,0,0,MASTER_BACKGROUND,NONE,5938,1
MASTER,DE5 [1-11.1],4,21114,1789459060763,1789459062474,1,1,1,1,1,1,0,0,1,6,3,1,3,0,0,1,1,1,1,0,0,0,FREQUENCY,,0,1200,0,0,0,0,0,1746,1,0,0,,,,,,,0,1,0,0,0,0,0,1929,0,1929,0,0,0,MASTER_BACKGROUND,NONE,6011,1
MASTER,DE5 [1-11.1],5,26836,1789459066485,1789459068164,1,1,1,1,1,1,0,0,1,6,3,1,3,0,0,1,1,1,1,0,0,0,FREQUENCY,,0,1200,0,0,0,0,0,1860,1,0,0,,,,,,,0,1,0,0,0,0,0,1929,0,1929,0,0,0,MASTER_BACKGROUND,NONE,5722,1
MASTER,DE5 [1-11.1],6,32593,1789459072242,1789459074456,1,1,1,1,1,1,0,0,1,6,3,1,3,0,0,1,1,1,1,0,0,0,FREQUENCY,,0,1200,0,0,0,0,0,1986,1,0,0,,,,,,,0,1,0,0,0,0,0,1929,0,1929,0,0,0,MASTER_BACKGROUND,NONE,5757,1
MASTER,DE5 [1-11.1],7,38808,1789459078457,1789459080959,1,1,1,1,1,1,0,0,1,6,3,1,3,0,0,1,1,1,1,0,0,0,FREQUENCY,,0,1200,0,0,0,0,0,2116,1,0,0,,,,,,,0,1,0,0,0,0,0,1929,0,1929,0,0,0,MASTER_BACKGROUND,NONE,6215,1
MASTER,DE5 [1-11.1],8,45350,1789459084999,1789459087262,1,1,1,1,1,1,0,0,1,6,3,1,3,0,0,1,1,1,1,0,0,0,FREQUENCY,,0,1200,0,0,0,0,0,2242,1,0,0,,,,,,,0,1,0,0,0,0,0,1929,0,1929,0,0,0,MASTER_BACKGROUND,NONE,6542,1
MASTER,DE5 [1-11.1],9,51682,1789459091331,1789459093281,0,1,1,1,1,1,0,0,1,6,3,1,3,0,0,1,1,1,1,0,0,0,FREQUENCY,,0,1200,0,0,0,0,0,2362,1,0,0,,,,,,,0,1,0,0,0,0,0,1929,0,1929,0,0,0,MASTER_BACKGROUND,NONE,6332,1
MASTER,DE5 [1-11.1],10,57885,1789459097534,1789459100865,1,1,1,1,1,1,0,0,1,6,3,1,3,0,0,1,1,1,1,0,0,0,FREQUENCY,,0,1200,0,0,0,0,0,2514,1,0,0,,,,,,,0,1,0,0,0,0,0,1929,0,1929,0,0,0,MASTER_BACKGROUND,NONE,6203,1
MASTER,DE5 [1-11.1],11,65224,1789459104873,1789459106561,1,1,1,1,1,1,0,0,1,6,3,1,3,0,0,1,1,1,1,0,0,0,FREQUENCY,,0,1200,0,0,0,0,0,2628,1,0,0,,,,,,,0,1,0,0,0,0,0,1929,0,1929,0,0,0,MASTER_BACKGROUND,NONE,7339,1
MASTER,DE5 [1-11.1],12,71241,1789459110890,1789459112568,1,1,1,1,1,1,0,0,1,6,3,1,3,0,0,1,1,1,1,0,0,0,FREQUENCY,,0,1200,0,0,0,0,0,2748,1,0,0,,,,,,,0,1,0,0,0,0,0,1929,0,1929,0,0,0,MASTER_BACKGROUND,NONE,6017,1
MASTER,DE5 [1-11.1],13,76936,1789459116585,1789459118564,1,1,1,1,1,1,0,0,1,6,3,1,3,0,0,1,1,1,1,0,0,0,FREQUENCY,,0,1200,0,0,0,0,0,2868,1,0,0,,,,,,,0,1,0,0,0,0,0,1929,0,1929,0,0,0,MASTER_BACKGROUND,NONE,5695,1
MASTER,DE5 [1-11.1],14,82920,1789459122569,1789459124261,1,1,1,1,1,1,0,0,1,6,3,1,3,0,0,1,1,1,1,0,0,0,FREQUENCY,,0,1200,0,0,0,0,0,2982,1,0,0,,,,,,,0,1,0,0,0,0,0,1929,0,1929,0,0,0,MASTER_BACKGROUND,NONE,5984,1
MASTER,DE5 [1-11.1],15,88627,1789459128276,1789459130764,1,1,1,1,1,1,0,0,1,6,3,1,3,0,0,1,1,1,1,0,0,0,FREQUENCY,,0,1200,0,0,0,0,0,3112,1,0,0,,,,,,,0,1,0,0,0,0,0,1929,0,1929,0,0,0,MASTER_BACKGROUND,NONE,5707,1
MASTER,DE5 [1-11.1],16,95102,1789459134751,1789459136456,1,1,1,1,1,1,0,0,1,6,3,1,3,0,0,1,1,1,1,0,0,0,FREQUENCY,,0,1200,0,0,0,0,0,3226,1,0,0,,,,,,,0,1,0,0,0,0,0,1929,0,1929,0,0,0,MASTER_BACKGROUND,NONE,6475,1
MASTER,DE5 [1-11.1],17,100832,1789459140481,1789459142457,1,1,1,1,1,1,0,0,1,6,3,1,3,0,0,1,1,1,1,0,0,0,FREQUENCY,,0,1200,0,0,0,0,0,3346,1,0,0,,,,,,,0,1,0,0,0,0,0,1929,0,1929,0,0,0,MASTER_BACKGROUND,NONE,5730,1
MASTER,DE5 [1-11.1],18,106879,1789459146528,1789459148778,1,1,1,1,1,1,0,0,1,6,3,1,3,0,0,1,1,1,1,0,0,0,FREQUENCY,,0,1200,0,0,0,0,0,3472,1,0,0,,,,,,,0,1,0,0,0,0,0,1929,0,1929,0,0,0,MASTER_BACKGROUND,NONE,6047,1
MASTER,DE5 [1-11.1],19,113190,1789459152839,1789459155084,1,1,1,1,1,1,0,0,1,6,3,1,3,0,0,1,1,1,1,0,0,0,FREQUENCY,,0,1200,0,0,0,0,0,3598,1,0,0,,,,,,,0,1,0,0,0,0,0,1929,0,1929,0,0,0,MASTER_BACKGROUND,NONE,6311,1
MASTER,DE5 [1-11.1],20,119501,1789459159150,1789459161660,1,1,1,1,1,1,0,0,1,6,3,1,3,0,0,1,1,1,1,0,0,0,FREQUENCY,,0,1200,0,0,0,0,0,3730,1,0,0,,,,,,,0,1,0,0,0,0,0,1929,0,1929,0,0,0,MASTER_BACKGROUND,NONE,6311,1
