role,board,sample,timestamp_ms,core_frame_valid,frame_valid,boot_generation,cpu_reset_count,wr_core_reset_count,si_config_reset_count,wrc_mode,ptp_state,ptp_state_name,pd_state,ext_state,parent_is_wrnode,parent_mode_on,parent_calibrated,wr_state_value,wr_state_name,wr_failure_low16,wr_failure_reason,wr_failure_reason_name,wr_disable_valid,wr_disable_cause,terminal_state,terminal_history_valid,terminal_candidate,terminal_streak,reported_terminal_streak,upstream_full_pass,upstream_pass_streak,reported_upstream_pass_streak,adjacent_same_generation,timestamp_gap_ms,f4d_generation_changed,f4d_reset_changed,f4d_stop_reason,f4d_stop_role,ptp_rx_count,ptp_tx_count,wr_rx_signal,wr_tx_signal
MASTER,DE5 [1-11.1],1,895,1,1,1,1,1,1,2(MASTER),6,6(MASTER),3,1,0,0,0,3,WRS_M_LOCK,0,0,,0,0,ACTIVE,0,0,0,0,0,0,0,0,,0,0,NONE,NONE,18,000000C8,"10000001(id=4096:SLAVE_PRESENT,count=1)","10010001(id=4097:LOCK,count=1)"
MASTER,DE5 [1-11.1],2,3400,1,1,1,1,1,1,2(MASTER),6,6(MASTER),3,1,0,0,0,3,WRS_M_LOCK,0,0,,0,0,ACTIVE,0,0,0,0,0,0,0,0,2505,0,0,NONE,NONE,0000001C,000000D3,"10000001(id=4096:SLAVE_PRESENT,count=1)","10010001(id=4097:LOCK,count=1)"
MASTER,DE5 [1-11.1],3,5915,1,1,1,1,1,1,2(MASTER),6,6(MASTER),3,1,0,0,0,3,WRS_M_LOCK,0,0,,0,0,ACTIVE,0,0,0,0,0,0,0,0,2515,0,0,NONE,NONE,23,0.0,"10000001(id=4096:SLAVE_PRESENT,count=1)","10010001(id=4097:LOCK,count=1)"
MASTER,DE5 [1-11.1],4,8458,1,1,1,1,1,1,2(MASTER),6,6(MASTER),3,1,0,0,0,3,WRS_M_LOCK,0,0,,0,0,ACTIVE,0,0,0,0,0,0,0,0,2543,0,0,NONE,NONE,28,000000EC,"10000001(id=4096:SLAVE_PRESENT,count=1)","10010001(id=4097:LOCK,count=1)"
MASTER,DE5 [1-11.1],5,10967,1,1,1,1,1,1,2(MASTER),6,6(MASTER),3,1,0,0,0,3,WRS_M_LOCK,0,0,,0,0,ACTIVE,0,0,0,0,0,0,0,0,2509,0,0,NONE,NONE,0000002D,000000F6,"10000001(id=4096:SLAVE_PRESENT,count=1)","10010001(id=4097:LOCK,count=1)"
MASTER,DE5 [1-11.1],6,13496,1,1,1,1,1,1,2(MASTER),6,6(MASTER),3,1,0,0,0,3,WRS_M_LOCK,0,0,,0,0,ACTIVE,0,0,0,0,0,0,0,0,2529,0,0,NONE,NONE,32,103,"10000001(id=4096:SLAVE_PRESENT,count=1)","10010001(id=4097:LOCK,count=1)"
MASTER,DE5 [1-11.1],7,15981,1,1,1,1,1,1,2(MASTER),6,6(MASTER),3,1,0,0,0,3,WRS_M_LOCK,0,0,,0,0,ACTIVE,0,0,0,0,0,0,0,1,2485,0,0,NONE,NONE,36,0000010C,"10000001(id=4096:SLAVE_PRESENT,count=1)","10010001(id=4097:LOCK,count=1)"
MASTER,DE5 [1-11.1],8,18484,1,1,1,1,1,1,2(MASTER),6,6(MASTER),3,1,0,0,0,3,WRS_M_LOCK,0,0,,0,0,ACTIVE,0,0,0,0,0,0,0,0,2503,0,0,NONE,NONE,39,116,"10000001(id=4096:SLAVE_PRESENT,count=1)","10010001(id=4097:LOCK,count=1)"
MASTER,DE5 [1-11.1],9,21003,1,1,1,1,1,1,2(MASTER),6,6(MASTER),3,1,0,0,0,3,WRS_M_LOCK,0,0,,0,0,ACTIVE,0,0,0,0,0,0,0,0,2519,0,0,NONE,NONE,0000003E,122,"10000001(id=4096:SLAVE_PRESENT,count=1)","10010001(id=4097:LOCK,count=1)"
MASTER,DE5 [1-11.1],10,23528,1,1,1,1,1,1,2(MASTER),6,6(MASTER),3,1,0,0,0,3,WRS_M_LOCK,0,0,,0,0,ACTIVE,0,0,0,0,0,0,0,0,2525,0,0,NONE,NONE,44,0000012D,"10000001(id=4096:SLAVE_PRESENT,count=1)","10010001(id=4097:LOCK,count=1)"
MASTER,DE5 [1-11.1],11,26061,1,1,1,1,1,1,2(MASTER),6,6(MASTER),3,1,0,0,0,3,WRS_M_LOCK,0,0,,0,0,ACTIVE,0,0,0,0,0,0,0,0,2533,0,0,NONE,NONE,48,137,"10000001(id=4096:SLAVE_PRESENT,count=1)","10010001(id=4097:LOCK,count=1)"
MASTER,DE5 [1-11.1],12,28531,1,1,1,1,1,1,2(MASTER),6,6(MASTER),3,1,0,0,0,3,WRS_M_LOCK,0,0,,0,0,ACTIVE,0,0,0,0,0,0,0,1,2470,0,0,NONE,NONE,0000004E,144,"10000001(id=4096:SLAVE_PRESENT,count=1)","10010001(id=4097:LOCK,count=1)"
MASTER,DE5 [1-11.1],13,31074,1,1,1,1,1,1,2(MASTER),6,6(MASTER),3,1,0,0,0,3,WRS_M_LOCK,0,0,,0,0,ACTIVE,0,0,0,0,0,0,0,0,2543,0,0,NONE,NONE,52,0000014F,"10000001(id=4096:SLAVE_PRESENT,count=1)","10010001(id=4097:LOCK,count=1)"
MASTER,DE5 [1-11.1],14,34576,1,1,1,1,1,1,2(MASTER),6,6(MASTER),3,1,0,0,0,3,WRS_M_LOCK,0,0,,0,0,ACTIVE,0,0,0,0,0,0,0,0,3502,0,0,NONE,NONE,58,0000015D,"10000001(id=4096:SLAVE_PRESENT,count=1)","10010001(id=4097:LOCK,count=1)"
MASTER,DE5 [1-11.1],15,38062,1,1,1,1,1,1,2(MASTER),6,6(MASTER),3,1,0,0,0,3,WRS_M_LOCK,0,0,,0,0,ACTIVE,0,0,0,0,0,0,0,0,3486,0,0,NONE,NONE,0000005E,0000016A,"10000001(id=4096:SLAVE_PRESENT,count=1)","10010001(id=4097:LOCK,count=1)"
MASTER,DE5 [1-11.1],16,41565,1,1,1,1,1,1,2(MASTER),6,6(MASTER),3,1,0,0,0,3,WRS_M_LOCK,0,0,,0,0,ACTIVE,0,0,0,0,0,0,0,0,3503,0,0,NONE,NONE,64,0000017A,"10000001(id=4096:SLAVE_PRESENT,count=1)","10010001(id=4097:LOCK,count=1)"
MASTER,DE5 [1-11.1],17,45139,1,1,1,1,1,1,2(MASTER),6,6(MASTER),3,1,0,0,0,3,WRS_M_LOCK,0,0,,0,0,ACTIVE,0,0,0,0,0,0,0,0,3574,0,0,NONE,NONE,0000006C,0000018C,"10000001(id=4096:SLAVE_PRESENT,count=1)","10010001(id=4097:LOCK,count=1)"
MASTER,DE5 [1-11.1],18,48683,1,1,1,1,1,1,2(MASTER),6,6(MASTER),3,1,0,0,0,3,WRS_M_LOCK,0,0,,0,0,ACTIVE,0,0,0,0,0,0,0,0,3544,0,0,NONE,NONE,75,0000019C,"10000001(id=4096:SLAVE_PRESENT,count=1)","10010001(id=4097:LOCK,count=1)"
MASTER,DE5 [1-11.1],19,52220,1,1,1,1,1,1,2(MASTER),6,6(MASTER),3,1,0,0,0,3,WRS_M_LOCK,0,0,,0,0,ACTIVE,0,0,0,0,0,0,0,0,3537,0,0,NONE,NONE,0000007C,000001AE,"10000001(id=4096:SLAVE_PRESENT,count=1)","10010001(id=4097:LOCK,count=1)"
MASTER,DE5 [1-11.1],20,55712,1,1,1,1,1,1,2(MASTER),6,6(MASTER),3,1,0,0,0,3,WRS_M_LOCK,0,0,,0,0,ACTIVE,0,0,0,0,0,0,0,0,3492,0,0,NONE,NONE,84,000001C0,"10000001(id=4096:SLAVE_PRESENT,count=1)","10010002(id=4097:LOCK,count=2)"
MASTER,DE5 [1-11.1],21,59259,1,1,1,1,1,1,2(MASTER),6,6(MASTER),3,1,0,0,0,3,WRS_M_LOCK,0,0,,0,0,ACTIVE,0,0,0,0,0,0,0,0,3547,0,0,NONE,NONE,0000008A,000001CF,"10000001(id=4096:SLAVE_PRESENT,count=1)","10010002(id=4097:LOCK,count=2)"
MASTER,DE5 [1-11.1],22,62793,1,1,1,1,1,1,2(MASTER),6,6(MASTER),3,1,0,0,0,3,WRS_M_LOCK,0,0,,0,0,ACTIVE,0,0,0,0,0,0,0,0,3534,0,0,NONE,NONE,0000008F,000001DE,"10000001(id=4096:SLAVE_PRESENT,count=1)","10010002(id=4097:LOCK,count=2)"
MASTER,DE5 [1-11.1],23,66346,1,1,1,1,1,1,2(MASTER),6,6(MASTER),3,1,0,0,0,3,WRS_M_LOCK,0,0,,0,0,ACTIVE,0,0,0,0,0,0,0,0,3553,0,0,NONE,NONE,99,000001F0,"10000001(id=4096:SLAVE_PRESENT,count=1)","10010002(id=4097:LOCK,count=2)"
MASTER,DE5 [1-11.1],24,69900,1,1,1,1,1,1,2(MASTER),6,6(MASTER),3,1,0,0,0,3,WRS_M_LOCK,0,0,,0,0,ACTIVE,0,0,0,0,0,0,0,0,3554,0,0,NONE,NONE,000000A1,202,"10000001(id=4096:SLAVE_PRESENT,count=1)","10010002(id=4097:LOCK,count=2)"
MASTER,DE5 [1-11.1],25,73422,1,1,1,1,1,1,2(MASTER),6,6(MASTER),3,1,0,0,0,3,WRS_M_LOCK,0,0,,0,0,ACTIVE,0,0,0,0,0,0,0,0,3522,0,0,NONE,NONE,000000A7,211,"10000001(id=4096:SLAVE_PRESENT,count=1)","10010002(id=4097:LOCK,count=2)"
MASTER,DE5 [1-11.1],26,76922,1,1,1,1,1,1,2(MASTER),6,6(MASTER),3,1,0,0,0,3,WRS_M_LOCK,0,0,,0,0,ACTIVE,0,0,0,0,0,0,0,0,3500,0,0,NONE,NONE,000000AE,222,"10000001(id=4096:SLAVE_PRESENT,count=1)","10010002(id=4097:LOCK,count=2)"
MASTER,DE5 [1-11.1],27,80440,1,1,1,1,1,1,2(MASTER),6,6(MASTER),3,1,0,0,0,3,WRS_M_LOCK,0,0,,0,0,ACTIVE,0,0,0,0,0,0,0,0,3518,0,0,NONE,NONE,000000B6,232,"10000001(id=4096:SLAVE_PRESENT,count=1)","10010002(id=4097:LOCK,count=2)"
MASTER,DE5 [1-11.1],28,83981,1,1,1,1,1,1,2(MASTER),6,6(MASTER),3,1,0,0,0,3,WRS_M_LOCK,0,0,,0,0,ACTIVE,0,0,0,0,0,0,0,0,3541,0,0,NONE,NONE,000000BF,244,"10000001(id=4096:SLAVE_PRESENT,count=1)","10010002(id=4097:LOCK,count=2)"
MASTER,DE5 [1-11.1],29,87521,1,1,1,1,1,1,2(MASTER),6,6(MASTER),3,1,0,0,0,3,WRS_M_LOCK,0,0,,0,0,ACTIVE,0,0,0,0,0,0,0,0,3540,0,0,NONE,NONE,000000C5,252,"10000001(id=4096:SLAVE_PRESENT,count=1)","10010002(id=4097:LOCK,count=2)"
MASTER,DE5 [1-11.1],30,91040,1,1,1,1,1,1,2(MASTER),6,6(MASTER),3,1,0,0,0,3,WRS_M_LOCK,0,0,,0,0,ACTIVE,0,0,0,0,0,0,0,0,3519,0,0,NONE,NONE,000000CD,264,"10000001(id=4096:SLAVE_PRESENT,count=1)","10010002(id=4097:LOCK,count=2)"
MASTER,DE5 [1-11.1],31,94597,1,1,1,1,1,1,2(MASTER),6,6(MASTER),3,1,0,0,0,3,WRS_M_LOCK,0,0,,0,0,ACTIVE,0,0,0,0,0,0,0,0,3557,0,0,NONE,NONE,000000D4,275,"10000001(id=4096:SLAVE_PRESENT,count=1)","10010002(id=4097:LOCK,count=2)"
MASTER,DE5 [1-11.1],32,98128,1,1,1,1,1,1,2(MASTER),6,6(MASTER),3,1,0,0,0,3,WRS_M_LOCK,0,0,,0,0,ACTIVE,0,0,0,0,0,0,0,0,3531,0,0,NONE,NONE,000000DC,284,"10000001(id=4096:SLAVE_PRESENT,count=1)","10010002(id=4097:LOCK,count=2)"
MASTER,DE5 [1-11.1],33,101688,1,1,1,1,1,1,2(MASTER),6,6(MASTER),3,1,0,0,0,3,WRS_M_LOCK,0,0,,0,0,ACTIVE,0,0,0,0,0,0,0,0,3560,0,0,NONE,NONE,0.0,290,"10000001(id=4096:SLAVE_PRESENT,count=1)","10010002(id=4097:LOCK,count=2)"
MASTER,DE5 [1-11.1],34,105233,0,0,1,1,1,1,2(MASTER),6,6(MASTER),3,1,0,0,0,3,WRS_M_LOCK,0,0,,0,0,UNKNOWN,0,0,0,0,0,0,0,0,3545,0,0,NONE,NONE,0.0,000002A0,"10000001(id=4096:SLAVE_PRESENT,count=1)","10010002(id=4097:LOCK,count=2)"
MASTER,DE5 [1-11.1],35,108796,1,1,1,1,1,1,2(MASTER),6,6(MASTER),3,1,0,0,0,3,WRS_M_LOCK,0,0,,0,0,ACTIVE,0,0,0,0,0,0,0,0,3563,0,0,NONE,NONE,000000EC,000002B0,"10000001(id=4096:SLAVE_PRESENT,count=1)","10010002(id=4097:LOCK,count=2)"
MASTER,DE5 [1-11.1],36,112324,1,1,1,1,1,1,2(MASTER),6,6(MASTER),3,1,0,0,0,3,WRS_M_LOCK,0,0,,0,0,ACTIVE,0,0,0,0,0,0,0,0,3528,0,0,NONE,NONE,000000F1,000002BC,"10000001(id=4096:SLAVE_PRESENT,count=1)","10010002(id=4097:LOCK,count=2)"
MASTER,DE5 [1-11.1],37,115843,1,1,1,1,1,1,2(MASTER),6,6(MASTER),3,1,0,0,0,3,WRS_M_LOCK,0,0,,0,0,ACTIVE,0,0,0,0,0,0,0,0,3519,0,0,NONE,NONE,000000FA,000002CE,"10000001(id=4096:SLAVE_PRESENT,count=1)","10010003(id=4097:LOCK,count=3)"
MASTER,DE5 [1-11.1],38,119387,1,1,1,1,1,1,2(MASTER),6,6(MASTER),3,1,0,0,0,3,WRS_M_LOCK,0,0,,0,0,ACTIVE,0,0,0,0,0,0,0,0,3544,0,0,NONE,NONE,101,000002DF,"10000001(id=4096:SLAVE_PRESENT,count=1)","10010003(id=4097:LOCK,count=3)"
SLAVE,DE5 [1-11.2],1,1658,1,1,1,1,1,1,3(SLAVE),8,8(UNCALIBRATED),3,1,1,0,1,2,WRS_S_LOCK,0,0,,0,0,ACTIVE,0,0,0,0,0,0,0,0,,0,0,NONE,NONE,36,12,"10010001(id=4097:LOCK,count=1)","10000001(id=4096:SLAVE_PRESENT,count=1)"
SLAVE,DE5 [1-11.2],2,4171,1,1,1,1,1,1,3(SLAVE),8,8(UNCALIBRATED),3,1,1,0,1,2,WRS_S_LOCK,0,0,,0,0,ACTIVE,0,0,0,0,0,0,0,0,2513,0,0,NONE,NONE,42,17,"10010001(id=4097:LOCK,count=1)","10000001(id=4096:SLAVE_PRESENT,count=1)"
SLAVE,DE5 [1-11.2],3,6724,1,1,1,1,1,1,3(SLAVE),8,8(UNCALIBRATED),3,1,1,0,1,2,WRS_S_LOCK,0,0,,0,0,ACTIVE,0,0,0,0,0,0,0,0,2553,0,0,NONE,NONE,0000004E,0000001E,"10010001(id=4097:LOCK,count=1)","10000001(id=4096:SLAVE_PRESENT,count=1)"
SLAVE,DE5 [1-11.2],4,9219,1,1,1,1,1,1,3(SLAVE),8,8(UNCALIBRATED),3,1,1,0,1,2,WRS_S_LOCK,0,0,,0,0,ACTIVE,0,0,0,0,0,0,0,1,2495,0,0,NONE,NONE,0000005A,23,"10010001(id=4097:LOCK,count=1)","10000001(id=4096:SLAVE_PRESENT,count=1)"
SLAVE,DE5 [1-11.2],5,11749,1,1,1,1,1,1,3(SLAVE),8,8(UNCALIBRATED),3,1,1,0,1,2,WRS_S_LOCK,0,0,,0,0,ACTIVE,0,0,0,0,0,0,0,0,2530,0,0,NONE,NONE,65,28,"10010001(id=4097:LOCK,count=1)","10000001(id=4096:SLAVE_PRESENT,count=1)"
SLAVE,DE5 [1-11.2],6,14244,1,1,1,1,1,1,3(SLAVE),8,8(UNCALIBRATED),3,1,1,0,1,2,WRS_S_LOCK,0,0,,0,0,ACTIVE,0,0,0,0,0,0,0,1,2495,0,0,NONE,NONE,71,0000002D,"10010001(id=4097:LOCK,count=1)","10000001(id=4096:SLAVE_PRESENT,count=1)"
SLAVE,DE5 [1-11.2],7,16737,1,1,1,1,1,1,3(SLAVE),8,8(UNCALIBRATED),3,1,1,0,1,2,WRS_S_LOCK,0,0,,0,0,ACTIVE,0,0,0,0,0,0,0,1,2493,0,0,NONE,NONE,79,31,"10010001(id=4097:LOCK,count=1)","10000001(id=4096:SLAVE_PRESENT,count=1)"
SLAVE,DE5 [1-11.2],8,19274,1,1,1,1,1,1,3(SLAVE),8,8(UNCALIBRATED),3,1,1,0,1,2,WRS_S_LOCK,0,0,,0,0,ACTIVE,0,0,0,0,0,0,0,0,2537,0,0,NONE,NONE,85,34,"10010001(id=4097:LOCK,count=1)","10000001(id=4096:SLAVE_PRESENT,count=1)"
SLAVE,DE5 [1-11.2],9,21768,1,1,1,1,1,1,3(SLAVE),8,8(UNCALIBRATED),3,1,1,0,1,2,WRS_S_LOCK,0,0,,0,0,ACTIVE,0,0,0,0,0,0,0,1,2494,0,0,NONE,NONE,0000008E,38,"10010001(id=4097:LOCK,count=1)","10000001(id=4096:SLAVE_PRESENT,count=1)"
SLAVE,DE5 [1-11.2],10,24342,1,1,1,1,1,1,3(SLAVE),8,8(UNCALIBRATED),3,1,1,0,1,2,WRS_S_LOCK,0,0,,0,0,ACTIVE,0,0,0,0,0,0,0,0,2574,0,0,NONE,NONE,0000009B,0000003E,"10010001(id=4097:LOCK,count=1)","10000001(id=4096:SLAVE_PRESENT,count=1)"
SLAVE,DE5 [1-11.2],11,26805,1,1,1,1,1,1,3(SLAVE),8,8(UNCALIBRATED),3,1,1,0,1,2,WRS_S_LOCK,0,0,,0,0,ACTIVE,0,0,0,0,0,0,0,1,2463,0,0,NONE,NONE,000000A5,43,"10010001(id=4097:LOCK,count=1)","10000001(id=4096:SLAVE_PRESENT,count=1)"
SLAVE,DE5 [1-11.2],12,29335,1,1,1,1,1,1,3(SLAVE),8,8(UNCALIBRATED),3,1,1,0,1,2,WRS_S_LOCK,0,0,,0,0,ACTIVE,0,0,0,0,0,0,0,0,2530,0,0,NONE,NONE,000000B2,48,"10010001(id=4097:LOCK,count=1)","10000001(id=4096:SLAVE_PRESENT,count=1)"
SLAVE,DE5 [1-11.2],13,31839,1,1,1,1,1,1,3(SLAVE),8,8(UNCALIBRATED),3,1,1,0,1,2,WRS_S_LOCK,0,0,,0,0,ACTIVE,0,0,0,0,0,0,0,0,2504,0,0,NONE,NONE,000000BB,0000004C,"10010001(id=4097:LOCK,count=1)","10000001(id=4096:SLAVE_PRESENT,count=1)"
SLAVE,DE5 [1-11.2],14,35322,1,1,1,1,1,1,3(SLAVE),8,8(UNCALIBRATED),3,1,1,0,1,2,WRS_S_LOCK,0,0,,0,0,ACTIVE,0,0,0,0,0,0,0,0,3483,0,0,NONE,NONE,000000CC,54,"10010001(id=4097:LOCK,count=1)","10000001(id=4096:SLAVE_PRESENT,count=1)"
SLAVE,DE5 [1-11.2],15,38823,1,1,1,1,1,1,3(SLAVE),8,8(UNCALIBRATED),3,1,1,0,1,2,WRS_S_LOCK,0,0,,0,0,ACTIVE,0,0,0,0,0,0,0,0,3501,0,0,NONE,NONE,000000D9,59,"10010001(id=4097:LOCK,count=1)","10000001(id=4096:SLAVE_PRESENT,count=1)"
SLAVE,DE5 [1-11.2],16,42391,1,1,1,1,1,1,3(SLAVE),8,8(UNCALIBRATED),3,1,1,0,1,2,WRS_S_LOCK,0,0,,0,0,ACTIVE,0,0,0,0,0,0,0,0,3568,0,0,NONE,NONE,0.0,0000005F,"10010001(id=4097:LOCK,count=1)","10000001(id=4096:SLAVE_PRESENT,count=1)"
SLAVE,DE5 [1-11.2],17,45928,1,1,1,1,1,1,3(SLAVE),8,8(UNCALIBRATED),3,1,1,0,1,2,WRS_S_LOCK,0,0,,0,0,ACTIVE,0,0,0,0,0,0,0,0,3537,0,0,NONE,NONE,000000FA,67,"10010001(id=4097:LOCK,count=1)","10000001(id=4096:SLAVE_PRESENT,count=1)"
SLAVE,DE5 [1-11.2],18,49464,1,1,1,1,1,1,3(SLAVE),8,8(UNCALIBRATED),3,1,1,0,1,2,WRS_S_LOCK,0,0,,0,0,ACTIVE,0,0,0,0,0,0,0,0,3536,0,0,NONE,NONE,0000010B,70,"10010001(id=4097:LOCK,count=1)","10000001(id=4096:SLAVE_PRESENT,count=1)"
SLAVE,DE5 [1-11.2],19,52978,1,1,1,1,1,1,3(SLAVE),8,8(UNCALIBRATED),3,1,1,0,1,2,WRS_S_LOCK,0,0,,0,0,ACTIVE,0,0,0,0,0,0,0,0,3514,0,0,NONE,NONE,0000011E,79,"10010001(id=4097:LOCK,count=1)","10000001(id=4096:SLAVE_PRESENT,count=1)"
SLAVE,DE5 [1-11.2],20,56517,1,1,1,1,1,1,3(SLAVE),8,8(UNCALIBRATED),3,1,1,0,1,2,WRS_S_LOCK,0,0,,0,0,ACTIVE,0,0,0,0,0,0,0,0,3539,0,0,NONE,NONE,0000012B,0000007E,"10010001(id=4097:LOCK,count=1)","10000001(id=4096:SLAVE_PRESENT,count=1)"
SLAVE,DE5 [1-11.2],21,60026,1,1,1,1,1,1,3(SLAVE),8,8(UNCALIBRATED),3,1,1,0,1,2,WRS_S_LOCK,0,0,,0,0,ACTIVE,0,0,0,0,0,0,0,0,3509,0,0,NONE,NONE,0000013B,84,"10010001(id=4097:LOCK,count=1)","10000001(id=4096:SLAVE_PRESENT,count=1)"
SLAVE,DE5 [1-11.2],22,63574,1,1,1,1,1,1,3(SLAVE),8,8(UNCALIBRATED),3,1,1,0,1,2,WRS_S_LOCK,0,0,,0,0,ACTIVE,0,0,0,0,0,0,0,0,3548,0,0,NONE,NONE,0000014F,0000008C,"10010001(id=4097:LOCK,count=1)","10000001(id=4096:SLAVE_PRESENT,count=1)"
SLAVE,DE5 [1-11.2],23,67136,1,1,1,1,1,1,3(SLAVE),8,8(UNCALIBRATED),3,1,1,0,1,2,WRS_S_LOCK,0,0,,0,0,ACTIVE,0,0,0,0,0,0,0,0,3562,0,0,NONE,NONE,0000015E,96,"10010001(id=4097:LOCK,count=1)","10000001(id=4096:SLAVE_PRESENT,count=1)"
SLAVE,DE5 [1-11.2],24,70671,1,1,1,1,1,1,3(SLAVE),8,8(UNCALIBRATED),3,1,1,0,1,2,WRS_S_LOCK,0,0,,0,0,ACTIVE,0,0,0,0,0,0,0,0,3535,0,0,NONE,NONE,170,0000009C,"10010001(id=4097:LOCK,count=1)","10000001(id=4096:SLAVE_PRESENT,count=1)"
SLAVE,DE5 [1-11.2],25,74174,1,1,1,1,1,1,3(SLAVE),8,8(UNCALIBRATED),3,1,1,0,1,2,WRS_S_LOCK,0,0,,0,0,ACTIVE,0,0,0,0,0,0,0,0,3503,0,0,NONE,NONE,0000017F,000000A1,"10010001(id=4097:LOCK,count=1)","10000001(id=4096:SLAVE_PRESENT,count=1)"
SLAVE,DE5 [1-11.2],26,77680,1,1,1,1,1,1,3(SLAVE),8,8(UNCALIBRATED),3,1,1,0,1,2,WRS_S_LOCK,0,0,,0,0,ACTIVE,0,0,0,0,0,0,0,0,3506,0,0,NONE,NONE,0000018E,000000A9,"10010001(id=4097:LOCK,count=1)","10000001(id=4096:SLAVE_PRESENT,count=1)"
SLAVE,DE5 [1-11.2],27,81200,1,1,1,1,1,1,3(SLAVE),8,8(UNCALIBRATED),3,1,1,0,1,2,WRS_S_LOCK,0,0,,0,0,ACTIVE,0,0,0,0,0,0,0,0,3520,0,0,NONE,NONE,000001A0,000000B1,"10010001(id=4097:LOCK,count=1)","10000001(id=4096:SLAVE_PRESENT,count=1)"
SLAVE,DE5 [1-11.2],28,84790,1,1,1,1,1,1,3(SLAVE),8,8(UNCALIBRATED),3,1,1,0,1,2,WRS_S_LOCK,0,0,,0,0,ACTIVE,0,0,0,0,0,0,0,0,3590,0,0,NONE,NONE,000001B2,000000B9,"10010001(id=4097:LOCK,count=1)","10000001(id=4096:SLAVE_PRESENT,count=1)"
SLAVE,DE5 [1-11.2],29,88298,1,1,1,1,1,1,3(SLAVE),8,8(UNCALIBRATED),3,1,1,0,1,2,WRS_S_LOCK,0,0,,0,0,ACTIVE,0,0,0,0,0,0,0,0,3508,0,0,NONE,NONE,000001BF,000000BE,"10010001(id=4097:LOCK,count=1)","10000001(id=4096:SLAVE_PRESENT,count=1)"
SLAVE,DE5 [1-11.2],30,91843,1,1,1,1,1,1,3(SLAVE),8,8(UNCALIBRATED),3,1,1,0,1,2,WRS_S_LOCK,0,0,,0,0,ACTIVE,0,0,0,0,0,0,0,0,3545,0,0,NONE,NONE,000001D2,000000C8,"10010001(id=4097:LOCK,count=1)","10000001(id=4096:SLAVE_PRESENT,count=1)"
SLAVE,DE5 [1-11.2],31,95370,1,1,1,1,1,1,3(SLAVE),8,8(UNCALIBRATED),3,1,1,0,1,2,WRS_S_LOCK,0,0,,0,0,ACTIVE,0,0,0,0,0,0,0,0,3527,0,0,NONE,NONE,10.0,000000CF,"10010001(id=4097:LOCK,count=1)","10000001(id=4096:SLAVE_PRESENT,count=1)"
SLAVE,DE5 [1-11.2],32,98897,1,1,1,1,1,1,3(SLAVE),8,8(UNCALIBRATED),3,1,1,0,1,2,WRS_S_LOCK,0,0,,0,0,ACTIVE,0,0,0,0,0,0,0,0,3527,0,0,NONE,NONE,000001F1,000000D5,"10010001(id=4097:LOCK,count=1)","10000001(id=4096:SLAVE_PRESENT,count=1)"
SLAVE,DE5 [1-11.2],33,102455,1,1,1,1,1,1,3(SLAVE),8,8(UNCALIBRATED),3,1,1,0,1,2,WRS_S_LOCK,0,0,,0,0,ACTIVE,0,0,0,0,0,0,0,0,3558,0,0,NONE,NONE,000001FD,000000DA,"10010001(id=4097:LOCK,count=1)","10000001(id=4096:SLAVE_PRESENT,count=1)"
SLAVE,DE5 [1-11.2],34,106036,1,1,1,1,1,1,3(SLAVE),8,8(UNCALIBRATED),3,1,1,0,1,2,WRS_S_LOCK,0,0,,0,0,ACTIVE,0,0,0,0,0,0,0,0,3581,0,0,NONE,NONE,0000020D,0.0,"10010001(id=4097:LOCK,count=1)","10000001(id=4096:SLAVE_PRESENT,count=1)"
SLAVE,DE5 [1-11.2],35,109572,1,1,1,1,1,1,3(SLAVE),8,8(UNCALIBRATED),3,1,1,0,1,2,WRS_S_LOCK,0,0,,0,0,ACTIVE,0,0,0,0,0,0,0,0,3536,0,0,NONE,NONE,0000021B,0.0,"10010001(id=4097:LOCK,count=1)","10000001(id=4096:SLAVE_PRESENT,count=1)"
SLAVE,DE5 [1-11.2],36,113111,1,1,1,1,1,1,3(SLAVE),8,8(UNCALIBRATED),3,1,1,0,1,2,WRS_S_LOCK,0,0,,0,0,ACTIVE,0,0,0,0,0,0,0,0,3539,0,0,NONE,NONE,0000022D,000000ED,"10010001(id=4097:LOCK,count=1)","10000001(id=4096:SLAVE_PRESENT,count=1)"
SLAVE,DE5 [1-11.2],37,116630,1,1,1,1,1,1,3(SLAVE),8,8(UNCALIBRATED),3,1,1,0,1,2,WRS_S_LOCK,0,0,,0,0,ACTIVE,0,0,0,0,0,0,0,0,3519,0,0,NONE,NONE,0000023D,000000F5,"10010001(id=4097:LOCK,count=1)","10000001(id=4096:SLAVE_PRESENT,count=1)"
SLAVE,DE5 [1-11.2],38,120197,1,1,1,1,1,1,3(SLAVE),8,8(UNCALIBRATED),3,1,1,0,1,2,WRS_S_LOCK,0,0,,0,0,ACTIVE,0,0,0,0,0,0,0,0,3567,0,0,NONE,NONE,0000024B,000000FC,"10010001(id=4097:LOCK,count=1)","10000001(id=4096:SLAVE_PRESENT,count=1)"
