role,board,sample,timestamp_ms,read_valid,si_config_done,wr_ready,wr_rx_ready,wr_tx_ready,core_tm_link_up,core_link_ok,wr_rx_locked_to_data,cpu_reset_n,link_good,link_gate_streak,link_gate_pass,link_gate_pass_ms,ptp_state,pd_state,ext_state,wr_state_value,wr_tx_id,wr_disable_valid,wr_disable_cause,wr_failure_reason,lock_polls,lock_unlocked,lock_calib_fail,lock_enable,lock_success_count,spll_seq_state,pstat_locked,helper_locked,main_enabled,main_locked,main_freq_locked,main_phase_locked,boot_generation,cpu_reset_count,wr_core_reset_count,si_config_drop_count,slock_stage,slock_remaining_ms,first_slock_ms,first_success_ms,first_exit_ms,first_failure_ms,pass_ready,failure_seen,failure_class,post_event_samples,stop_candidate,same_reset_as_previous,timestamp_gap_ms
SLAVE,DE5 [1-11.2],0,0,1,1,0,0,0,0,0,0,1,0,0,0,-1,0,0,0,6,0,0,0,0,0,0,0,0,0,0,0,0,0,0,0,0,1,1,1,1,0,0,-1,-1,-1,-1,0,0,NONE,0,NONE,0,
SLAVE,DE5 [1-11.2],1,692,1,1,1,1,1,0,0,1,1,0,0,0,-1,1,0,0,0,0,0,0,0,0,0,0,0,0,0,0,0,0,0,0,0,1,1,1,1,6,0,-1,-1,-1,-1,0,0,NONE,0,NONE,1,692
SLAVE,DE5 [1-11.2],2,1389,1,1,1,1,1,0,0,1,1,0,0,0,-1,1,0,0,0,0,0,0,0,0,0,0,0,0,0,0,0,0,0,0,0,1,1,1,1,14,0,-1,-1,-1,-1,0,0,NONE,0,NONE,1,697
SLAVE,DE5 [1-11.2],3,2083,1,1,1,1,1,0,0,1,1,0,0,0,-1,4,1,1,0,0,0,0,0,0,0,0,0,0,0,0,0,0,0,0,0,1,1,1,1,22,0,-1,-1,-1,-1,0,0,NONE,0,NONE,1,694
SLAVE,DE5 [1-11.2],4,2780,1,1,1,1,1,0,0,1,1,0,0,0,-1,4,1,1,0,0,0,0,0,0,0,0,0,0,0,0,0,0,0,0,0,1,1,1,1,46,0,-1,-1,-1,-1,0,0,NONE,0,NONE,1,697
SLAVE,DE5 [1-11.2],5,3476,1,1,1,1,1,0,0,1,1,0,0,0,-1,4,1,1,0,0,0,0,0,0,0,0,0,0,0,0,0,0,0,0,0,1,1,1,1,60,0,-1,-1,-1,-1,0,0,NONE,0,NONE,1,696
SLAVE,DE5 [1-11.2],6,4174,1,1,1,1,1,0,0,1,1,0,0,0,-1,4,1,1,0,0,0,0,0,0,0,0,0,0,0,0,0,0,0,0,0,1,1,1,1,74,0,-1,-1,-1,-1,0,0,NONE,0,NONE,1,698
SLAVE,DE5 [1-11.2],7,4871,1,1,1,1,1,0,0,1,1,0,0,0,-1,4,1,1,0,0,0,0,0,0,0,0,0,0,0,0,0,0,0,0,0,1,1,1,1,58,0,-1,-1,-1,-1,0,0,NONE,0,NONE,1,697
SLAVE,DE5 [1-11.2],8,5567,1,1,1,1,1,0,0,1,1,0,0,0,-1,4,1,1,0,0,0,0,0,0,0,0,0,0,0,0,0,0,0,0,0,1,1,1,1,66,0,-1,-1,-1,-1,0,0,NONE,0,NONE,1,696
SLAVE,DE5 [1-11.2],9,6266,1,1,1,1,1,0,0,1,1,0,0,0,-1,4,1,1,0,0,0,0,0,0,0,0,0,0,0,0,0,0,0,0,0,1,1,1,1,74,0,-1,-1,-1,-1,0,0,NONE,0,NONE,1,699
SLAVE,DE5 [1-11.2],10,6964,1,1,1,1,1,0,0,1,1,0,0,0,-1,4,1,1,0,0,0,0,0,0,0,0,0,0,0,0,0,0,0,0,0,1,1,1,1,82,0,-1,-1,-1,-1,0,0,NONE,0,NONE,1,698
SLAVE,DE5 [1-11.2],11,7661,1,1,1,1,1,0,0,1,1,0,0,0,-1,4,1,1,0,0,0,0,0,0,0,0,0,0,0,0,0,0,0,0,0,1,1,1,1,90,0,-1,-1,-1,-1,0,0,NONE,0,NONE,1,697
SLAVE,DE5 [1-11.2],12,8359,1,1,1,1,1,0,0,1,1,0,0,0,-1,4,1,1,0,0,0,0,0,0,0,0,0,0,0,0,0,0,0,0,0,1,1,1,1,158,0,-1,-1,-1,-1,0,0,NONE,0,NONE,1,698
SLAVE,DE5 [1-11.2],13,9057,1,1,1,1,1,0,0,1,1,0,0,0,-1,4,1,1,0,0,0,0,0,0,0,0,0,0,0,0,0,0,0,0,0,1,1,1,1,172,0,-1,-1,-1,-1,0,0,NONE,0,NONE,1,698
SLAVE,DE5 [1-11.2],14,9753,1,1,1,1,1,0,0,1,1,0,0,0,-1,4,1,1,0,0,0,0,0,0,0,0,0,0,0,0,0,0,0,0,0,1,1,1,1,186,0,-1,-1,-1,-1,0,0,NONE,0,NONE,1,696
SLAVE,DE5 [1-11.2],15,10449,1,1,1,1,1,0,0,1,1,0,0,0,-1,4,1,1,0,0,0,0,0,0,0,0,0,0,0,0,0,0,0,0,0,1,1,1,1,200,0,-1,-1,-1,-1,0,0,NONE,0,NONE,1,696
SLAVE,DE5 [1-11.2],16,11145,1,1,1,1,1,0,0,1,1,0,0,0,-1,4,1,1,0,0,0,0,0,0,0,0,0,0,0,0,0,0,0,0,0,1,1,1,1,214,0,-1,-1,-1,-1,0,0,NONE,0,NONE,1,696
SLAVE,DE5 [1-11.2],17,11840,1,1,1,1,1,0,0,1,1,0,0,0,-1,4,1,1,0,0,0,0,0,0,0,0,0,0,0,0,0,0,0,0,0,1,1,1,1,,0,-1,-1,-1,-1,0,0,NONE,0,NONE,1,695
SLAVE,DE5 [1-11.2],18,12536,1,1,1,1,1,0,0,1,1,0,0,0,-1,4,1,1,0,0,0,0,0,0,0,0,0,0,0,0,0,0,0,0,0,1,1,1,1,242,0,-1,-1,-1,-1,0,0,NONE,0,NONE,1,696
SLAVE,DE5 [1-11.2],19,13232,1,1,1,1,1,0,0,1,1,0,0,0,-1,4,1,1,0,0,0,0,0,0,0,0,0,0,0,0,0,0,0,0,0,1,1,1,1,100,0,-1,-1,-1,-1,0,0,NONE,0,NONE,1,696
SLAVE,DE5 [1-11.2],20,13927,1,1,1,1,1,0,0,1,1,0,0,0,-1,4,1,1,0,0,0,0,0,0,0,0,0,0,0,0,0,0,0,0,0,1,1,1,1,270,0,-1,-1,-1,-1,0,0,NONE,0,NONE,1,695
SLAVE,DE5 [1-11.2],21,14623,1,1,1,1,1,0,0,1,1,0,0,0,-1,4,1,1,0,0,0,0,0,0,0,0,0,0,0,0,0,0,0,0,0,1,1,1,1,284,0,-1,-1,-1,-1,0,0,NONE,0,NONE,1,696
SLAVE,DE5 [1-11.2],22,15323,1,1,1,1,1,0,0,1,1,0,0,0,-1,4,1,1,0,0,0,0,0,0,0,0,0,0,0,0,0,0,0,0,0,1,1,1,1,298,0,-1,-1,-1,-1,0,0,NONE,0,NONE,1,700
SLAVE,DE5 [1-11.2],23,16019,1,1,1,1,1,0,0,1,1,0,0,0,-1,4,1,1,0,0,0,0,0,0,0,0,0,0,0,0,0,0,0,0,0,1,1,1,1,138,0,-1,-1,-1,-1,0,0,NONE,0,NONE,1,696
SLAVE,DE5 [1-11.2],24,16717,1,1,1,1,1,0,0,1,1,0,0,0,-1,4,1,1,0,0,0,0,0,0,0,0,0,0,0,0,0,0,0,0,0,1,1,1,1,146,0,-1,-1,-1,-1,0,0,NONE,0,NONE,1,698
SLAVE,DE5 [1-11.2],25,17412,1,1,1,1,1,0,0,1,1,0,0,0,-1,4,1,1,0,0,0,0,0,0,0,0,0,0,0,0,0,0,0,0,0,1,1,1,1,154,0,-1,-1,-1,-1,0,0,NONE,0,NONE,1,695
SLAVE,DE5 [1-11.2],26,18108,1,1,1,1,1,0,0,1,1,0,0,0,-1,4,1,1,0,0,0,0,0,0,0,0,0,0,0,0,0,0,0,0,0,1,1,1,1,162,0,-1,-1,-1,-1,0,0,NONE,0,NONE,1,696
SLAVE,DE5 [1-11.2],27,18803,1,1,1,1,1,0,0,1,1,0,0,0,-1,4,1,1,0,0,0,0,0,0,0,0,0,0,0,0,0,0,0,0,0,1,1,1,1,170,0,-1,-1,-1,-1,0,0,NONE,0,NONE,1,695
SLAVE,DE5 [1-11.2],28,19497,1,1,1,1,1,0,0,1,1,0,0,0,-1,4,1,1,0,0,0,0,0,0,0,0,0,0,0,0,0,0,0,0,0,1,1,1,1,382,0,-1,-1,-1,-1,0,0,NONE,0,NONE,1,694
SLAVE,DE5 [1-11.2],29,20195,1,1,1,1,1,0,0,1,1,0,0,0,-1,4,1,1,0,0,0,0,0,0,0,0,0,0,0,0,0,0,0,0,0,1,1,1,1,396,0,-1,-1,-1,-1,0,0,NONE,0,NONE,1,698
SLAVE,DE5 [1-11.2],30,20891,1,1,1,1,1,0,0,1,1,0,0,0,-1,4,1,1,0,0,0,0,0,0,0,0,0,0,0,0,0,0,0,0,0,1,1,1,1,410,0,-1,-1,-1,-1,0,0,NONE,0,NONE,1,696
SLAVE,DE5 [1-11.2],31,21588,1,1,1,1,1,0,0,1,1,0,0,0,-1,4,1,1,0,0,0,0,0,0,0,0,0,0,0,0,0,0,0,0,0,1,1,1,1,424,0,-1,-1,-1,-1,0,0,NONE,0,NONE,1,697
SLAVE,DE5 [1-11.2],32,22283,1,1,1,1,1,0,0,1,1,0,0,0,-1,4,1,1,0,0,0,0,0,0,0,0,0,0,0,0,0,0,0,0,0,1,1,1,1,436,0,-1,-1,-1,-1,0,0,NONE,0,NONE,1,695
SLAVE,DE5 [1-11.2],33,22978,1,1,1,1,1,0,0,1,1,0,0,0,-1,4,1,1,0,0,0,0,0,0,0,0,0,0,0,0,0,0,0,0,0,1,1,1,1,450,0,-1,-1,-1,-1,0,0,NONE,0,NONE,1,695
SLAVE,DE5 [1-11.2],34,23676,1,1,1,1,1,0,0,1,1,0,0,0,-1,4,1,1,0,0,0,0,0,0,0,0,0,0,0,0,0,0,0,0,0,1,1,1,1,464,0,-1,-1,-1,-1,0,0,NONE,0,NONE,1,698
SLAVE,DE5 [1-11.2],35,24373,1,1,1,1,1,0,0,1,1,0,0,0,-1,4,1,1,0,0,0,0,0,0,0,0,0,0,0,0,0,0,0,0,0,1,1,1,1,478,0,-1,-1,-1,-1,0,0,NONE,0,NONE,1,697
SLAVE,DE5 [1-11.2],36,25068,1,1,1,1,1,0,0,1,1,0,0,0,-1,4,1,1,0,0,0,0,0,0,0,0,0,0,0,0,0,0,0,0,0,1,1,1,1,492,0,-1,-1,-1,-1,0,0,NONE,0,NONE,1,695
SLAVE,DE5 [1-11.2],37,25767,1,1,1,1,1,0,0,1,1,0,0,0,-1,4,1,1,0,0,0,0,0,0,0,0,0,0,0,0,0,0,0,0,0,1,1,1,1,506,0,-1,-1,-1,-1,0,0,NONE,0,NONE,1,699
SLAVE,DE5 [1-11.2],38,26465,1,1,1,1,1,0,0,1,1,0,0,0,-1,4,1,1,0,0,0,0,0,0,0,0,0,0,0,0,0,0,0,0,0,1,1,1,1,208,0,-1,-1,-1,-1,0,0,NONE,0,NONE,1,698
SLAVE,DE5 [1-11.2],39,27164,1,1,1,1,1,0,0,1,1,0,0,0,-1,4,1,1,0,0,0,0,0,0,0,0,0,0,0,0,0,0,0,0,0,1,1,1,1,216,0,-1,-1,-1,-1,0,0,NONE,0,NONE,1,699
SLAVE,DE5 [1-11.2],40,27862,1,1,1,1,1,0,0,1,1,0,0,0,-1,4,1,1,0,0,0,0,0,0,0,0,0,0,0,0,0,0,0,0,0,1,1,1,1,224,0,-1,-1,-1,-1,0,0,NONE,0,NONE,1,698
SLAVE,DE5 [1-11.2],41,28562,1,1,1,1,1,0,0,1,1,0,0,0,-1,4,1,1,0,0,0,0,0,0,0,0,0,0,0,0,0,0,0,0,0,1,1,1,1,232,0,-1,-1,-1,-1,0,0,NONE,0,NONE,1,700
SLAVE,DE5 [1-11.2],42,29263,1,1,1,1,1,0,0,1,1,0,0,0,-1,4,1,1,0,0,0,0,0,0,0,0,0,0,0,0,0,0,0,0,0,1,1,1,1,240,0,-1,-1,-1,-1,0,0,NONE,0,NONE,1,701
SLAVE,DE5 [1-11.2],43,29967,1,1,1,1,1,0,0,1,1,0,0,0,-1,4,1,1,0,0,0,0,0,0,0,0,0,0,0,0,0,0,0,0,0,1,1,1,1,590,0,-1,-1,-1,-1,0,0,NONE,0,NONE,1,704
SLAVE,DE5 [1-11.2],44,30665,1,1,1,1,1,0,0,1,1,0,0,0,-1,4,1,1,0,0,0,0,0,0,0,0,0,0,0,0,0,0,0,0,0,1,1,1,1,604,0,-1,-1,-1,-1,0,0,NONE,0,POST_SLAVE_LINK_GATE_FAIL,1,698
