path	bytes	mtime_utc	sha256	class
apply_rs422_diag.py	3060	2026-08-14T21:39:02Z	77d53305eb6b3a7ad908a66caadba98f017354db1cd23c3c68dbdab57d4cb831	project-source-or-doc
read_sfp_eeprom_probe.tcl	1199	2026-08-14T20:08:13Z	77cc62c3566b9d3a370b88522890a2c69925a888cec7b2ae7cb30efa13c95426	project-source-or-doc
staging_sfp_eeprom_diag/DE5a_wr_master_dco_simplewa.qsf	34638	2026-08-14T20:07:54Z	0f2c393da9cf177874f33d8cc25ef60ebd3de08a609775b70bb2895fe07309d0	project-source-or-doc
staging_sfp_eeprom_diag/DE5a_wr_master_dco_simplewa.vhd	22428	2026-08-14T20:07:54Z	39be595e8970051198663402fe0810a37021ddd3a5f2306849ab9b86263b0e3d	project-source-or-doc
staging_sfp_eeprom_diag/DE5a_wr_slave_dco_simplewa.qsf	34633	2026-08-14T20:07:54Z	5adec0a43efe121b30940cdd626eb652e0d84658520322c54204820272b59fcb	project-source-or-doc
staging_sfp_eeprom_diag/DE5a_wr_slave_dco_simplewa.vhd	22422	2026-08-14T20:07:54Z	3eebd82de8b4cb6fe0f34648a18677d02d81b3df0aa475b83a825b8ce30c0102	project-source-or-doc
staging_sfp_eeprom_diag/sfp_eeprom_reader.vhd	8729	2026-08-14T20:58:22Z	e2148c50046736758e8a6a03b9c74b32c8f2b3e6876d77a927d607c168236cf4	project-source-or-doc
staging_sfp_i2c_fix/DE5a_wr_master_dco_simplewa.vhd	19566	2026-08-14T19:39:32Z	5a66348771fec35a8e8f5ce672b3f2c5e2d2d61e0233e9f1701adb597aba1b76	project-source-or-doc
staging_sfp_i2c_fix/DE5a_wr_slave_dco_simplewa.vhd	19561	2026-08-14T19:39:32Z	8415807ea1abd64a27663a780b260e4a760db303f3d79618269b6d031c69d20d	project-source-or-doc
tmp_portc_fix/DE5a_wr_master_portc.sdc	263	2026-08-14T14:41:15Z	58f03072a811334431fa29c9cac14eb12f3b79b8d8b99818914d67c990a693bc	project-source-or-doc
tmp_portc_fix/DE5a_wr_master_portc.vhd	17265	2026-08-14T14:41:53Z	a70848710624469682b200586500a3b58ac0e12ecb77e06cd7b7e19b6fdbb6e8	project-source-or-doc
tmp_portc_fix/DE5a_wr_slave_portc.sdc	263	2026-08-14T14:41:15Z	58f03072a811334431fa29c9cac14eb12f3b79b8d8b99818914d67c990a693bc	project-source-or-doc
tmp_portc_fix/DE5a_wr_slave_portc.vhd	17260	2026-08-14T14:41:53Z	2ea17c5ef55ba84140f5758c4d8c4010c2dfe8c577da039fb05e19a06b43dd76	project-source-or-doc
week01/初步評估.md	27696	2026-08-07T14:02:44Z	02aaaf2884428693848ede9e124ff52e55df800d7bc75eef170f9250e528ce8f	project-source-or-doc
week02/v01/_ep_tx_framer.vhd	26856	2026-08-14T06:50:27Z	78ea6ccccd6fa8436ee8896022fdb3c2762bcfc123daae847036774921598f28	project-source-or-doc
week02/v01/_wrc_urv_wrapper.vhd	11875	2026-08-14T06:54:41Z	945d72c2dd35bf6b4b8832ac36eb2987c8cc4ba82b90ae2a528c2138363f6fc1	project-source-or-doc
week02/v01/實驗紀錄_原始版.md	760783	2026-08-14T05:41:58Z	c37c08841760d60e340b5793ff1258e91884300adde48b7d5efc74b068acb105	project-source-or-doc
week02/v01/實驗紀錄.md	146307	2026-08-14T23:18:05Z	d70837d1d892e0f4e660e2a0c8b52182a7297a31e525ddc217a3f280961be5a0	project-source-or-doc
week02/v01/clock625_jtagwb_diag/DE5a_wr_master_jtagwb.qpf	1321	2026-08-14T22:18:22Z	00c6c8bf581e7b0ee7d4fbbb9bf9f6ba7f875de71602a540de0f8d4d1309400b	project-source-or-doc
week02/v01/clock625_jtagwb_diag/DE5a_wr_master_jtagwb.qsf	34817	2026-08-14T23:00:54Z	5dc52c7ecfeee5762d963a9428551f503e826e76deec6b56cbe152e208bccc99	project-source-or-doc
week02/v01/clock625_jtagwb_diag/DE5a_wr_master_jtagwb.sdc	263	2026-08-14T22:15:56Z	b6a17ee37da9242677c038f3e18ec4251c38727515002a1bf2a83f39ee88d9b8	project-source-or-doc
week02/v01/clock625_jtagwb_diag/DE5a_wr_master_jtagwb.vhd	21065	2026-08-14T23:00:46Z	37b852c4c540fa263aa9c39ae15e92241ed79999da9c589e803b4a3965942e66	project-source-or-doc
week02/v01/clock625_jtagwb_diag/DE5a_wr_slave_jtagwb.qpf	1320	2026-08-14T22:18:22Z	a54206fd171eebd7fa5d244c4f9d421feeefb1787f4266bfdf28ebe9607b1119	project-source-or-doc
week02/v01/clock625_jtagwb_diag/DE5a_wr_slave_jtagwb.qsf	34813	2026-08-14T23:01:14Z	f14a634c2264e042b9c3f49efa907e5493a96d3cc344eee004b94a8087ede38c	project-source-or-doc
week02/v01/clock625_jtagwb_diag/DE5a_wr_slave_jtagwb.sdc	263	2026-08-14T22:15:58Z	b6a17ee37da9242677c038f3e18ec4251c38727515002a1bf2a83f39ee88d9b8	project-source-or-doc
week02/v01/clock625_jtagwb_diag/DE5a_wr_slave_jtagwb.vhd	21059	2026-08-14T23:01:06Z	929b2caef14998fb583a717ef5c827c37c14b137348b71512cfc3acbba3012d6	project-source-or-doc
week02/v01/clock625_jtagwb_diag/i2c_bus_controller_dco.v	15228	2026-08-14T23:17:24Z	8ffa064d1ee5c13061d47ee7fa58c948cc497818d73f3f34fa8cbc90335e9127	project-source-or-doc
week02/v01/clock625_jtagwb_diag/master_compile.log	412441	2026-08-14T23:17:25Z	80b2004d9df4cb66a11c98a92ccb7a5e696fbc09e390bf216c348c79efa189e0	artifact-or-log
week02/v01/clock625_jtagwb_diag/read_wr_runtime_snapshot.tcl	2440	2026-08-14T22:55:06Z	55d9a402270a3498932128c9098383059ed6cd5c767f46754fd92d70e76744f7	project-source-or-doc
week02/v01/clock625_jtagwb_diag/read_wr_wb_diag.tcl	3133	2026-08-14T22:45:43Z	f783a43d81068ea2c7d8da39e1da791b89b3b8c9489ea7b9b4d366a2acff893b	project-source-or-doc
week02/v01/clock625_jtagwb_diag/si5340a_controller_dco.v	7596	2026-08-14T23:17:21Z	ec4c639299beaa2eac765f8a1f7476adb7a3937247256927ec1ef9082e8890b1	project-source-or-doc
week02/v01/clock625_jtagwb_diag/si5340a_i2c_reg_controller_dco.v	31079	2026-08-14T23:17:23Z	a42138acbe6113e17148a79f422ca3bde13d85c298ab6872a89135d6b64ac671	project-source-or-doc
week02/v01/clock625_jtagwb_diag/slave_compile.log	412357	2026-08-14T23:17:27Z	67d9d6df386bee2b4c5f7b46b0a6a020cea9a614f81305848d0a8f989fe16477	artifact-or-log
week02/v01/clock625_jtagwb_diag/wr_jtag_wb_mailbox.vhd	5134	2026-08-14T22:16:51Z	a884ff11045626826fe182fe54b51f78f91749346e8cb2b940d4d53049a3c13c	project-source-or-doc
week02/v01/clock625_jtagwb_diag/wr_sys_clk_625.vhd	6278	2026-08-14T23:03:11Z	4d7dc7f6d43a613aac5c9eaaa2338e4068b455d8dad32fd569ba779f8af4bb35	project-source-or-doc
week02/v01/compile_DE5a_wr_full_v17.sh	675	2026-08-14T00:58:13Z	5b9102b1061b6416218afafa77ee3c561653c41748af714bdd355f490dcdd074	project-source-or-doc
week02/v01/compile_DE5a_wr_v17.sh	540	2026-08-14T00:52:48Z	6e3ea0ff5976b7bfa4d975739b0174aa02f61408790de0425e1a5cf89c8d0cbf	project-source-or-doc
week02/v01/DE5a_wr_full.qpf	59	2026-08-14T00:58:04Z	7f2e1a07667ecff4960548fb183a115324051ccb54283aeb2ffcfa65db98402f	project-source-or-doc
week02/v01/DE5a_wr_full.qsf	5018	2026-08-14T00:58:04Z	47d1fc026e990c6d283cd6caab33710d82ff6c47a33718c662e202381a873b8a	project-source-or-doc
week02/v01/DE5a_wr_full.sdc	182	2026-08-14T00:58:04Z	ebe5692704f6c029f921bda29a8895edfbcecbe46c16e0e6347f433e02442280	project-source-or-doc
week02/v01/DE5a_wr_full.v	3460	2026-08-14T00:58:48Z	527e7ade68c5ab09bc4de322ccfc5d7e15a08b2318a7466dbcbe2c790093aa62	project-source-or-doc
week02/v01/DE5a_wr_master_lane1.qpf	67	2026-08-14T13:57:23Z	780efc78f5d53620d81f6cde109483a2e1c61c7846aaeefcb93e4f1602bae229	project-source-or-doc
week02/v01/DE5a_wr_master_lane1.qsf	33411	2026-08-14T13:57:23Z	3586d13bd351053d6845f05446d23d7758899262151791cf0592c1aa1bcd383c	project-source-or-doc
week02/v01/DE5a_wr_master_lane1.sdc	263	2026-08-14T10:30:22Z	b6a17ee37da9242677c038f3e18ec4251c38727515002a1bf2a83f39ee88d9b8	project-source-or-doc
week02/v01/DE5a_wr_master_lane1.vhd	16482	2026-08-14T13:58:49Z	1c663dfb72111e5bb257763c8712b402f593798f61a49f4ad4e7a399c8a0fb10	project-source-or-doc
week02/v01/DE5a_wr_master_portb.qpf	67	2026-08-14T13:13:40Z	2b6d26d8cdb1df3b61c03ab7c69f22910d75dc0785c9b9872a118ee48d68a175	project-source-or-doc
week02/v01/DE5a_wr_master_portb.qsf	35962	2026-08-14T13:19:29Z	44a1659e5ad68402426a6789d02233215f3152ca76f95a45bf297423f3494b73	project-source-or-doc
week02/v01/DE5a_wr_master_portb.sdc	263	2026-08-14T10:30:22Z	b6a17ee37da9242677c038f3e18ec4251c38727515002a1bf2a83f39ee88d9b8	project-source-or-doc
week02/v01/DE5a_wr_master_portb.vhd	17053	2026-08-14T13:17:47Z	c0e71f2bf68ba0c7425e77c13b53bfe992aba7ac31949aa8b2df8cad887f3596	project-source-or-doc
week02/v01/DE5a_wr_master.qpf	61	2026-08-14T06:29:38Z	89e510084a6b37b249d54bd3bf8499dba3db99fd03a49b6897a1fdb5c7c3b2c0	project-source-or-doc
week02/v01/DE5a_wr_master.qsf	33695	2026-08-14T12:09:07Z	c0d6843d8a679af6db629202ce93b7a483a6dfb8c1b4567b1484fb7b2aaf36df	project-source-or-doc
week02/v01/DE5a_wr_master.sdc	263	2026-08-14T10:30:22Z	b6a17ee37da9242677c038f3e18ec4251c38727515002a1bf2a83f39ee88d9b8	project-source-or-doc
week02/v01/DE5a_wr_master.vhd	16450	2026-08-14T13:04:34Z	4cc88c3090e58dec70252ebd27ad7bffc760316ba8441c3fc9b4ad7922a65ecf	project-source-or-doc
week02/v01/DE5a_wr_slave_lane1.qpf	66	2026-08-14T13:57:23Z	a4a110c84d8f223f5212b6594aa5296999969d812690ca4e84fc8733828c3f8c	project-source-or-doc
week02/v01/DE5a_wr_slave_lane1.qsf	33406	2026-08-14T13:57:23Z	be6b7a700d0ee52e968691b908d1cf8dff35ff0783585dd6ac612efa111e8a27	project-source-or-doc
week02/v01/DE5a_wr_slave_lane1.sdc	263	2026-08-14T10:30:22Z	b6a17ee37da9242677c038f3e18ec4251c38727515002a1bf2a83f39ee88d9b8	project-source-or-doc
week02/v01/DE5a_wr_slave_lane1.vhd	16477	2026-08-14T13:58:49Z	af25e380bd000dbda05d92f3f09773df90f103c8f688fac038c6e3499daeeaf8	project-source-or-doc
week02/v01/DE5a_wr_slave_loopback.qpf	69	2026-08-14T13:37:28Z	c10c92fd26dcb2c5572e268ae9a9d152cd276746f153c132b0511e1a9c875096	project-source-or-doc
week02/v01/DE5a_wr_slave_loopback.qsf	33723	2026-08-14T13:37:28Z	21338d24739904adc16f5a901b4b4d7f81a9d9a269ad80a6850c7fcf147b15a9	project-source-or-doc
week02/v01/DE5a_wr_slave_loopback.sdc	263	2026-08-14T10:30:22Z	b6a17ee37da9242677c038f3e18ec4251c38727515002a1bf2a83f39ee88d9b8	project-source-or-doc
week02/v01/DE5a_wr_slave_loopback.vhd	16460	2026-08-14T13:38:14Z	aee3952fe9f2dcd5cfc05d7a2bcd96a83ad815db746b3cd7f48fc004a4e8ea5b	project-source-or-doc
week02/v01/DE5a_wr_slave_portb.qpf	66	2026-08-14T13:13:40Z	ae937b45d0ead6fb611a6bdde758762829b3788b978564e0f38b76eb5316770d	project-source-or-doc
week02/v01/DE5a_wr_slave_portb.qsf	35958	2026-08-14T13:19:29Z	4902c876412fc0d78a84b582c265c86dbdc09b76190233c85c9230e7b993a1ef	project-source-or-doc
week02/v01/DE5a_wr_slave_portb.sdc	263	2026-08-14T10:30:22Z	b6a17ee37da9242677c038f3e18ec4251c38727515002a1bf2a83f39ee88d9b8	project-source-or-doc
week02/v01/DE5a_wr_slave_portb.vhd	17048	2026-08-14T13:17:47Z	191d78d7c7b7f606bffa5ac343de81d52aa687f3435586ab0dbd3219a2ffb2d2	project-source-or-doc
week02/v01/DE5a_wr_slave.qpf	60	2026-08-14T09:57:30Z	42b8608cc86b068c044a3e501fde662e8a8cf0cd2840a9ed0dcb5b97e917a4aa	project-source-or-doc
week02/v01/DE5a_wr_slave.qsf	33689	2026-08-14T12:09:07Z	6e731b45d174931d6aaa29f4e51cb1585e568be4dc88a47eec05ca31372ce9cf	project-source-or-doc
week02/v01/DE5a_wr_slave.sdc	263	2026-08-14T10:30:22Z	b6a17ee37da9242677c038f3e18ec4251c38727515002a1bf2a83f39ee88d9b8	project-source-or-doc
week02/v01/DE5a_wr_slave.vhd	16445	2026-08-14T13:04:34Z	ee79103b127fda29f92f70591ff5a31bed6ec49d2eea7b23d5bef56321eb5bf7	project-source-or-doc
week02/v01/DE5a_wr.qpf	54	2026-08-14T00:52:04Z	a6bf50f57200c593ff76fe70987e7795eef421b7013bd3ea9e475ea397dfea40	project-source-or-doc
week02/v01/DE5a_wr.qsf	3869	2026-08-14T00:52:24Z	d1b418bdf25e1c87a0014e2c666e32ebe2370e8c44a3860cc9411608b05333a6	project-source-or-doc
week02/v01/DE5a_wr.sdc	182	2026-08-14T00:52:04Z	ebe5692704f6c029f921bda29a8895edfbcecbe46c16e0e6347f433e02442280	project-source-or-doc
week02/v01/DE5a_wr.v	4496	2026-08-14T00:52:04Z	dba526ffb895c5b6dbe25d3f733d3bf8dbd0db4037f16801cb6b3a745a70a9f8	project-source-or-doc
week02/v01/jtag_wb_diag/DE5a_wr_master_jtagwb.qpf	1321	2026-08-14T22:18:22Z	00c6c8bf581e7b0ee7d4fbbb9bf9f6ba7f875de71602a540de0f8d4d1309400b	project-source-or-doc
week02/v01/jtag_wb_diag/DE5a_wr_master_jtagwb.qsf	34761	2026-08-14T22:18:22Z	97e55930ed28721843af3c89151a5b5c1dd57ce55a8432d417f097dffe044d8f	project-source-or-doc
week02/v01/jtag_wb_diag/DE5a_wr_master_jtagwb.sdc	263	2026-08-14T22:15:56Z	b6a17ee37da9242677c038f3e18ec4251c38727515002a1bf2a83f39ee88d9b8	project-source-or-doc
week02/v01/jtag_wb_diag/DE5a_wr_master_jtagwb.vhd	20491	2026-08-14T22:17:24Z	3957d50724f2102feab816a11f4384c0b4549e782d36609c1aa9f49f8490c6e3	project-source-or-doc
week02/v01/jtag_wb_diag/DE5a_wr_slave_jtagwb.qpf	1320	2026-08-14T22:18:22Z	a54206fd171eebd7fa5d244c4f9d421feeefb1787f4266bfdf28ebe9607b1119	project-source-or-doc
week02/v01/jtag_wb_diag/DE5a_wr_slave_jtagwb.qsf	34757	2026-08-14T22:18:22Z	8b7fdf6bc53517b5e0ec8fd0bdeaa86a48e99bb590d9b49a771351bb0c42d497	project-source-or-doc
week02/v01/jtag_wb_diag/DE5a_wr_slave_jtagwb.sdc	263	2026-08-14T22:15:58Z	b6a17ee37da9242677c038f3e18ec4251c38727515002a1bf2a83f39ee88d9b8	project-source-or-doc
week02/v01/jtag_wb_diag/DE5a_wr_slave_jtagwb.vhd	20485	2026-08-14T22:17:24Z	94d2aa6a4176913c886838c2ca9f48b7880dc7512f389b6156fa5acb804d9237	project-source-or-doc
week02/v01/jtag_wb_diag/read_wr_runtime_snapshot.tcl	2440	2026-08-14T22:55:06Z	55d9a402270a3498932128c9098383059ed6cd5c767f46754fd92d70e76744f7	project-source-or-doc
week02/v01/jtag_wb_diag/read_wr_wb_diag.tcl	3133	2026-08-14T22:45:43Z	f783a43d81068ea2c7d8da39e1da791b89b3b8c9489ea7b9b4d366a2acff893b	project-source-or-doc
week02/v01/jtag_wb_diag/wr_jtag_wb_mailbox.vhd	5134	2026-08-14T22:16:51Z	a884ff11045626826fe182fe54b51f78f91749346e8cb2b940d4d53049a3c13c	project-source-or-doc
week02/v01/pain_preflight.sh	1644	2026-08-14T00:25:30Z	88587181a6d13fd38764e68ac0e1357812d416b5f5e1e23db230800bea285338	project-source-or-doc
week02/v01/program_DE5a_wr_full_v17.sh	509	2026-08-14T01:01:31Z	01a321067d2e77118181670a749a21644553a0397f0cbe2f33b533b197dd4478	project-source-or-doc
week02/v01/qsys_gen_e3p1_v17.sh	1432	2026-08-14T00:49:11Z	7661781ede34abacbc3afc0f11354769f69554cdaab8ec147053f37504901532	project-source-or-doc
week02/v01/qsys_gen_v17.sh	755	2026-08-14T00:43:52Z	35bbde5fc021ac3dfef705b6cb47d39f96ed257bb4b2f39870ba3c0d24b6fe49	project-source-or-doc
week02/v01/read_wr_sync_probe.tcl	1477	2026-08-14T11:17:15Z	72f35bf13f9f49ebaf67a9ee3405ac3de8b194aff202ca69ce253f285144bf4d	project-source-or-doc
week02/v01/si5340_controller/si5340a_freq_prameter_selector.v	2307	2026-08-14T10:30:22Z	e8b7330b6ad7c14f2a9b0d6833f2505533f629620b50fe4f0a1e1cc56ea217a1	project-source-or-doc
week02/v01/staging_dco_fix/si5340a_controller_dco.v	7596	2026-08-14T18:07:19Z	ec4c639299beaa2eac765f8a1f7476adb7a3937247256927ec1ef9082e8890b1	project-source-or-doc
week02/v01/staging_fwfix_normal/DE5a_wr_master_dco_simplewa.vhd	18623	2026-08-14T19:01:35Z	bc3cc46b9df930b1db846414450ad9061e41f82e108fd5b993e1f2fe26fefd4c	project-source-or-doc
week02/v01/staging_fwfix_normal/DE5a_wr_slave_dco_simplewa.vhd	18618	2026-08-14T19:01:35Z	b30408a7521f79fb1cf0dde32711a575080eb270b1e5252b3254c437235dfcb9	project-source-or-doc
week02/v01/staging_loadprobe/DE5a_wr_master_dco_simplewa.vhd	18634	2026-08-14T18:51:37Z	bb4b4af3f9b8775c0e7884d7d66617a3598ad5064dfde22025e8f4be2f5e0ec4	project-source-or-doc
week02/v01/staging_loadprobe/DE5a_wr_slave_dco_simplewa.vhd	18629	2026-08-14T18:51:37Z	d7bc343f74b3f42bde76668e0d5bd222254b25f92df630b24b25965da1750fea	project-source-or-doc
week02/v01/staging_nosfp_fix/DE5a_wr_master_dco_simplewa.vhd	18511	2026-08-14T18:27:43Z	cbbba109c999a598b07f6656e9894d16a2eb224475bc94a562da852bc9eed52f	project-source-or-doc
week02/v01/staging_nosfp_fix/DE5a_wr_slave_dco_simplewa.vhd	18506	2026-08-14T18:27:43Z	df82e118b342a206b5b8332a2dba7beda628bfadd0ea234ee9a9234dd57709b9	project-source-or-doc
week02/v01/staging_runtimeprobe/DE5a_wr_master_dco_simplewa.vhd	19542	2026-08-14T19:19:35Z	57170fb5d3537fce936fa9c987923988bfb3856e200805e80ff859067965b82f	project-source-or-doc
week02/v01/staging_runtimeprobe/DE5a_wr_slave_dco_simplewa.vhd	19537	2026-08-14T19:19:35Z	7d6be44504ca0e2eda8143086f4cff8e1892eb30903656effe52922b5fd47f0d	project-source-or-doc
week02/v01/vendor/wr-cores-arria10/platform/altera/wr_arria10_phy.vhd	42251	2026-08-14T12:22:11Z	dbc65b60ac0e7424e2b35a55a8e9c12cc006ea8c365252b039f64daabed16207	vendor-or-firmware-source
week02/v01/wr_update_submodules.sh	688	2026-08-14T00:45:20Z	59e53ffb908eb9962110cb6e35a4a9fbd4a5842cdb81de70432b1ceebcaa13c6	project-source-or-doc
week02/v01/wrpc-sw/dev/pps_gen.c	3942	2026-08-14T06:19:35Z	2cef25fe2bdfd1b54a53ec7a0b435a384c50e3ac0d94a825d1c626a454fa6d18	vendor-or-firmware-source
week02/v01/wrpc-sw/include/std/sys/types.h	207	2026-08-14T06:13:51Z	9e2c2d380d223b1eb874712d92720d4cdbaaa92d28d5790295c0f7414fc17a18	vendor-or-firmware-source
week02/v01/wrpc-sw/Makefile	10194	2026-08-14T06:20:39Z	e4370eea93c1d939bdb47ada9ec1df4ca284874cb97f9d707be0a61706804e44	vendor-or-firmware-source
week02/v01/wrpc-sw/ppsi/arch-wrpc/arch.mk	660	2026-08-14T06:22:03Z	1aeb9dacf9543cbc47a4b595628345c985ef4c69f71fe3413f17ed02d7c9090f	vendor-or-firmware-source
week02/v01/wrpc-sw/ppsi/lib/libc-functions.c	1925	2026-08-14T06:22:36Z	93a0ebb29e9432704f884094a14053952433436ac7a04803f947d111b5a70fa3	vendor-or-firmware-source
