BOARD,CYCLE,HOST_START_MS,HOST_END_MS,DURATION_MS,POSITION_VALID,ACCOUNTING_BEFORE_RAW,ACCOUNTING_AFTER_RAW,POSITION_RAW,BOOTSTRAP_RAW,ACTUATOR_RAW,POSITION_EPOCH,HELPER_TARGET_CODE,HELPER_APPLIED_CODE,HELPER_RESIDUAL_PRESENT,HELPER_FINC,HELPER_FDEC,HELPER_NORMAL_REQUEST,HELPER_NORMAL_COMPLETED,DCO_STEP,HELPER_BOOTSTRAP_COMPLETED,HELPER_BOOTSTRAP_DONE,HELPER_FORCED_FINC,HELPER_FORCED_FDEC,TRACKER_RAW
DE5 [1-11.2],1,1789536501293,1789536501302,9,1,61830D3C61830EBB,61830D3C61830EBB,0590092BE6C5E6DF,000000030D3C0000,00000D3C00000D3C,24963,59103,59077,1,2347,1424,3771,3771,24963,3388,1,3388,0,0EBB0EBBE6C5E6DF
DE5 [1-11.2],2,1789536502494,1789536502496,2,1,65470D3C65470F2D,65470D3C65470F2D,05CA0963E645E663,000000030D3C0000,00000D3C00000D3C,25927,58979,58949,1,2403,1482,3885,3885,25927,3388,1,3388,0,0F2D0F2DE645E664
DE5 [1-11.2],3,1789536503626,1789536503650,24,0,,,,,,,,,,,,3997,,,,,,,0F9D0F9DE5C5E5B4
DE5 [1-11.2],4,1789536504780,1789536504782,2,1,6C720D3C6C721000,6C720D3C6C721000,063309CDE685E67F,000000030D3C0000,00000D3C00000D3C,27762,59007,59013,1,2509,1587,4096,4096,27762,3388,1,3388,0,10001000E685E67D
DE5 [1-11.2],5,1789536505916,1789536505930,14,1,700E0D3C700E1026,700E0D3C700E1026,064509E1E705E6F5,000000030D3C0000,00000D3C00000D3C,28686,59125,59141,1,2529,1605,4134,4134,28686,3388,1,3388,0,10261026E705E6EF
DE5 [1-11.2],6,1789536507113,1789536507127,14,1,738F0D3C738F1072,738F0D3C738F1072,066B0A07E705E710,000000030D3C0000,00000D3C00000D3C,29583,59152,59141,1,2567,1643,4210,4210,29583,3388,1,3388,0,10721072E705E70D
DE5 [1-11.2],7,1789536508317,1789536508334,17,1,775B0D3C775B10A5,775B0D3C775B10A5,06840A21E745E738,000000030D3C0000,00000D3C00000D3C,30555,59192,59205,1,2593,1668,4261,4261,30555,3388,1,3388,0,10A510A5E745E736
DE5 [1-11.2],8,1789536509526,1789536509533,7,1,7B200D3C7B2010FF,7B200D3C7B2010FF,06B00A4FE7C5E7C5,000000030D3C0000,00000D3C00000D3C,31520,59333,59333,0,2639,1712,4351,4351,31520,3388,1,3388,0,10FF10FFE7C5E7C8
DE5 [1-11.2],9,1789536510718,1789536510724,6,1,7EE00D3C7EE0114B,7EE00D3C7EE0114B,06D50A76E845E82E,000000030D3C0000,00000D3C00000D3C,32480,59438,59461,1,2678,1749,4427,4427,32480,3388,1,3388,0,114B114BE845E82D
DE5 [1-11.2],10,1789536511910,1789536511935,25,0,,,,,,,,,,,,4494,,,,,,,118D118EE7C5E7E8
DE5 [1-11.2],11,1789536513076,1789536513077,1,1,85FA0D3C85FA11D7,85FA0D3C85FA11D7,071B0ABCE845E859,000000030D3C0000,00000D3C00000D3C,34298,59481,59461,1,2748,1819,4567,4567,34298,3388,1,3388,0,11D711D7E845E85E
DE5 [1-11.2],12,1789536514206,1789536514210,4,1,898B0D3C898B121E,898B0D3C898B121E,073F0ADFE805E81F,000000030D3C0000,00000D3C00000D3C,35211,59423,59397,1,2783,1855,4638,4638,35211,3388,1,3388,0,121E121EE805E81B
DE5 [1-11.2],13,1789536515405,1789536515432,27,0,,,,,,,,,,,,4763,,,,,,,129B129BE8C5E8D0
DE5 [1-11.2],14,1789536516586,1789536516592,6,1,90E20D3C90E212D1,90E20D3C90E212D1,07970B3AE8C5E8DD,000000030D3C0000,00000D3C00000D3C,37090,59613,59589,1,2874,1943,4817,4817,37090,3388,1,3388,0,12D112D1E8C5E8DC
DE5 [1-11.2],15,1789536517721,1789536517746,25,0,,,,,,,,,,,,4874,,,,,,,130A130AE905E90B
DE5 [1-11.2],16,1789536518928,1789536518949,21,1,98190D3C9819133A,98190D3C9819133A,07C90B71EA05E9F9,000000030D3C0000,00000D3C00000D3C,38937,59897,59909,1,2929,1993,4922,4922,38937,3388,1,3388,0,133A133AEA05E9FF
DE5 [1-11.2],17,1789536520095,1789536520120,25,0,,,,,,,,,,,,5035,,,,,,,13AB13ABE8C5E8B2
DE5 [1-11.2],18,1789536521316,1789536521323,7,1,9F8B0D3C9F8B13F1,9F8B0D3C9F8B13F1,08250BCCE9C5E9B7,000000030D3C0000,00000D3C00000D3C,40843,59831,59845,1,3020,2085,5105,5105,40843,3388,1,3388,0,13F113F1E9C5E9C0
DE5 [1-11.2],19,1789536522717,1789536522741,24,0,,,,,,,,,,,,5231,,,,,,,146F146FE9C5E9B7
DE5 [1-11.2],20,1789536523929,1789536523943,14,1,A7990D3CA79914BD,A7990D3CA79914BD,088B0C32E9C5E9BD,000000030D3C0000,00000D3C00000D3C,42905,59837,59845,1,3122,2187,5309,5309,42905,3388,1,3388,0,14BD14BDE9C5E9C6
DE5 [1-11.2],21,1789536525125,1789536525129,4,1,AB570D3CAB5714FD,AB570D3CAB5714FD,08A90C54EAC5EAA4,000000030D3C0000,00000D3C00000D3C,43863,60068,60101,1,3156,2217,5374,5373,43863,3388,1,3388,0,14FE14FEEA85EAA4
DE5 [1-11.2],22,1789536526530,1789536526556,26,1,AFD10D3CAFD11559,AFD10D3CAFD11559,08D80C81EA45EA61,000000030D3C0000,00000D3C00000D3C,45009,60001,59973,1,3201,2264,5465,5465,45009,3388,1,3388,0,15591559EA45EA62
DE5 [1-11.2],23,1789536527685,1789536527689,4,1,B34F0D3CB34F15D3,B34F0D3CB34F15D3,09140CBFEAC5EAEB,000000030D3C0000,00000D3C00000D3C,45903,60139,60101,1,3263,2324,5588,5587,45903,3388,1,3388,0,15D415D4EB05EAE6
DE5 [1-11.2],24,1789536528821,1789536528828,7,1,B6DF0D3CB6DF1607,B6DF0D3CB6DF1607,092D0CDAEB45EB5D,000000030D3C0000,00000D3C00000D3C,46815,60253,60229,1,3290,2349,5639,5639,46815,3388,1,3388,0,16071607EB45EB5B
DE5 [1-11.2],25,1789536530012,1789536530033,21,1,BAAE0D3CBAAE16B4,BAAE0D3CBAAE16B4,09830D31EB85EB99,000000030D3C0000,00000D3C00000D3C,47790,60313,60293,1,3377,2435,5812,5812,47790,3388,1,3388,0,16B416B4EB85EB99
DE5 [1-11.2],26,1789536531226,1789536531250,24,0,,,,,,,,,,,,5912,,,,,,,17181718EB85EB83
DE5 [1-11.2],27,1789536532427,1789536532429,2,1,C1E40D3CC1E41753,C1E40D3CC1E41753,09D20D81EBC5EBDE,000000030D3C0000,00000D3C00000D3C,49636,60382,60357,1,3457,2514,5971,5971,49636,3388,1,3388,0,17531753EBC5EBD8
DE5 [1-11.2],28,1789536533581,1789536533605,24,0,,,,,,,,,,,,6005,,,,,,,17751775EC45EC31
DE5 [1-11.2],29,1789536534803,1789536534819,16,1,C96D0D3CC96D17D6,C96D0D3CC96D17D6,0A120DC4EC85EC91,000000030D3C0000,00000D3C00000D3C,51565,60561,60549,1,3524,2578,6102,6102,51565,3388,1,3388,0,17D617D6EC85EC88
DE5 [1-11.2],30,1789536536014,1789536536015,1,1,CD300D3CCD30186E,CD300D3CCD30186E,0A5D0E11ED05ED1D,000000030D3C0000,00000D3C00000D3C,52528,60701,60677,1,3601,2653,6256,6254,52528,3388,1,3388,0,186F1870ED45ED1E
DE5 [1-11.2],31,1789536537206,1789536537232,26,0,,,,,,,,,,,,6363,,,,,,,18DA18DBEC05EC22
DE5 [1-11.2],32,1789536538425,1789536538448,23,1,D4B50D3CD4B51928,D4B50D3CD4B51928,0ABA0E6EED05ECE4,000000030D3C0000,00000D3C00000D3C,54453,60644,60677,1,3694,2746,6440,6440,54453,3388,1,3388,0,19281928ED05ECE7
DE5 [1-11.2],33,1789536539899,1789536539925,26,0,,,,,,,,,,,,6512,,,,,,,19701970ED85ED73
DE5 [1-11.2],34,1789536541116,1789536541142,26,0,,,,,,,,,,,,6628,,,,,,,19E319E4ED45ED21
DE5 [1-11.2],35,1789536542277,1789536542288,11,1,E0A70D3CE0A71A3F,E0A70D3CE0A71A3F,0B460EF9ECC5ECB1,000000030D3C0000,00000D3C00000D3C,57511,60593,60613,1,3833,2886,6719,6719,57511,3388,1,3388,0,1A3F1A3FECC5ECAA
DE5 [1-11.2],36,1789536543680,1789536543684,4,1,E5090D3CE5091A98,E5090D3CE5091A98,0B720F26ED05ED2C,000000030D3C0000,00000D3C00000D3C,58633,60716,60677,1,3878,2930,6809,6808,58633,3388,1,3388,0,1A991A99ED45ED27
DE5 [1-11.2],37,1789536544814,1789536544823,9,1,E89F0D3CE89F1B19,E89F0D3CE89F1B19,0BB20F67ED45ED30,000000030D3C0000,00000D3C00000D3C,59551,60720,60741,1,3943,2994,6937,6937,59551,3388,1,3388,0,1B191B19ED45ED31
DE5 [1-11.2],38,1789536546011,1789536546013,2,1,EC580D3CEC581B80,EC580D3CEC581B80,0BE40F9CEE05EE29,000000030D3C0000,00000D3C00000D3C,60504,60969,60933,1,3996,3044,7040,7040,60504,3388,1,3388,0,1B801B80EE05EE20
DE5 [1-11.2],39,1789536547216,1789536547223,7,1,F0100D3CF0101C2B,F0100D3CF0101C2B,0C3A0FF1EDC5EDB1,000000030D3C0000,00000D3C00000D3C,61456,60849,60869,1,4081,3130,7211,7211,61456,3388,1,3388,0,1C2B1C2BEDC5EDB0
DE5 [1-11.2],40,1789536548414,1789536548440,26,0,,,,,,,,,,,,7323,,,,,,,1C9B1C9BEDC5EDB0
DE5 [1-11.2],41,1789536549625,1789536549649,24,0,,,,,,,,,,,,7431,,,,,,,1D071D07EDC5EDE3
DE5 [1-11.2],42,1789536550777,1789536550783,6,1,FB480D3CFB481D3A,FB480D3CFB481D3A,0CC11079EE05EE0C,000000030D3C0000,00000D3C00000D3C,64328,60940,60933,1,4217,3265,7482,7482,64328,3388,1,3388,0,1D3A1D3AEE05EE06
DE5 [1-11.2],43,1789536551924,1789536551948,24,1,FEF30D3CFEF31D98,FEF30D3CFEF31D98,0CEF10A9EE85EE80,000000030D3C0000,00000D3C00000D3C,65267,61056,61061,1,4265,3311,7576,7576,65267,3388,1,3388,0,1D981D98EE85EE7B
DE5 [1-11.2],44,1789536553077,1789536553093,16,1,027F0D3C027F1DE0,027F0D3C027F1DE0,0D1310CDEE85EE6F,000000030D3C0000,00000D3C00000D3C,639,61039,61061,1,4301,3347,7648,7648,639,3388,1,3388,0,1DE01DE0EE85EE73
DE5 [1-11.2],45,1789536554217,1789536554226,9,1,05DB0D3C05DB1E3F,05DB0D3C05DB1E3F,0D4410FBEDC5EDDB,000000030D3C0000,00000D3C00000D3C,1499,60891,60869,1,4347,3396,7744,7743,1499,3388,1,3388,0,1E3F1E40EDC5EDE7
DE5 [1-11.2],46,1789536555404,1789536555428,24,1,09A40D3C09A41EAC,09A40D3C09A41EAC,0D7A1132EE05EE1D,000000030D3C0000,00000D3C00000D3C,2468,60957,60933,1,4402,3450,7852,7852,2468,3388,1,3388,0,1EAC1EACEE05EE1B
DE5 [1-11.2],47,1789536556614,1789536556623,9,1,0D670D3C0D671EEE,0D670D3C0D671EEE,0D9A1154EE85EEA6,000000030D3C0000,00000D3C00000D3C,3431,61094,61061,1,4436,3482,7920,7918,3431,3388,1,3388,0,1EEF1EF0EEC5EEA5
DE5 [1-11.2],48,1789536557817,1789536557836,19,1,110E0D3C110E1F5E,110E0D3C110E1F5E,0DD0118EEF85EF89,000000030D3C0000,00000D3C00000D3C,4366,61321,61317,1,4494,3536,8030,8030,4366,3388,1,3388,0,1F5E1F5EEF85EF88
DE5 [1-11.2],49,1789536559022,1789536559040,18,1,14D50D3C14D51FC9,14D50D3C14D51FC9,0E0511C4EFC5EFE7,000000030D3C0000,00000D3C00000D3C,5333,61415,61381,1,4548,3589,8139,8137,5333,3388,1,3388,0,1FCA1FCBF005EFE7
DE5 [1-11.2],50,1789536560225,1789536560241,16,1,18760D3C18762062,18760D3C18762062,0E521210EF85EFA2,000000030D3C0000,00000D3C00000D3C,6262,61346,61317,1,4624,3666,8290,8290,6262,3388,1,3388,0,20622062EF85EFA2
DE5 [1-11.2],51,1789536561425,1789536561438,13,1,1C3B0D3C1C3B20B0,1C3B0D3C1C3B20B0,0E781238F005F00A,000000030D3C0000,00000D3C00000D3C,7227,61450,61445,1,4664,3704,8368,8368,7227,3388,1,3388,0,20B020B0F005F00B
DE5 [1-11.2],52,1789536562627,1789536562641,14,1,1FCB0D3C1FCB20DC,1FCB0D3C1FCB20DC,0E8E124EF005F00C,000000030D3C0000,00000D3C00000D3C,8139,61452,61445,1,4686,3726,8412,8412,8139,3388,1,3388,0,20DC20DCF005F006
DE5 [1-11.2],53,1789536563776,1789536563783,7,1,23430D3C23432162,23430D3C23432162,0ECF1293F105F0E5,000000030D3C0000,00000D3C00000D3C,9027,61669,61701,1,4755,3791,8547,8546,9027,3388,1,3388,0,21632163F0C5F0E2
DE5 [1-11.2],54,1789536564915,1789536564939,24,0,,,,,,,,,,,,8665,,,,,,,21D921D9F045F03E
DE5 [1-11.2],55,1789536566081,1789536566106,25,0,,,,,,,,,,,,8755,,,,,,,22332233F145F145
DE5 [1-11.2],56,1789536567291,1789536567293,2,1,2E150D3C2E152297,2E150D3C2E152297,0F69132EF145F146,000000030D3C0000,00000D3C00000D3C,11797,61766,61765,1,4910,3945,8855,8855,11797,3388,1,3388,0,22972297F145F14B
DE5 [1-11.2],57,1789536568417,1789536568433,16,1,31A20D3C31A222EC,31A20D3C31A222EC,0F931359F185F181,000000030D3C0000,00000D3C00000D3C,12706,61825,61829,1,4953,3987,8940,8940,12706,3388,1,3388,0,22EC22ECF185F17B
DE5 [1-11.2],58,1789536569617,1789536569641,24,0,,,,,,,,,,,,9017,,,,,,,23392339F145F165
DE5 [1-11.2],59,1789536570778,1789536570779,1,1,39010D3C39012378,39010D3C39012378,0FD813A0F205F21E,000000030D3C0000,00000D3C00000D3C,14593,61982,61957,1,5024,4056,9080,9080,14593,3388,1,3388,0,23782378F205F21A
DE5 [1-11.2],60,1789536572289,1789536572314,25,0,,,,,,,,,,,,9198,,,,,,,23EE23EEF185F1A4
DE5 [1-11.2],61,1789536573496,1789536573519,23,1,41900D3C4190243D,41900D3C4190243D,103C1401F145F162,000000030D3C0000,00000D3C00000D3C,16784,61794,61765,1,5121,4156,9277,9277,16784,3388,1,3388,0,243D243DF145F164
DE5 [1-11.2],62,1789536574709,1789536574730,21,1,455C0D3C455C247A,455C0D3C455C247A,10591421F205F200,000000030D3C0000,00000D3C00000D3C,17756,61952,61957,1,5153,4185,9338,9338,17756,3388,1,3388,0,247A247AF205F203
DE5 [1-11.2],63,1789536575926,1789536575939,13,1,492D0D3C492D24E6,492D0D3C492D24E6,108F1457F205F1EB,000000030D3C0000,00000D3C00000D3C,18733,61931,61957,1,5207,4239,9446,9446,18733,3388,1,3388,0,24E624E6F205F1F4
DE5 [1-11.2],64,1789536577127,1789536577136,9,1,4CC00D3C4CC0254C,4CC00D3C4CC0254C,10C31489F185F16C,000000030D3C0000,00000D3C00000D3C,19648,61804,61829,1,5257,4291,9548,9548,19648,3388,1,3388,0,254C254CF185F16B
DE5 [1-11.2],65,1789536578324,1789536578343,19,1,508E0D3C508E25BD,508E0D3C508E25BD,10F914C4F2C5F2A1,000000030D3C0000,00000D3C00000D3C,20622,62113,62149,1,5316,4345,9663,9661,20622,3388,1,3388,0,25BE25BFF285F2A8
DE5 [1-11.2],66,1789536579795,1789536579801,6,1,55220D3C5522263A,55220D3C5522263A,11381502F285F298,000000030D3C0000,00000D3C00000D3C,21794,62104,62085,1,5378,4408,9786,9786,21794,3388,1,3388,0,263A263AF285F29C
DE5 [1-11.2],67,1789536580992,1789536581001,9,1,58B50D3C58B526C1,58B50D3C58B526C1,117B1546F2C5F2C0,000000030D3C0000,00000D3C00000D3C,22709,62144,62149,1,5446,4475,9921,9921,22709,3388,1,3388,0,26C126C1F2C5F2BE
DE5 [1-11.2],68,1789536582131,1789536582156,25,0,,,,,,,,,,,,10034,,,,,,,27322732F305F323
DE5 [1-11.2],69,1789536583616,1789536583634,18,1,60FF0D3C60FF279F,60FF0D3C60FF279F,11E815B7F3C5F3D3,000000030D3C0000,00000D3C00000D3C,24831,62419,62405,1,5559,4584,10143,10143,24831,3388,1,3388,0,279F279FF3C5F3D5
DE5 [1-11.2],70,1789536584819,1789536584842,23,0,,,,,,,,,,,,10210,,,,,,,27E227E2F305F2ED
DE5 [1-11.2],71,1789536586028,1789536586042,14,1,68930D3C6893283B,68930D3C6893283B,12371604F345F322,000000030D3C0000,00000D3C00000D3C,26771,62242,62277,1,5636,4663,10301,10299,26771,3388,1,3388,0,283C283DF305F326
DE5 [1-11.2],72,1789536587224,1789536587245,21,1,6C2E0D3C6C2E28E7,6C2E0D3C6C2E28E7,128D165AF345F339,000000030D3C0000,00000D3C00000D3C,27694,62265,62277,1,5722,4749,10471,10471,27694,3388,1,3388,0,28E728E7F345F337
DE5 [1-11.2],73,1789536588386,1789536588387,1,1,6FA50D3C6FA52997,6FA50D3C6FA52997,12E416B3F3C5F3B5,000000030D3C0000,00000D3C00000D3C,28581,62389,62405,1,5811,4836,10647,10647,28581,3388,1,3388,0,29972997F3C5F3B1
DE5 [1-11.2],74,1789536589529,1789536589530,1,1,733E0D3C733E29CA,733E0D3C733E29CA,12FF16CBF305F2EB,000000030D3C0000,00000D3C00000D3C,29502,62187,62213,1,5835,4863,10698,10698,29502,3388,1,3388,0,29CA29CAF305F2EA
DE5 [1-11.2],75,1789536590720,1789536590734,14,1,77060D3C77062A5D,77060D3C77062A5D,13491714F2C5F2C3,000000030D3C0000,00000D3C00000D3C,30470,62147,62149,1,5908,4937,10845,10845,30470,3388,1,3388,0,2A5D2A5DF2C5F2C7
DE5 [1-11.2],76,1789536591916,1789536591930,14,1,7AC90D3C7AC92AAD,7AC90D3C7AC92AAD,1370173DF345F35B,000000030D3C0000,00000D3C00000D3C,31433,62299,62277,1,5949,4976,10925,10925,31433,3388,1,3388,0,2AAD2AADF345F35F
DE5 [1-11.2],77,1789536593122,1789536593131,9,1,7E920D3C7E922B21,7E920D3C7E922B21,13AA1777F345F347,000000030D3C0000,00000D3C00000D3C,32402,62279,62277,1,6007,5034,11041,11041,32402,3388,1,3388,0,2B212B21F345F345
DE5 [1-11.2],78,1789536594312,1789536594337,25,0,,,,,,,,,,,,11167,,,,,,,2B9F2B9FF3C5F3BA
DE5 [1-11.2],79,1789536595517,1789536595538,21,1,86260D3C86262BFD,86260D3C86262BFD,141A17E3F245F259,000000030D3C0000,00000D3C00000D3C,34342,62041,62021,1,6115,5146,11261,11261,34342,3388,1,3388,0,2BFD2BFDF245F259
DE5 [1-11.2],80,1789536596727,1789536596743,16,1,89B90D3C89B92C88,89B90D3C89B92C88,145E182AF305F2F5,000000030D3C0000,00000D3C00000D3C,35257,62197,62213,1,6186,5214,11400,11400,35257,3388,1,3388,0,2C882C88F305F2F9
DE5 [1-11.2],81,1789536597929,1789536597930,1,1,8D760D3C8D762CCE,8D760D3C8D762CCE,1480184EF385F3A1,000000030D3C0000,00000D3C00000D3C,36214,62369,62341,1,6222,5248,11470,11470,36214,3388,1,3388,0,2CCE2CCEF385F39E
DE5 [1-11.2],82,1789536599117,1789536599121,4,1,91350D3C91352D23,91350D3C91352D23,14AA1879F3C5F3C5,000000030D3C0000,00000D3C00000D3C,37173,62405,62405,0,6265,5290,11555,11555,37173,3388,1,3388,0,2D232D23F3C5F3C4
DE5 [1-11.2],83,1789536600315,1789536600324,9,1,94FD0D3C94FD2D7B,94FD0D3C94FD2D7B,14D518A6F445F42C,000000030D3C0000,00000D3C00000D3C,38141,62508,62533,1,6310,5333,11643,11643,38141,3388,1,3388,0,2D7B2D7BF445F427
DE5 [1-11.2],84,1789536601523,1789536601549,26,0,,,,,,,,,,,,11756,,,,,,,2DEC2DECF405F3F9
DE5 [1-11.2],85,1789536602681,1789536602687,6,1,9C220D3C9C222E5A,9C220D3C9C222E5A,15441916F485F487,000000030D3C0000,00000D3C00000D3C,39970,62599,62597,1,6422,5444,11866,11866,39970,3388,1,3388,0,2E5A2E5AF485F483
DE5 [1-11.2],86,1789536603816,1789536603822,6,1,9FB50D3C9FB52E99,9FB50D3C9FB52E99,15641935F445F429,000000030D3C0000,00000D3C00000D3C,40885,62505,62533,1,6453,5476,11930,11929,40885,3388,1,3388,0,2E992E9AF445F428
DE5 [1-11.2],87,1789536605007,1789536605026,19,1,A37D0D3CA37D2F22,A37D0D3CA37D2F22,15A8197AF485F47C,000000030D3C0000,00000D3C00000D3C,41853,62588,62597,1,6522,5544,12066,12066,41853,3388,1,3388,0,2F222F22F485F47B
DE5 [1-11.2],88,1789536606213,1789536606240,27,0,,,,,,,,,,,,12105,,,,,,,2F492F49F4C5F4C2
DE5 [1-11.2],89,1789536607376,1789536607378,2,1,AAB70D3CAAB72F77,AAB70D3CAAB72F77,15D119A6F545F529,000000030D3C0000,00000D3C00000D3C,43703,62761,62789,1,6566,5585,12151,12151,43703,3388,1,3388,0,2F772F77F545F52C
DE5 [1-11.2],90,1789536608524,1789536608533,9,1,AE3D0D3CAE3D2FD6,AE3D0D3CAE3D2FD6,160119D5F505F521,000000030D3C0000,00000D3C00000D3C,44605,62753,62725,1,6613,5633,12246,12246,44605,3388,1,3388,0,2FD62FD6F505F523
DE5 [1-11.2],91,1789536609714,1789536609738,24,0,,,,,,,,,,,,12308,,,,,,,30143014F505F521
DE5 [1-11.2],92,1789536610877,1789536610878,1,1,B57E0D3CB57E3066,B57E0D3CB57E3066,16481A1EF585F588,000000030D3C0000,00000D3C00000D3C,46462,62856,62853,1,6686,5704,12390,12390,46462,3388,1,3388,0,30663066F585F585
DE5 [1-11.2],93,1789536612007,1789536612031,24,0,,,,,,,,,,,,12505,,,,,,,30D930D9F545F52C
DE5 [1-11.2],94,1789536613214,1789536613215,1,1,BCD90D3CBCD93145,BCD90D3CBCD93145,16B81A8DF545F54D,000000030D3C0000,00000D3C00000D3C,48345,62797,62789,1,6797,5816,12613,12613,48345,3388,1,3388,0,31453145F545F54B
DE5 [1-11.2],95,1789536614402,1789536614406,4,1,C0950D3CC0953184,C0950D3CC0953184,16D61AAEF605F603,000000030D3C0000,00000D3C00000D3C,49301,62979,62981,1,6830,5846,12676,12676,49301,3388,1,3388,0,31843184F605F5FB
DE5 [1-11.2],96,1789536615593,1789536615602,9,1,C45A0D3CC45A31CB,C45A0D3CC45A31CB,16FA1AD1F5C5F5DE,000000030D3C0000,00000D3C00000D3C,50266,62942,62917,1,6865,5882,12747,12747,50266,3388,1,3388,0,31CB31CBF5C5F5DD
DE5 [1-11.2],97,1789536616788,1789536616789,1,1,C8180D3CC8183242,C8180D3CC8183242,17361B0CF585F5A2,000000030D3C0000,00000D3C00000D3C,51224,62882,62853,1,6924,5942,12866,12866,51224,3388,1,3388,0,32423242F585F5A4
DE5 [1-11.2],98,1789536617922,1789536617947,25,0,,,,,,,,,,,,12983,,,,,,,32B732B7F5C5F5BD
DE5 [1-11.2],99,1789536619079,1789536619090,11,1,CF1F0D3CCF1F3303,CF1F0D3CCF1F3303,17961B6DF5C5F5CA,000000030D3C0000,00000D3C00000D3C,53023,62922,62917,1,7021,6038,13059,13059,53023,3388,1,3388,0,33033303F5C5F5C5
DE5 [1-11.2],100,1789536620215,1789536620228,13,1,D2B20D3CD2B23334,D2B20D3CD2B23334,17AE1B86F605F607,000000030D3C0000,00000D3C00000D3C,53938,62983,62981,1,7046,6062,13108,13108,53938,3388,1,3388,0,33343334F605F5FF
