BOARD,CYCLE,PROBE,NAME,HOST_START_MS,HOST_END_MS,DURATION_MS,RAW,VALID,WIDTH_BITS,PACKING,MULTI_PROBE_ATOMICITY
DE5 [1-11.2],1,52,STATUS,1789536501631,1789536501631,0,93C04319A39A000C,1,32,MAIN_LOW32_HELPER_HIGH32,NOT_AVAILABLE
DE5 [1-11.2],1,53,PENDING,1789536501631,1789536501632,1,00000D3C00005017,1,32,MAIN_LOW32_HELPER_HIGH32,NOT_AVAILABLE
DE5 [1-11.2],1,57,MAX_WAIT,1789536501723,1789536501723,0,6E74B200000F0BE5,1,32,MAIN_LOW32_HELPER_HIGH32,NOT_AVAILABLE
DE5 [1-11.2],1,58,CURRENT_WAIT,1789536501723,1789536501724,1,6022,1,32,MAIN_LOW32_HELPER_HIGH32,NOT_AVAILABLE
DE5 [1-11.2],1,59,LATENCY,1789536501724,1789536501724,0,0000EFFF0000F001,1,32,MAIN_LOW32_HELPER_HIGH32,NOT_AVAILABLE
DE5 [1-11.2],1,60,FAILURE,1789536501724,1789536501724,0,0,1,32,MAIN_LOW32_HELPER_HIGH32,NOT_AVAILABLE
DE5 [1-11.2],1,61,FIRST_LOSS,1789536501724,1789536501725,1,018B640200000000,1,32,MAIN_LOW32_HELPER_HIGH32,NOT_AVAILABLE
DE5 [1-11.2],2,52,STATUS,1789536502824,1789536502824,0,974E3401949C000D,1,32,MAIN_LOW32_HELPER_HIGH32,NOT_AVAILABLE
DE5 [1-11.2],2,53,PENDING,1789536502824,1789536502824,0,00000D3C000053B3,1,32,MAIN_LOW32_HELPER_HIGH32,NOT_AVAILABLE
DE5 [1-11.2],3,52,STATUS,1789536503981,1789536503981,0,9AC0E2A07B5C000D,1,32,MAIN_LOW32_HELPER_HIGH32,NOT_AVAILABLE
DE5 [1-11.2],3,53,PENDING,1789536503981,1789536503981,0,00000D3C0000572C,1,32,MAIN_LOW32_HELPER_HIGH32,NOT_AVAILABLE
DE5 [1-11.2],4,52,STATUS,1789536505116,1789536505116,0,9E22F9915FDE000D,1,32,MAIN_LOW32_HELPER_HIGH32,NOT_AVAILABLE
DE5 [1-11.2],4,53,PENDING,1789536505116,1789536505116,0,00000D3C00005A9F,1,32,MAIN_LOW32_HELPER_HIGH32,NOT_AVAILABLE
DE5 [1-11.2],4,57,MAX_WAIT,1789536505208,1789536505208,0,789DC600000F0BE5,1,32,MAIN_LOW32_HELPER_HIGH32,NOT_AVAILABLE
DE5 [1-11.2],4,58,CURRENT_WAIT,1789536505208,1789536505208,0,00000000000076C3,1,32,MAIN_LOW32_HELPER_HIGH32,NOT_AVAILABLE
DE5 [1-11.2],4,59,LATENCY,1789536505208,1789536505209,1,0000EFFF0000F001,1,32,MAIN_LOW32_HELPER_HIGH32,NOT_AVAILABLE
DE5 [1-11.2],4,60,FAILURE,1789536505209,1789536505209,0,0,1,32,MAIN_LOW32_HELPER_HIGH32,NOT_AVAILABLE
DE5 [1-11.2],4,61,FIRST_LOSS,1789536505209,1789536505209,0,01B72C0200000000,1,32,MAIN_LOW32_HELPER_HIGH32,NOT_AVAILABLE
DE5 [1-11.2],5,52,STATUS,1789536506261,1789536506261,0,A18CCACB44D00000,1,32,MAIN_LOW32_HELPER_HIGH32,NOT_AVAILABLE
DE5 [1-11.2],5,53,PENDING,1789536506261,1789536506262,1,00000D3C00005E18,1,32,MAIN_LOW32_HELPER_HIGH32,NOT_AVAILABLE
DE5 [1-11.2],6,52,STATUS,1789536507460,1789536507461,1,A51FD4EF275E0005,1,32,MAIN_LOW32_HELPER_HIGH32,NOT_AVAILABLE
DE5 [1-11.2],6,53,PENDING,1789536507461,1789536507461,0,00000D3C000061A1,1,32,MAIN_LOW32_HELPER_HIGH32,NOT_AVAILABLE
DE5 [1-11.2],7,52,STATUS,1789536508668,1789536508668,0,A8B8D1741A1E000D,1,32,MAIN_LOW32_HELPER_HIGH32,NOT_AVAILABLE
DE5 [1-11.2],7,53,PENDING,1789536508668,1789536508668,0,00000D3C00006566,1,32,MAIN_LOW32_HELPER_HIGH32,NOT_AVAILABLE
DE5 [1-11.2],7,57,MAX_WAIT,1789536508759,1789536508760,1,83BE7200000F0BE5,1,32,MAIN_LOW32_HELPER_HIGH32,NOT_AVAILABLE
DE5 [1-11.2],7,58,CURRENT_WAIT,1789536508760,1789536508760,0,4214,1,32,MAIN_LOW32_HELPER_HIGH32,NOT_AVAILABLE
DE5 [1-11.2],7,59,LATENCY,1789536508760,1789536508760,0,0000EFFF0000F001,1,32,MAIN_LOW32_HELPER_HIGH32,NOT_AVAILABLE
DE5 [1-11.2],7,60,FAILURE,1789536508760,1789536508760,0,0,1,32,MAIN_LOW32_HELPER_HIGH32,NOT_AVAILABLE
DE5 [1-11.2],7,61,FIRST_LOSS,1789536508760,1789536508761,1,01E2CC0200000000,1,32,MAIN_LOW32_HELPER_HIGH32,NOT_AVAILABLE
DE5 [1-11.2],8,52,STATUS,1789536509861,1789536509862,1,AC47A8BD0A5E000D,1,32,MAIN_LOW32_HELPER_HIGH32,NOT_AVAILABLE
DE5 [1-11.2],8,53,PENDING,1789536509862,1789536509862,0,00000D3C000068F2,1,32,MAIN_LOW32_HELPER_HIGH32,NOT_AVAILABLE
DE5 [1-11.2],9,52,STATUS,1789536511055,1789536511055,0,AFD6419AE85A000D,1,32,MAIN_LOW32_HELPER_HIGH32,NOT_AVAILABLE
DE5 [1-11.2],9,53,PENDING,1789536511055,1789536511056,1,00000D3C00006C6F,1,32,MAIN_LOW32_HELPER_HIGH32,NOT_AVAILABLE
DE5 [1-11.2],10,52,STATUS,1789536512272,1789536512272,0,B376CD53DD9C000C,1,32,MAIN_LOW32_HELPER_HIGH32,NOT_AVAILABLE
DE5 [1-11.2],10,53,PENDING,1789536512272,1789536512273,1,00000D3C00007021,1,32,MAIN_LOW32_HELPER_HIGH32,NOT_AVAILABLE
DE5 [1-11.2],10,57,MAX_WAIT,1789536512364,1789536512365,1,8E8B4E00000F0BE5,1,32,MAIN_LOW32_HELPER_HIGH32,NOT_AVAILABLE
DE5 [1-11.2],10,58,CURRENT_WAIT,1789536512365,1789536512365,0,0,1,32,MAIN_LOW32_HELPER_HIGH32,NOT_AVAILABLE
DE5 [1-11.2],10,59,LATENCY,1789536512365,1789536512366,1,0000EFFF0000F001,1,32,MAIN_LOW32_HELPER_HIGH32,NOT_AVAILABLE
DE5 [1-11.2],10,60,FAILURE,1789536512366,1789536512366,0,0,1,32,MAIN_LOW32_HELPER_HIGH32,NOT_AVAILABLE
DE5 [1-11.2],10,61,FIRST_LOSS,1789536512366,1789536512366,0,020F040200000000,1,32,MAIN_LOW32_HELPER_HIGH32,NOT_AVAILABLE
DE5 [1-11.2],11,52,STATUS,1789536513405,1789536513406,1,B6D7848AC11A0005,1,32,MAIN_LOW32_HELPER_HIGH32,NOT_AVAILABLE
DE5 [1-11.2],11,53,PENDING,1789536513406,1789536513406,0,00000D3C0000739F,1,32,MAIN_LOW32_HELPER_HIGH32,NOT_AVAILABLE
DE5 [1-11.2],12,52,STATUS,1789536514547,1789536514548,1,BA3EBE49A6DE000D,1,32,MAIN_LOW32_HELPER_HIGH32,NOT_AVAILABLE
DE5 [1-11.2],12,53,PENDING,1789536514548,1789536514548,0,00000D3C00007735,1,32,MAIN_LOW32_HELPER_HIGH32,NOT_AVAILABLE
DE5 [1-11.2],13,52,STATUS,1789536515766,1789536515767,1,BDE0CF1891DC000D,1,32,MAIN_LOW32_HELPER_HIGH32,NOT_AVAILABLE
DE5 [1-11.2],13,53,PENDING,1789536515767,1789536515767,0,00000D3C00007AA7,1,32,MAIN_LOW32_HELPER_HIGH32,NOT_AVAILABLE
DE5 [1-11.2],13,57,MAX_WAIT,1789536515857,1789536515858,1,986AFE00000F0BE5,1,32,MAIN_LOW32_HELPER_HIGH32,NOT_AVAILABLE
DE5 [1-11.2],13,58,CURRENT_WAIT,1789536515858,1789536515858,0,000000000000634C,1,32,MAIN_LOW32_HELPER_HIGH32,NOT_AVAILABLE
DE5 [1-11.2],13,59,LATENCY,1789536515858,1789536515858,0,0000EFFF0000F001,1,32,MAIN_LOW32_HELPER_HIGH32,NOT_AVAILABLE
DE5 [1-11.2],13,60,FAILURE,1789536515858,1789536515859,1,0,1,32,MAIN_LOW32_HELPER_HIGH32,NOT_AVAILABLE
DE5 [1-11.2],13,61,FIRST_LOSS,1789536515859,1789536515859,0,023A480200000000,1,32,MAIN_LOW32_HELPER_HIGH32,NOT_AVAILABLE
DE5 [1-11.2],14,52,STATUS,1789536516923,1789536516923,0,C152EFFC7B1E000D,1,32,MAIN_LOW32_HELPER_HIGH32,NOT_AVAILABLE
DE5 [1-11.2],14,53,PENDING,1789536516923,1789536516923,0,00000D3C00007E35,1,32,MAIN_LOW32_HELPER_HIGH32,NOT_AVAILABLE
DE5 [1-11.2],15,52,STATUS,1789536518074,1789536518074,0,C4C1232A575C000D,1,32,MAIN_LOW32_HELPER_HIGH32,NOT_AVAILABLE
DE5 [1-11.2],15,53,PENDING,1789536518074,1789536518074,0,00000D3C000081B9,1,32,MAIN_LOW32_HELPER_HIGH32,NOT_AVAILABLE
DE5 [1-11.2],16,52,STATUS,1789536519280,1789536519280,0,C8597432499A000C,1,32,MAIN_LOW32_HELPER_HIGH32,NOT_AVAILABLE
DE5 [1-11.2],16,53,PENDING,1789536519280,1789536519281,1,00000D3C0000856C,1,32,MAIN_LOW32_HELPER_HIGH32,NOT_AVAILABLE
DE5 [1-11.2],16,57,MAX_WAIT,1789536519371,1789536519371,0,A377EC00000F0BE5,1,32,MAIN_LOW32_HELPER_HIGH32,NOT_AVAILABLE
DE5 [1-11.2],16,58,CURRENT_WAIT,1789536519371,1789536519372,1,0000000000001F79,1,32,MAIN_LOW32_HELPER_HIGH32,NOT_AVAILABLE
DE5 [1-11.2],16,59,LATENCY,1789536519372,1789536519372,0,0000EFFF0000F001,1,32,MAIN_LOW32_HELPER_HIGH32,NOT_AVAILABLE
DE5 [1-11.2],16,60,FAILURE,1789536519372,1789536519372,0,0,1,32,MAIN_LOW32_HELPER_HIGH32,NOT_AVAILABLE
DE5 [1-11.2],16,61,FIRST_LOSS,1789536519372,1789536519373,1,0265C00200000000,1,32,MAIN_LOW32_HELPER_HIGH32,NOT_AVAILABLE
DE5 [1-11.2],17,52,STATUS,1789536520450,1789536520450,0,CBD5B727349C000D,1,32,MAIN_LOW32_HELPER_HIGH32,NOT_AVAILABLE
DE5 [1-11.2],17,53,PENDING,1789536520450,1789536520450,0,00000D3C000088F0,1,32,MAIN_LOW32_HELPER_HIGH32,NOT_AVAILABLE
DE5 [1-11.2],18,52,STATUS,1789536521918,1789536521918,0,D035CAB34F1A000D,1,32,MAIN_LOW32_HELPER_HIGH32,NOT_AVAILABLE
DE5 [1-11.2],18,53,PENDING,1789536521918,1789536521918,0,00000D3C00008D61,1,32,MAIN_LOW32_HELPER_HIGH32,NOT_AVAILABLE
DE5 [1-11.2],19,52,STATUS,1789536523074,1789536523074,0,D3A7C4E1371E000D,1,32,MAIN_LOW32_HELPER_HIGH32,NOT_AVAILABLE
DE5 [1-11.2],19,53,PENDING,1789536523074,1789536523074,0,00000D3C000090DD,1,32,MAIN_LOW32_HELPER_HIGH32,NOT_AVAILABLE
DE5 [1-11.2],19,57,MAX_WAIT,1789536523164,1789536523164,0,AEBB2000000F0BE5,1,32,MAIN_LOW32_HELPER_HIGH32,NOT_AVAILABLE
DE5 [1-11.2],19,58,CURRENT_WAIT,1789536523164,1789536523164,0,0000000000001D48,1,32,MAIN_LOW32_HELPER_HIGH32,NOT_AVAILABLE
DE5 [1-11.2],19,59,LATENCY,1789536523164,1789536523164,0,0000EFFF0000F001,1,32,MAIN_LOW32_HELPER_HIGH32,NOT_AVAILABLE
DE5 [1-11.2],19,60,FAILURE,1789536523164,1789536523165,1,0,1,32,MAIN_LOW32_HELPER_HIGH32,NOT_AVAILABLE
DE5 [1-11.2],19,61,FIRST_LOSS,1789536523165,1789536523165,0,294980200000000,1,32,MAIN_LOW32_HELPER_HIGH32,NOT_AVAILABLE
DE5 [1-11.2],20,52,STATUS,1789536524271,1789536524272,1,D7397EA3285E000D,1,32,MAIN_LOW32_HELPER_HIGH32,NOT_AVAILABLE
DE5 [1-11.2],20,53,PENDING,1789536524272,1789536524272,0,00000D3C0000948C,1,32,MAIN_LOW32_HELPER_HIGH32,NOT_AVAILABLE
DE5 [1-11.2],21,52,STATUS,1789536525726,1789536525727,1,DB8F86EA4E5E000D,1,32,MAIN_LOW32_HELPER_HIGH32,NOT_AVAILABLE
DE5 [1-11.2],21,53,PENDING,1789536525727,1789536525727,0,00000D3C00009903,1,32,MAIN_LOW32_HELPER_HIGH32,NOT_AVAILABLE
DE5 [1-11.2],22,52,STATUS,1789536526884,1789536526884,0,DF02F904371A000C,1,32,MAIN_LOW32_HELPER_HIGH32,NOT_AVAILABLE
DE5 [1-11.2],22,53,PENDING,1789536526885,1789536526885,0,00000D3C00009C74,1,32,MAIN_LOW32_HELPER_HIGH32,NOT_AVAILABLE
DE5 [1-11.2],22,57,MAX_WAIT,1789536526975,1789536526975,0,BA1F8000000F0BE5,1,32,MAIN_LOW32_HELPER_HIGH32,NOT_AVAILABLE
DE5 [1-11.2],22,58,CURRENT_WAIT,1789536526975,1789536526975,0,000000000000B334,1,32,MAIN_LOW32_HELPER_HIGH32,NOT_AVAILABLE
DE5 [1-11.2],22,59,LATENCY,1789536526975,1789536526975,0,0000EFFF0000F001,1,32,MAIN_LOW32_HELPER_HIGH32,NOT_AVAILABLE
DE5 [1-11.2],22,60,FAILURE,1789536526975,1789536526976,1,0,1,32,MAIN_LOW32_HELPER_HIGH32,NOT_AVAILABLE
DE5 [1-11.2],22,61,FIRST_LOSS,1789536526976,1789536526976,0,02C4940200000000,1,32,MAIN_LOW32_HELPER_HIGH32,NOT_AVAILABLE
DE5 [1-11.2],23,52,STATUS,1789536528021,1789536528021,0,E265F7AE151C0005,1,32,MAIN_LOW32_HELPER_HIGH32,NOT_AVAILABLE
DE5 [1-11.2],23,53,PENDING,1789536528021,1789536528021,0,00000D3C00009FE2,1,32,MAIN_LOW32_HELPER_HIGH32,NOT_AVAILABLE
DE5 [1-11.2],24,52,STATUS,1789536529156,1789536529156,0,E5C84C1AFA9E000D,1,32,MAIN_LOW32_HELPER_HIGH32,NOT_AVAILABLE
DE5 [1-11.2],24,53,PENDING,1789536529156,1789536529157,1,00000D3C0000A347,1,32,MAIN_LOW32_HELPER_HIGH32,NOT_AVAILABLE
DE5 [1-11.2],25,52,STATUS,1789536530360,1789536530361,1,E95EF8ECEDDC000D,1,32,MAIN_LOW32_HELPER_HIGH32,NOT_AVAILABLE
DE5 [1-11.2],25,53,PENDING,1789536530361,1789536530361,0,00000D3C0000A6DC,1,32,MAIN_LOW32_HELPER_HIGH32,NOT_AVAILABLE
DE5 [1-11.2],25,57,MAX_WAIT,1789536530450,1789536530451,1,C45D4200000F0BE5,1,32,MAIN_LOW32_HELPER_HIGH32,NOT_AVAILABLE
DE5 [1-11.2],25,58,CURRENT_WAIT,1789536530451,1789536530451,0,000000000000A5F8,1,32,MAIN_LOW32_HELPER_HIGH32,NOT_AVAILABLE
DE5 [1-11.2],25,59,LATENCY,1789536530451,1789536530451,0,0000EFFF0000F001,1,32,MAIN_LOW32_HELPER_HIGH32,NOT_AVAILABLE
DE5 [1-11.2],25,60,FAILURE,1789536530451,1789536530451,0,0,1,32,MAIN_LOW32_HELPER_HIGH32,NOT_AVAILABLE
DE5 [1-11.2],25,61,FIRST_LOSS,1789536530451,1789536530452,1,02F0040200000000,1,32,MAIN_LOW32_HELPER_HIGH32,NOT_AVAILABLE
DE5 [1-11.2],26,52,STATUS,1789536531578,1789536531578,0,ED0001CDE35A000D,1,32,MAIN_LOW32_HELPER_HIGH32,NOT_AVAILABLE
DE5 [1-11.2],26,53,PENDING,1789536531578,1789536531578,0,00000D3C0000AA91,1,32,MAIN_LOW32_HELPER_HIGH32,NOT_AVAILABLE
DE5 [1-11.2],27,52,STATUS,1789536532761,1789536532761,0,F08653BFBC5C000D,1,32,MAIN_LOW32_HELPER_HIGH32,NOT_AVAILABLE
DE5 [1-11.2],27,53,PENDING,1789536532761,1789536532761,0,00000D3C0000ADFA,1,32,MAIN_LOW32_HELPER_HIGH32,NOT_AVAILABLE
DE5 [1-11.2],28,52,STATUS,1789536533934,1789536533935,1,F405CBEAA89E0005,1,32,MAIN_LOW32_HELPER_HIGH32,NOT_AVAILABLE
DE5 [1-11.2],28,53,PENDING,1789536533935,1789536533935,0,00000D3C0000B1A4,1,32,MAIN_LOW32_HELPER_HIGH32,NOT_AVAILABLE
DE5 [1-11.2],28,57,MAX_WAIT,1789536534026,1789536534026,0,CEDE3E00000F0BE5,1,32,MAIN_LOW32_HELPER_HIGH32,NOT_AVAILABLE
DE5 [1-11.2],28,58,CURRENT_WAIT,1789536534026,1789536534027,1,0000000000003F50,1,32,MAIN_LOW32_HELPER_HIGH32,NOT_AVAILABLE
DE5 [1-11.2],28,59,LATENCY,1789536534027,1789536534027,0,0000EFFF0000F001,1,32,MAIN_LOW32_HELPER_HIGH32,NOT_AVAILABLE
DE5 [1-11.2],28,60,FAILURE,1789536534027,1789536534027,0,0,1,32,MAIN_LOW32_HELPER_HIGH32,NOT_AVAILABLE
DE5 [1-11.2],28,61,FIRST_LOSS,1789536534027,1789536534027,0,031BB40200000000,1,32,MAIN_LOW32_HELPER_HIGH32,NOT_AVAILABLE
DE5 [1-11.2],29,52,STATUS,1789536535151,1789536535151,0,F7A61BF69EDE000D,1,32,MAIN_LOW32_HELPER_HIGH32,NOT_AVAILABLE
DE5 [1-11.2],29,53,PENDING,1789536535151,1789536535152,1,00000D3C0000B53F,1,32,MAIN_LOW32_HELPER_HIGH32,NOT_AVAILABLE
DE5 [1-11.2],30,52,STATUS,1789536536347,1789536536347,0,FB3646DC8E9E000D,1,32,MAIN_LOW32_HELPER_HIGH32,NOT_AVAILABLE
DE5 [1-11.2],30,53,PENDING,1789536536347,1789536536347,0,00000D3C0000B8BC,1,32,MAIN_LOW32_HELPER_HIGH32,NOT_AVAILABLE
DE5 [1-11.2],31,52,STATUS,1789536537565,1789536537565,0,FED769DD7B9E000D,1,32,MAIN_LOW32_HELPER_HIGH32,NOT_AVAILABLE
DE5 [1-11.2],31,53,PENDING,1789536537565,1789536537565,0,00000D3C0000BC53,1,32,MAIN_LOW32_HELPER_HIGH32,NOT_AVAILABLE
DE5 [1-11.2],31,57,MAX_WAIT,1789536537656,1789536537657,1,D9EB5C00000F0BE5,1,32,MAIN_LOW32_HELPER_HIGH32,NOT_AVAILABLE
DE5 [1-11.2],31,58,CURRENT_WAIT,1789536537657,1789536537657,0,0000000000001D6C,1,32,MAIN_LOW32_HELPER_HIGH32,NOT_AVAILABLE
DE5 [1-11.2],31,59,LATENCY,1789536537657,1789536537657,0,0000EFFF0000F001,1,32,MAIN_LOW32_HELPER_HIGH32,NOT_AVAILABLE
DE5 [1-11.2],31,60,FAILURE,1789536537657,1789536537657,0,0,1,32,MAIN_LOW32_HELPER_HIGH32,NOT_AVAILABLE
DE5 [1-11.2],31,61,FIRST_LOSS,1789536537657,1789536537658,1,inf,1,32,MAIN_LOW32_HELPER_HIGH32,NOT_AVAILABLE
DE5 [1-11.2],32,52,STATUS,1789536539042,1789536539043,1,033EE5D2A61C000D,1,32,MAIN_LOW32_HELPER_HIGH32,NOT_AVAILABLE
DE5 [1-11.2],32,53,PENDING,1789536539043,1789536539043,0,00000D3C0000C0DD,1,32,MAIN_LOW32_HELPER_HIGH32,NOT_AVAILABLE
DE5 [1-11.2],33,52,STATUS,1789536540257,1789536540257,0,06DD4C888F9C000D,1,32,MAIN_LOW32_HELPER_HIGH32,NOT_AVAILABLE
DE5 [1-11.2],33,53,PENDING,1789536540257,1789536540257,0,00000D3C0000C484,1,32,MAIN_LOW32_HELPER_HIGH32,NOT_AVAILABLE
DE5 [1-11.2],34,52,STATUS,1789536541475,1789536541475,0,0A7EEF8C859C000C,1,32,MAIN_LOW32_HELPER_HIGH32,NOT_AVAILABLE
DE5 [1-11.2],34,53,PENDING,1789536541475,1789536541476,1,00000D3C0000C834,1,32,MAIN_LOW32_HELPER_HIGH32,NOT_AVAILABLE
DE5 [1-11.2],34,57,MAX_WAIT,1789536541567,1789536541567,0,E59CD600000F0BE5,1,32,MAIN_LOW32_HELPER_HIGH32,NOT_AVAILABLE
DE5 [1-11.2],34,58,CURRENT_WAIT,1789536541567,1789536541568,1,0000000000007A6E,1,32,MAIN_LOW32_HELPER_HIGH32,NOT_AVAILABLE
DE5 [1-11.2],34,59,LATENCY,1789536541568,1789536541568,0,0000EFFF0000F001,1,32,MAIN_LOW32_HELPER_HIGH32,NOT_AVAILABLE
DE5 [1-11.2],34,60,FAILURE,1789536541568,1789536541568,0,0,1,32,MAIN_LOW32_HELPER_HIGH32,NOT_AVAILABLE
DE5 [1-11.2],34,61,FIRST_LOSS,1789536541568,1789536541568,0,379800200000000,1,32,MAIN_LOW32_HELPER_HIGH32,NOT_AVAILABLE
DE5 [1-11.2],35,52,STATUS,1789536542883,1789536542883,0,0EB0E4DAA15E000D,1,32,MAIN_LOW32_HELPER_HIGH32,NOT_AVAILABLE
DE5 [1-11.2],35,53,PENDING,1789536542883,1789536542883,0,00000D3C0000CC8A,1,32,MAIN_LOW32_HELPER_HIGH32,NOT_AVAILABLE
DE5 [1-11.2],36,52,STATUS,1789536544017,1789536544017,0,1211F04B85DE000D,1,32,MAIN_LOW32_HELPER_HIGH32,NOT_AVAILABLE
DE5 [1-11.2],36,53,PENDING,1789536544017,1789536544017,0,00000D3C0000CFCB,1,32,MAIN_LOW32_HELPER_HIGH32,NOT_AVAILABLE
DE5 [1-11.2],37,52,STATUS,1789536545154,1789536545154,0,157569F16A9E000D,1,32,MAIN_LOW32_HELPER_HIGH32,NOT_AVAILABLE
DE5 [1-11.2],37,53,PENDING,1789536545154,1789536545154,0,00000D3C0000D344,1,32,MAIN_LOW32_HELPER_HIGH32,NOT_AVAILABLE
DE5 [1-11.2],37,57,MAX_WAIT,1789536545244,1789536545245,1,F06F7C00000F0BE5,1,32,MAIN_LOW32_HELPER_HIGH32,NOT_AVAILABLE
DE5 [1-11.2],37,58,CURRENT_WAIT,1789536545245,1789536545245,0,000000000000B66F,1,32,MAIN_LOW32_HELPER_HIGH32,NOT_AVAILABLE
DE5 [1-11.2],37,59,LATENCY,1789536545245,1789536545245,0,0000EFFF0000F001,1,32,MAIN_LOW32_HELPER_HIGH32,NOT_AVAILABLE
DE5 [1-11.2],37,60,FAILURE,1789536545245,1789536545245,0,0,1,32,MAIN_LOW32_HELPER_HIGH32,NOT_AVAILABLE
DE5 [1-11.2],37,61,FIRST_LOSS,1789536545246,1789536545246,0,03A7D40200000000,1,32,MAIN_LOW32_HELPER_HIGH32,NOT_AVAILABLE
DE5 [1-11.2],38,52,STATUS,1789536546345,1789536546346,1,1902B2A453DA000C,1,32,MAIN_LOW32_HELPER_HIGH32,NOT_AVAILABLE
DE5 [1-11.2],38,53,PENDING,1789536546346,1789536546346,0,00000D3C0000D69C,1,32,MAIN_LOW32_HELPER_HIGH32,NOT_AVAILABLE
DE5 [1-11.2],39,52,STATUS,1789536547556,1789536547556,0,1C9E02A3479C000D,1,32,MAIN_LOW32_HELPER_HIGH32,NOT_AVAILABLE
DE5 [1-11.2],39,53,PENDING,1789536547556,1789536547556,0,00000D3C0000DA36,1,32,MAIN_LOW32_HELPER_HIGH32,NOT_AVAILABLE
DE5 [1-11.2],40,52,STATUS,1789536548772,1789536548772,0,203E003A3D1E000D,1,32,MAIN_LOW32_HELPER_HIGH32,NOT_AVAILABLE
DE5 [1-11.2],40,53,PENDING,1789536548772,1789536548773,1,00000D3C0000DDE9,1,32,MAIN_LOW32_HELPER_HIGH32,NOT_AVAILABLE
DE5 [1-11.2],40,57,MAX_WAIT,1789536548864,1789536548864,0,FB1EBA00000F788B,1,32,MAIN_LOW32_HELPER_HIGH32,NOT_AVAILABLE
DE5 [1-11.2],40,58,CURRENT_WAIT,1789536548864,1789536548864,0,0000000000003A25,1,32,MAIN_LOW32_HELPER_HIGH32,NOT_AVAILABLE
DE5 [1-11.2],40,59,LATENCY,1789536548864,1789536548864,0,0000EFFF0000F001,1,32,MAIN_LOW32_HELPER_HIGH32,NOT_AVAILABLE
DE5 [1-11.2],40,60,FAILURE,1789536548865,1789536548865,0,0,1,32,MAIN_LOW32_HELPER_HIGH32,NOT_AVAILABLE
DE5 [1-11.2],40,61,FIRST_LOSS,1789536548865,1789536548865,0,03D5000200000000,1,32,MAIN_LOW32_HELPER_HIGH32,NOT_AVAILABLE
DE5 [1-11.2],41,52,STATUS,1789536549978,1789536549978,0,23D63DCA305C000D,1,32,MAIN_LOW32_HELPER_HIGH32,NOT_AVAILABLE
DE5 [1-11.2],41,53,PENDING,1789536549978,1789536549979,1,00000D3C0000E18C,1,32,MAIN_LOW32_HELPER_HIGH32,NOT_AVAILABLE
DE5 [1-11.2],42,52,STATUS,1789536551117,1789536551117,0,273ADF3215DC000D,1,32,MAIN_LOW32_HELPER_HIGH32,NOT_AVAILABLE
DE5 [1-11.2],42,53,PENDING,1789536551117,1789536551117,0,00000D3C0000E50F,1,32,MAIN_LOW32_HELPER_HIGH32,NOT_AVAILABLE
DE5 [1-11.2],43,52,STATUS,1789536552281,1789536552281,0,2AB2DCC1001C000D,1,32,MAIN_LOW32_HELPER_HIGH32,NOT_AVAILABLE
DE5 [1-11.2],43,53,PENDING,1789536552281,1789536552281,0,00000D3C0000E89D,1,32,MAIN_LOW32_HELPER_HIGH32,NOT_AVAILABLE
DE5 [1-11.2],43,57,MAX_WAIT,1789536552372,1789536552372,0,FFFD3800000F788B,1,32,MAIN_LOW32_HELPER_HIGH32,NOT_AVAILABLE
DE5 [1-11.2],43,58,CURRENT_WAIT,1789536552372,1789536552372,0,000000000000173C,1,32,MAIN_LOW32_HELPER_HIGH32,NOT_AVAILABLE
DE5 [1-11.2],43,59,LATENCY,1789536552372,1789536552372,0,0000EFFF0000F001,1,32,MAIN_LOW32_HELPER_HIGH32,NOT_AVAILABLE
DE5 [1-11.2],43,60,FAILURE,1789536552372,1789536552373,1,0,1,32,MAIN_LOW32_HELPER_HIGH32,NOT_AVAILABLE
DE5 [1-11.2],43,61,FIRST_LOSS,1789536552373,1789536552373,0,401280200000000,1,32,MAIN_LOW32_HELPER_HIGH32,NOT_AVAILABLE
DE5 [1-11.2],44,52,STATUS,1789536553422,1789536553422,0,2E1983EED4DA000D,1,32,MAIN_LOW32_HELPER_HIGH32,NOT_AVAILABLE
DE5 [1-11.2],44,53,PENDING,1789536553422,1789536553422,0,00000D3C0000EBFE,1,32,MAIN_LOW32_HELPER_HIGH32,NOT_AVAILABLE
DE5 [1-11.2],45,52,STATUS,1789536554556,1789536554556,0,317A9909B95C0004,1,32,MAIN_LOW32_HELPER_HIGH32,NOT_AVAILABLE
DE5 [1-11.2],45,53,PENDING,1789536554556,1789536554556,0,00000D3C0000EF62,1,32,MAIN_LOW32_HELPER_HIGH32,NOT_AVAILABLE
DE5 [1-11.2],46,52,STATUS,1789536555756,1789536555756,0,350E6CDCAB9C000C,1,32,MAIN_LOW32_HELPER_HIGH32,NOT_AVAILABLE
DE5 [1-11.2],46,53,PENDING,1789536555756,1789536555757,1,00000D3C0000F309,1,32,MAIN_LOW32_HELPER_HIGH32,NOT_AVAILABLE
DE5 [1-11.2],46,57,MAX_WAIT,1789536555846,1789536555847,1,FFFD3800000F788B,1,32,MAIN_LOW32_HELPER_HIGH32,NOT_AVAILABLE
DE5 [1-11.2],46,58,CURRENT_WAIT,1789536555847,1789536555847,0,000000000000679B,1,32,MAIN_LOW32_HELPER_HIGH32,NOT_AVAILABLE
DE5 [1-11.2],46,59,LATENCY,1789536555847,1789536555847,0,0000EFFF0000F001,1,32,MAIN_LOW32_HELPER_HIGH32,NOT_AVAILABLE
DE5 [1-11.2],46,60,FAILURE,1789536555847,1789536555847,0,0,1,32,MAIN_LOW32_HELPER_HIGH32,NOT_AVAILABLE
DE5 [1-11.2],46,61,FIRST_LOSS,1789536555847,1789536555848,1,042BE00200000000,1,32,MAIN_LOW32_HELPER_HIGH32,NOT_AVAILABLE
DE5 [1-11.2],47,52,STATUS,1789536556956,1789536556956,0,38A1CA6D9D5E000D,1,32,MAIN_LOW32_HELPER_HIGH32,NOT_AVAILABLE
DE5 [1-11.2],47,53,PENDING,1789536556956,1789536556956,0,00000D3C0000F6AE,1,32,MAIN_LOW32_HELPER_HIGH32,NOT_AVAILABLE
DE5 [1-11.2],48,52,STATUS,1789536558168,1789536558168,0,3C3E540D869A000C,1,32,MAIN_LOW32_HELPER_HIGH32,NOT_AVAILABLE
DE5 [1-11.2],48,53,PENDING,1789536558168,1789536558168,0,00000D3C0000FA26,1,32,MAIN_LOW32_HELPER_HIGH32,NOT_AVAILABLE
DE5 [1-11.2],49,52,STATUS,1789536559368,1789536559368,0,3FD1E0CF6EDC000D,1,32,MAIN_LOW32_HELPER_HIGH32,NOT_AVAILABLE
DE5 [1-11.2],49,53,PENDING,1789536559368,1789536559368,0,00000D3C0000FDA1,1,32,MAIN_LOW32_HELPER_HIGH32,NOT_AVAILABLE
DE5 [1-11.2],49,57,MAX_WAIT,1789536559458,1789536559458,0,FFFD3800000F788B,1,32,MAIN_LOW32_HELPER_HIGH32,NOT_AVAILABLE
DE5 [1-11.2],49,58,CURRENT_WAIT,1789536559459,1789536559459,0,0,1,32,MAIN_LOW32_HELPER_HIGH32,NOT_AVAILABLE
DE5 [1-11.2],49,59,LATENCY,1789536559459,1789536559459,0,0000EFFF0000F001,1,32,MAIN_LOW32_HELPER_HIGH32,NOT_AVAILABLE
DE5 [1-11.2],49,60,FAILURE,1789536559459,1789536559459,0,0,1,32,MAIN_LOW32_HELPER_HIGH32,NOT_AVAILABLE
DE5 [1-11.2],49,61,FIRST_LOSS,1789536559459,1789536559460,1,458140200000000,1,32,MAIN_LOW32_HELPER_HIGH32,NOT_AVAILABLE
DE5 [1-11.2],50,52,STATUS,1789536560570,1789536560570,0,43675719605E000D,1,32,MAIN_LOW32_HELPER_HIGH32,NOT_AVAILABLE
DE5 [1-11.2],50,53,PENDING,1789536560571,1789536560571,0,00000D3C00010138,1,32,MAIN_LOW32_HELPER_HIGH32,NOT_AVAILABLE
DE5 [1-11.2],51,52,STATUS,1789536561769,1789536561769,0,46F9A0F050DC000D,1,32,MAIN_LOW32_HELPER_HIGH32,NOT_AVAILABLE
DE5 [1-11.2],51,53,PENDING,1789536561769,1789536561769,0,00000D3C000104F2,1,32,MAIN_LOW32_HELPER_HIGH32,NOT_AVAILABLE
DE5 [1-11.2],52,52,STATUS,1789536562975,1789536562975,0,4A91B42335DE000D,1,32,MAIN_LOW32_HELPER_HIGH32,NOT_AVAILABLE
DE5 [1-11.2],52,53,PENDING,1789536562975,1789536562975,0,00000D3C0001088B,1,32,MAIN_LOW32_HELPER_HIGH32,NOT_AVAILABLE
DE5 [1-11.2],52,57,MAX_WAIT,1789536563066,1789536563066,0,FFFD3800000F788B,1,32,MAIN_LOW32_HELPER_HIGH32,NOT_AVAILABLE
DE5 [1-11.2],52,58,CURRENT_WAIT,1789536563066,1789536563067,1,00000000000061FE,1,32,MAIN_LOW32_HELPER_HIGH32,NOT_AVAILABLE
DE5 [1-11.2],52,59,LATENCY,1789536563067,1789536563067,0,0000EFFF0000F001,1,32,MAIN_LOW32_HELPER_HIGH32,NOT_AVAILABLE
DE5 [1-11.2],52,60,FAILURE,1789536563067,1789536563067,0,0,1,32,MAIN_LOW32_HELPER_HIGH32,NOT_AVAILABLE
DE5 [1-11.2],52,61,FIRST_LOSS,1789536563067,1789536563068,1,04848C0200000000,1,32,MAIN_LOW32_HELPER_HIGH32,NOT_AVAILABLE
DE5 [1-11.2],53,52,STATUS,1789536564116,1789536564116,0,4DF87E3F109E000D,1,32,MAIN_LOW32_HELPER_HIGH32,NOT_AVAILABLE
DE5 [1-11.2],53,53,PENDING,1789536564116,1789536564116,0,00000D3C00010BD7,1,32,MAIN_LOW32_HELPER_HIGH32,NOT_AVAILABLE
DE5 [1-11.2],54,52,STATUS,1789536565270,1789536565270,0,51690FBBF91C000D,1,32,MAIN_LOW32_HELPER_HIGH32,NOT_AVAILABLE
DE5 [1-11.2],54,53,PENDING,1789536565270,1789536565271,1,00000D3C00010F49,1,32,MAIN_LOW32_HELPER_HIGH32,NOT_AVAILABLE
DE5 [1-11.2],55,52,STATUS,1789536566436,1789536566436,0,54E2302AE49E000D,1,32,MAIN_LOW32_HELPER_HIGH32,NOT_AVAILABLE
DE5 [1-11.2],55,53,PENDING,1789536566436,1789536566436,0,00000D3C000112D3,1,32,MAIN_LOW32_HELPER_HIGH32,NOT_AVAILABLE
DE5 [1-11.2],55,57,MAX_WAIT,1789536566526,1789536566526,0,FFFD3800000F788B,1,32,MAIN_LOW32_HELPER_HIGH32,NOT_AVAILABLE
DE5 [1-11.2],55,58,CURRENT_WAIT,1789536566526,1789536566527,1,0,1,32,MAIN_LOW32_HELPER_HIGH32,NOT_AVAILABLE
DE5 [1-11.2],55,59,LATENCY,1789536566527,1789536566527,0,0000EFFF0000F001,1,32,MAIN_LOW32_HELPER_HIGH32,NOT_AVAILABLE
DE5 [1-11.2],55,60,FAILURE,1789536566527,1789536566527,0,0,1,32,MAIN_LOW32_HELPER_HIGH32,NOT_AVAILABLE
DE5 [1-11.2],55,61,FIRST_LOSS,1789536566527,1789536566527,0,04AF6C0200000000,1,32,MAIN_LOW32_HELPER_HIGH32,NOT_AVAILABLE
DE5 [1-11.2],56,52,STATUS,1789536567620,1789536567620,0,58699FACC55C000D,1,32,MAIN_LOW32_HELPER_HIGH32,NOT_AVAILABLE
DE5 [1-11.2],56,53,PENDING,1789536567620,1789536567620,0,00000D3C00011641,1,32,MAIN_LOW32_HELPER_HIGH32,NOT_AVAILABLE
DE5 [1-11.2],57,52,STATUS,1789536568764,1789536568764,0,5BD281E6ABDA000D,1,32,MAIN_LOW32_HELPER_HIGH32,NOT_AVAILABLE
DE5 [1-11.2],57,53,PENDING,1789536568764,1789536568764,0,00000D3C000119C5,1,32,MAIN_LOW32_HELPER_HIGH32,NOT_AVAILABLE
DE5 [1-11.2],58,52,STATUS,1789536569971,1789536569972,1,5F6BBA199F5E000D,1,32,MAIN_LOW32_HELPER_HIGH32,NOT_AVAILABLE
DE5 [1-11.2],58,53,PENDING,1789536569972,1789536569972,0,00000D3C00011D7C,1,32,MAIN_LOW32_HELPER_HIGH32,NOT_AVAILABLE
DE5 [1-11.2],58,57,MAX_WAIT,1789536570068,1789536570068,0,FFFD3800000F788B,1,32,MAIN_LOW32_HELPER_HIGH32,NOT_AVAILABLE
DE5 [1-11.2],58,58,CURRENT_WAIT,1789536570068,1789536570069,1,0000000000002E0F,1,32,MAIN_LOW32_HELPER_HIGH32,NOT_AVAILABLE
DE5 [1-11.2],58,59,LATENCY,1789536570069,1789536570069,0,0000EFFF0000F001,1,32,MAIN_LOW32_HELPER_HIGH32,NOT_AVAILABLE
DE5 [1-11.2],58,60,FAILURE,1789536570069,1789536570070,1,0,1,32,MAIN_LOW32_HELPER_HIGH32,NOT_AVAILABLE
DE5 [1-11.2],58,61,FIRST_LOSS,1789536570070,1789536570070,0,04DB300200000000,1,32,MAIN_LOW32_HELPER_HIGH32,NOT_AVAILABLE
DE5 [1-11.2],59,52,STATUS,1789536571375,1789536571376,1,639AF42FB41E000D,1,32,MAIN_LOW32_HELPER_HIGH32,NOT_AVAILABLE
DE5 [1-11.2],59,53,PENDING,1789536571376,1789536571376,0,00000D3C000121A7,1,32,MAIN_LOW32_HELPER_HIGH32,NOT_AVAILABLE
DE5 [1-11.2],60,52,STATUS,1789536572642,1789536572643,1,6761914EB41A000C,1,32,MAIN_LOW32_HELPER_HIGH32,NOT_AVAILABLE
DE5 [1-11.2],60,53,PENDING,1789536572643,1789536572643,0,00000D3C00012592,1,32,MAIN_LOW32_HELPER_HIGH32,NOT_AVAILABLE
DE5 [1-11.2],61,52,STATUS,1789536573850,1789536573850,0,6AFAC5C8A69C000D,1,32,MAIN_LOW32_HELPER_HIGH32,NOT_AVAILABLE
DE5 [1-11.2],61,53,PENDING,1789536573850,1789536573850,0,00000D3C00012947,1,32,MAIN_LOW32_HELPER_HIGH32,NOT_AVAILABLE
DE5 [1-11.2],61,57,MAX_WAIT,1789536573941,1789536573941,0,FFFD3800000F788B,1,32,MAIN_LOW32_HELPER_HIGH32,NOT_AVAILABLE
DE5 [1-11.2],61,58,CURRENT_WAIT,1789536573941,1789536573941,0,00000000000009A9,1,32,MAIN_LOW32_HELPER_HIGH32,NOT_AVAILABLE
DE5 [1-11.2],61,59,LATENCY,1789536573941,1789536573941,0,0000EFFF0000F001,1,32,MAIN_LOW32_HELPER_HIGH32,NOT_AVAILABLE
DE5 [1-11.2],61,60,FAILURE,1789536573941,1789536573942,1,0,1,32,MAIN_LOW32_HELPER_HIGH32,NOT_AVAILABLE
DE5 [1-11.2],61,61,FIRST_LOSS,1789536573942,1789536573942,0,050B8C0200000000,1,32,MAIN_LOW32_HELPER_HIGH32,NOT_AVAILABLE
DE5 [1-11.2],62,52,STATUS,1789536575059,1789536575059,0,6E9574AC99DE000D,1,32,MAIN_LOW32_HELPER_HIGH32,NOT_AVAILABLE
DE5 [1-11.2],62,53,PENDING,1789536575059,1789536575060,1,00000D3C00012CF4,1,32,MAIN_LOW32_HELPER_HIGH32,NOT_AVAILABLE
DE5 [1-11.2],63,52,STATUS,1789536576268,1789536576269,1,7230139B8E1C000C,1,32,MAIN_LOW32_HELPER_HIGH32,NOT_AVAILABLE
DE5 [1-11.2],63,53,PENDING,1789536576269,1789536576269,0,00000D3C0001309D,1,32,MAIN_LOW32_HELPER_HIGH32,NOT_AVAILABLE
DE5 [1-11.2],64,52,STATUS,1789536577464,1789536577464,0,75BFE4F4725A000D,1,32,MAIN_LOW32_HELPER_HIGH32,NOT_AVAILABLE
DE5 [1-11.2],64,53,PENDING,1789536577464,1789536577464,0,00000D3C00013408,1,32,MAIN_LOW32_HELPER_HIGH32,NOT_AVAILABLE
DE5 [1-11.2],64,57,MAX_WAIT,1789536577553,1789536577554,1,FFFD3800000F788B,1,32,MAIN_LOW32_HELPER_HIGH32,NOT_AVAILABLE
DE5 [1-11.2],64,58,CURRENT_WAIT,1789536577554,1789536577554,0,4017,1,32,MAIN_LOW32_HELPER_HIGH32,NOT_AVAILABLE
DE5 [1-11.2],64,59,LATENCY,1789536577554,1789536577554,0,0000EFFF0000F001,1,32,MAIN_LOW32_HELPER_HIGH32,NOT_AVAILABLE
DE5 [1-11.2],64,60,FAILURE,1789536577554,1789536577554,0,0,1,32,MAIN_LOW32_HELPER_HIGH32,NOT_AVAILABLE
DE5 [1-11.2],64,61,FIRST_LOSS,1789536577554,1789536577555,1,05384C0200000000,1,32,MAIN_LOW32_HELPER_HIGH32,NOT_AVAILABLE
DE5 [1-11.2],65,52,STATUS,1789536578936,1789536578936,0,7A230F3C9B1E0005,1,32,MAIN_LOW32_HELPER_HIGH32,NOT_AVAILABLE
DE5 [1-11.2],65,53,PENDING,1789536578936,1789536578936,0,00000D3C00013862,1,32,MAIN_LOW32_HELPER_HIGH32,NOT_AVAILABLE
DE5 [1-11.2],66,52,STATUS,1789536580131,1789536580132,1,7DB3747F84D00008,1,32,MAIN_LOW32_HELPER_HIGH32,NOT_AVAILABLE
DE5 [1-11.2],66,53,PENDING,1789536580132,1789536580132,0,00000D3C00013BFB,1,32,MAIN_LOW32_HELPER_HIGH32,NOT_AVAILABLE
DE5 [1-11.2],67,52,STATUS,1789536581331,1789536581332,1,8146C0CA701C000D,1,32,MAIN_LOW32_HELPER_HIGH32,NOT_AVAILABLE
DE5 [1-11.2],67,53,PENDING,1789536581332,1789536581332,0,00000D3C00013F80,1,32,MAIN_LOW32_HELPER_HIGH32,NOT_AVAILABLE
DE5 [1-11.2],67,57,MAX_WAIT,1789536581421,1789536581421,0,FFFD3800000F788B,1,32,MAIN_LOW32_HELPER_HIGH32,NOT_AVAILABLE
DE5 [1-11.2],67,58,CURRENT_WAIT,1789536581421,1789536581422,1,0000000000008CBB,1,32,MAIN_LOW32_HELPER_HIGH32,NOT_AVAILABLE
DE5 [1-11.2],67,59,LATENCY,1789536581422,1789536581422,0,0000EFFF0000F001,1,32,MAIN_LOW32_HELPER_HIGH32,NOT_AVAILABLE
DE5 [1-11.2],67,60,FAILURE,1789536581422,1789536581422,0,0,1,32,MAIN_LOW32_HELPER_HIGH32,NOT_AVAILABLE
DE5 [1-11.2],67,61,FIRST_LOSS,1789536581422,1789536581423,1,568280200000000,1,32,MAIN_LOW32_HELPER_HIGH32,NOT_AVAILABLE
DE5 [1-11.2],68,52,STATUS,1789536582751,1789536582751,0,8581B2558D9C000D,1,32,MAIN_LOW32_HELPER_HIGH32,NOT_AVAILABLE
DE5 [1-11.2],68,53,PENDING,1789536582751,1789536582751,0,00000D3C000143C4,1,32,MAIN_LOW32_HELPER_HIGH32,NOT_AVAILABLE
DE5 [1-11.2],69,52,STATUS,1789536583962,1789536583962,0,891DDCD8819A000C,1,32,MAIN_LOW32_HELPER_HIGH32,NOT_AVAILABLE
DE5 [1-11.2],69,53,PENDING,1789536583962,1789536583963,1,00000D3C0001477A,1,32,MAIN_LOW32_HELPER_HIGH32,NOT_AVAILABLE
DE5 [1-11.2],70,52,STATUS,1789536585171,1789536585171,0,8CB80549751E000D,1,32,MAIN_LOW32_HELPER_HIGH32,NOT_AVAILABLE
DE5 [1-11.2],70,53,PENDING,1789536585171,1789536585171,0,00000D3C00014B32,1,32,MAIN_LOW32_HELPER_HIGH32,NOT_AVAILABLE
DE5 [1-11.2],70,57,MAX_WAIT,1789536585261,1789536585261,0,FFFD3800000F788B,1,32,MAIN_LOW32_HELPER_HIGH32,NOT_AVAILABLE
DE5 [1-11.2],70,58,CURRENT_WAIT,1789536585261,1789536585262,1,000000000000A882,1,32,MAIN_LOW32_HELPER_HIGH32,NOT_AVAILABLE
DE5 [1-11.2],70,59,LATENCY,1789536585262,1789536585262,0,0000EFFF0000F001,1,32,MAIN_LOW32_HELPER_HIGH32,NOT_AVAILABLE
DE5 [1-11.2],70,60,FAILURE,1789536585262,1789536585262,0,0,1,32,MAIN_LOW32_HELPER_HIGH32,NOT_AVAILABLE
DE5 [1-11.2],70,61,FIRST_LOSS,1789536585262,1789536585262,0,598780200000000,1,32,MAIN_LOW32_HELPER_HIGH32,NOT_AVAILABLE
DE5 [1-11.2],71,52,STATUS,1789536586369,1789536586369,0,904A539866DE000D,1,32,MAIN_LOW32_HELPER_HIGH32,NOT_AVAILABLE
DE5 [1-11.2],71,53,PENDING,1789536586369,1789536586370,1,00000D3C00014ED0,1,32,MAIN_LOW32_HELPER_HIGH32,NOT_AVAILABLE
DE5 [1-11.2],72,52,STATUS,1789536587572,1789536587573,1,93E049864E5A000D,1,32,MAIN_LOW32_HELPER_HIGH32,NOT_AVAILABLE
DE5 [1-11.2],72,53,PENDING,1789536587573,1789536587573,0,00000D3C00015206,1,32,MAIN_LOW32_HELPER_HIGH32,NOT_AVAILABLE
DE5 [1-11.2],73,52,STATUS,1789536588718,1789536588718,0,974A7C332BDE000D,1,32,MAIN_LOW32_HELPER_HIGH32,NOT_AVAILABLE
DE5 [1-11.2],73,53,PENDING,1789536588718,1789536588719,1,00000D3C00015549,1,32,MAIN_LOW32_HELPER_HIGH32,NOT_AVAILABLE
DE5 [1-11.2],73,57,MAX_WAIT,1789536588809,1789536588809,0,FFFD3800000F788B,1,32,MAIN_LOW32_HELPER_HIGH32,NOT_AVAILABLE
DE5 [1-11.2],73,58,CURRENT_WAIT,1789536588810,1789536588810,0,8932,1,32,MAIN_LOW32_HELPER_HIGH32,NOT_AVAILABLE
DE5 [1-11.2],73,59,LATENCY,1789536588810,1789536588810,0,0000EFFF0000F001,1,32,MAIN_LOW32_HELPER_HIGH32,NOT_AVAILABLE
DE5 [1-11.2],73,60,FAILURE,1789536588810,1789536588810,0,0,1,32,MAIN_LOW32_HELPER_HIGH32,NOT_AVAILABLE
DE5 [1-11.2],73,61,FIRST_LOSS,1789536588810,1789536588811,1,05C3E80200000000,1,32,MAIN_LOW32_HELPER_HIGH32,NOT_AVAILABLE
DE5 [1-11.2],74,52,STATUS,1789536589861,1789536589861,0,9AB256FB11DE000D,1,32,MAIN_LOW32_HELPER_HIGH32,NOT_AVAILABLE
DE5 [1-11.2],74,53,PENDING,1789536589861,1789536589861,0,00000D3C000158CB,1,32,MAIN_LOW32_HELPER_HIGH32,NOT_AVAILABLE
DE5 [1-11.2],75,52,STATUS,1789536591062,1789536591063,1,9E46E1AB03B5000D,1,32,MAIN_LOW32_HELPER_HIGH32,NOT_AVAILABLE
DE5 [1-11.2],75,53,PENDING,1789536591063,1789536591063,0,00000D3C00015C65,1,32,MAIN_LOW32_HELPER_HIGH32,NOT_AVAILABLE
DE5 [1-11.2],76,52,STATUS,1789536592261,1789536592262,1,A1D9B9CCF55E000D,1,32,MAIN_LOW32_HELPER_HIGH32,NOT_AVAILABLE
DE5 [1-11.2],76,53,PENDING,1789536592262,1789536592262,0,00000D3C00015FF9,1,32,MAIN_LOW32_HELPER_HIGH32,NOT_AVAILABLE
DE5 [1-11.2],76,57,MAX_WAIT,1789536592352,1789536592353,1,FFFD3800000F788B,1,32,MAIN_LOW32_HELPER_HIGH32,NOT_AVAILABLE
DE5 [1-11.2],76,58,CURRENT_WAIT,1789536592353,1789536592353,0,000000000000C703,1,32,MAIN_LOW32_HELPER_HIGH32,NOT_AVAILABLE
DE5 [1-11.2],76,59,LATENCY,1789536592353,1789536592353,0,0000EFFF0000F001,1,32,MAIN_LOW32_HELPER_HIGH32,NOT_AVAILABLE
DE5 [1-11.2],76,60,FAILURE,1789536592353,1789536592353,0,0,1,32,MAIN_LOW32_HELPER_HIGH32,NOT_AVAILABLE
DE5 [1-11.2],76,61,FIRST_LOSS,1789536592354,1789536592354,0,05F07C0200000000,1,32,MAIN_LOW32_HELPER_HIGH32,NOT_AVAILABLE
DE5 [1-11.2],77,52,STATUS,1789536593463,1789536593463,0,A56E3052E7DA000D,1,32,MAIN_LOW32_HELPER_HIGH32,NOT_AVAILABLE
DE5 [1-11.2],77,53,PENDING,1789536593463,1789536593463,0,00000D3C0001639A,1,32,MAIN_LOW32_HELPER_HIGH32,NOT_AVAILABLE
DE5 [1-11.2],78,52,STATUS,1789536594666,1789536594666,0,A90444E0DA33000D,1,32,MAIN_LOW32_HELPER_HIGH32,NOT_AVAILABLE
DE5 [1-11.2],78,53,PENDING,1789536594666,1789536594666,0,00000D3C00016736,1,32,MAIN_LOW32_HELPER_HIGH32,NOT_AVAILABLE
DE5 [1-11.2],79,52,STATUS,1789536595868,1789536595869,1,AC998F28C6500000,1,32,MAIN_LOW32_HELPER_HIGH32,NOT_AVAILABLE
DE5 [1-11.2],79,53,PENDING,1789536595869,1789536595869,0,00000D3C00016ACA,1,32,MAIN_LOW32_HELPER_HIGH32,NOT_AVAILABLE
DE5 [1-11.2],79,57,MAX_WAIT,1789536595959,1789536595959,0,FFFD3800000F788B,1,32,MAIN_LOW32_HELPER_HIGH32,NOT_AVAILABLE
DE5 [1-11.2],79,58,CURRENT_WAIT,1789536595959,1789536595960,1,0000000000000FF8,1,32,MAIN_LOW32_HELPER_HIGH32,NOT_AVAILABLE
DE5 [1-11.2],79,59,LATENCY,1789536595960,1789536595960,0,0000EFFF0000F001,1,32,MAIN_LOW32_HELPER_HIGH32,NOT_AVAILABLE
DE5 [1-11.2],79,60,FAILURE,1789536595960,1789536595960,0,0,1,32,MAIN_LOW32_HELPER_HIGH32,NOT_AVAILABLE
DE5 [1-11.2],79,61,FIRST_LOSS,1789536595960,1789536595961,1,061D340200000000,1,32,MAIN_LOW32_HELPER_HIGH32,NOT_AVAILABLE
DE5 [1-11.2],80,52,STATUS,1789536597074,1789536597074,0,B03181E1B1900008,1,32,MAIN_LOW32_HELPER_HIGH32,NOT_AVAILABLE
DE5 [1-11.2],80,53,PENDING,1789536597074,1789536597075,1,00000D3C00016E4F,1,32,MAIN_LOW32_HELPER_HIGH32,NOT_AVAILABLE
DE5 [1-11.2],81,52,STATUS,1789536598259,1789536598259,0,B3B96D11A01E000D,1,32,MAIN_LOW32_HELPER_HIGH32,NOT_AVAILABLE
DE5 [1-11.2],81,53,PENDING,1789536598259,1789536598259,0,00000D3C000171E5,1,32,MAIN_LOW32_HELPER_HIGH32,NOT_AVAILABLE
DE5 [1-11.2],82,52,STATUS,1789536599452,1789536599452,0,B747BB118FDA000D,1,32,MAIN_LOW32_HELPER_HIGH32,NOT_AVAILABLE
DE5 [1-11.2],82,53,PENDING,1789536599452,1789536599453,1,00000D3C00017593,1,32,MAIN_LOW32_HELPER_HIGH32,NOT_AVAILABLE
DE5 [1-11.2],82,57,MAX_WAIT,1789536599542,1789536599542,0,FFFD3800000F788B,1,32,MAIN_LOW32_HELPER_HIGH32,NOT_AVAILABLE
DE5 [1-11.2],82,58,CURRENT_WAIT,1789536599542,1789536599543,1,0000000000008F79,1,32,MAIN_LOW32_HELPER_HIGH32,NOT_AVAILABLE
DE5 [1-11.2],82,59,LATENCY,1789536599543,1789536599543,0,0000EFFF0000F001,1,32,MAIN_LOW32_HELPER_HIGH32,NOT_AVAILABLE
DE5 [1-11.2],82,60,FAILURE,1789536599543,1789536599543,0,0,1,32,MAIN_LOW32_HELPER_HIGH32,NOT_AVAILABLE
DE5 [1-11.2],82,61,FIRST_LOSS,1789536599543,1789536599543,0,064A240200000000,1,32,MAIN_LOW32_HELPER_HIGH32,NOT_AVAILABLE
DE5 [1-11.2],83,52,STATUS,1789536600654,1789536600654,0,BADCA65D821E000D,1,32,MAIN_LOW32_HELPER_HIGH32,NOT_AVAILABLE
DE5 [1-11.2],83,53,PENDING,1789536600654,1789536600654,0,00000D3C00017947,1,32,MAIN_LOW32_HELPER_HIGH32,NOT_AVAILABLE
DE5 [1-11.2],84,52,STATUS,1789536601882,1789536601882,0,BE85AD5F6BDE0005,1,32,MAIN_LOW32_HELPER_HIGH32,NOT_AVAILABLE
DE5 [1-11.2],84,53,PENDING,1789536601882,1789536601883,1,00000D3C00017CAE,1,32,MAIN_LOW32_HELPER_HIGH32,NOT_AVAILABLE
DE5 [1-11.2],85,52,STATUS,1789536603016,1789536603016,0,C1E6C8304ADC000D,1,32,MAIN_LOW32_HELPER_HIGH32,NOT_AVAILABLE
DE5 [1-11.2],85,53,PENDING,1789536603016,1789536603016,0,00000D3C00018023,1,32,MAIN_LOW32_HELPER_HIGH32,NOT_AVAILABLE
DE5 [1-11.2],85,57,MAX_WAIT,1789536603106,1789536603106,0,FFFD3800000F788B,1,32,MAIN_LOW32_HELPER_HIGH32,NOT_AVAILABLE
DE5 [1-11.2],85,58,CURRENT_WAIT,1789536603106,1789536603106,0,9538,1,32,MAIN_LOW32_HELPER_HIGH32,NOT_AVAILABLE
DE5 [1-11.2],85,59,LATENCY,1789536603106,1789536603107,1,0000EFFF0000F001,1,32,MAIN_LOW32_HELPER_HIGH32,NOT_AVAILABLE
DE5 [1-11.2],85,60,FAILURE,1789536603107,1789536603107,0,0,1,32,MAIN_LOW32_HELPER_HIGH32,NOT_AVAILABLE
DE5 [1-11.2],85,61,FIRST_LOSS,1789536603107,1789536603107,0,0675D40200000000,1,32,MAIN_LOW32_HELPER_HIGH32,NOT_AVAILABLE
DE5 [1-11.2],86,52,STATUS,1789536604151,1789536604151,0,C5488EE52F9E000D,1,32,MAIN_LOW32_HELPER_HIGH32,NOT_AVAILABLE
DE5 [1-11.2],86,53,PENDING,1789536604151,1789536604151,0,00000D3C00018385,1,32,MAIN_LOW32_HELPER_HIGH32,NOT_AVAILABLE
DE5 [1-11.2],87,52,STATUS,1789536605353,1789536605353,0,C8DDB745215E0005,1,32,MAIN_LOW32_HELPER_HIGH32,NOT_AVAILABLE
DE5 [1-11.2],87,53,PENDING,1789536605353,1789536605353,0,00000D3C00018734,1,32,MAIN_LOW32_HELPER_HIGH32,NOT_AVAILABLE
DE5 [1-11.2],88,52,STATUS,1789536606574,1789536606574,0,CC818DD7171E000D,1,32,MAIN_LOW32_HELPER_HIGH32,NOT_AVAILABLE
DE5 [1-11.2],88,53,PENDING,1789536606575,1789536606575,0,00000D3C00018B04,1,32,MAIN_LOW32_HELPER_HIGH32,NOT_AVAILABLE
DE5 [1-11.2],88,57,MAX_WAIT,1789536606666,1789536606666,0,FFFD3800000F788B,1,32,MAIN_LOW32_HELPER_HIGH32,NOT_AVAILABLE
DE5 [1-11.2],88,58,CURRENT_WAIT,1789536606666,1789536606667,1,6378,1,32,MAIN_LOW32_HELPER_HIGH32,NOT_AVAILABLE
DE5 [1-11.2],88,59,LATENCY,1789536606667,1789536606667,0,0000EFFF0000F001,1,32,MAIN_LOW32_HELPER_HIGH32,NOT_AVAILABLE
DE5 [1-11.2],88,60,FAILURE,1789536606667,1789536606667,0,0,1,32,MAIN_LOW32_HELPER_HIGH32,NOT_AVAILABLE
DE5 [1-11.2],88,61,FIRST_LOSS,1789536606667,1789536606668,1,06A2A00200000000,1,32,MAIN_LOW32_HELPER_HIGH32,NOT_AVAILABLE
DE5 [1-11.2],89,52,STATUS,1789536607711,1789536607711,0,CFE4C98BEA1E0005,1,32,MAIN_LOW32_HELPER_HIGH32,NOT_AVAILABLE
DE5 [1-11.2],89,53,PENDING,1789536607711,1789536607711,0,00000D3C00018E47,1,32,MAIN_LOW32_HELPER_HIGH32,NOT_AVAILABLE
DE5 [1-11.2],90,52,STATUS,1789536608862,1789536608862,0,D352AE8AD1D00008,1,32,MAIN_LOW32_HELPER_HIGH32,NOT_AVAILABLE
DE5 [1-11.2],90,53,PENDING,1789536608862,1789536608862,0,00000D3C000191C9,1,32,MAIN_LOW32_HELPER_HIGH32,NOT_AVAILABLE
DE5 [1-11.2],91,52,STATUS,1789536610067,1789536610067,0,D6EA7B03C4DC000D,1,32,MAIN_LOW32_HELPER_HIGH32,NOT_AVAILABLE
DE5 [1-11.2],91,53,PENDING,1789536610068,1789536610068,0,00000D3C00019583,1,32,MAIN_LOW32_HELPER_HIGH32,NOT_AVAILABLE
DE5 [1-11.2],91,57,MAX_WAIT,1789536610158,1789536610158,0,FFFD3800000F788B,1,32,MAIN_LOW32_HELPER_HIGH32,NOT_AVAILABLE
DE5 [1-11.2],91,58,CURRENT_WAIT,1789536610158,1789536610158,0,000000000000974E,1,32,MAIN_LOW32_HELPER_HIGH32,NOT_AVAILABLE
DE5 [1-11.2],91,59,LATENCY,1789536610158,1789536610159,1,0000EFFF0000F001,1,32,MAIN_LOW32_HELPER_HIGH32,NOT_AVAILABLE
DE5 [1-11.2],91,60,FAILURE,1789536610159,1789536610159,0,0,1,32,MAIN_LOW32_HELPER_HIGH32,NOT_AVAILABLE
DE5 [1-11.2],91,61,FIRST_LOSS,1789536610159,1789536610159,0,06CD740200000000,1,32,MAIN_LOW32_HELPER_HIGH32,NOT_AVAILABLE
DE5 [1-11.2],92,52,STATUS,1789536611207,1789536611207,0,DA4FE7F6A21A0005,1,32,MAIN_LOW32_HELPER_HIGH32,NOT_AVAILABLE
DE5 [1-11.2],92,53,PENDING,1789536611207,1789536611207,0,00000D3C000198CB,1,32,MAIN_LOW32_HELPER_HIGH32,NOT_AVAILABLE
DE5 [1-11.2],93,52,STATUS,1789536612359,1789536612359,0,DDBEB1F08A5A0005,1,32,MAIN_LOW32_HELPER_HIGH32,NOT_AVAILABLE
DE5 [1-11.2],93,53,PENDING,1789536612359,1789536612359,0,00000D3C00019C5B,1,32,MAIN_LOW32_HELPER_HIGH32,NOT_AVAILABLE
DE5 [1-11.2],94,52,STATUS,1789536613543,1789536613543,0,E14621C4789A000D,1,32,MAIN_LOW32_HELPER_HIGH32,NOT_AVAILABLE
DE5 [1-11.2],94,53,PENDING,1789536613543,1789536613543,0,00000D3C00019FE0,1,32,MAIN_LOW32_HELPER_HIGH32,NOT_AVAILABLE
DE5 [1-11.2],94,57,MAX_WAIT,1789536613633,1789536613633,0,FFFD3800000F788B,1,32,MAIN_LOW32_HELPER_HIGH32,NOT_AVAILABLE
DE5 [1-11.2],94,58,CURRENT_WAIT,1789536613633,1789536613633,0,8639,1,32,MAIN_LOW32_HELPER_HIGH32,NOT_AVAILABLE
DE5 [1-11.2],94,59,LATENCY,1789536613633,1789536613634,1,0000EFFF0000F001,1,32,MAIN_LOW32_HELPER_HIGH32,NOT_AVAILABLE
DE5 [1-11.2],94,60,FAILURE,1789536613634,1789536613634,0,0,1,32,MAIN_LOW32_HELPER_HIGH32,NOT_AVAILABLE
DE5 [1-11.2],94,61,FIRST_LOSS,1789536613634,1789536613634,0,06F8AC0200000000,1,32,MAIN_LOW32_HELPER_HIGH32,NOT_AVAILABLE
DE5 [1-11.2],95,52,STATUS,1789536614738,1789536614738,0,E4D5A709689E000D,1,32,MAIN_LOW32_HELPER_HIGH32,NOT_AVAILABLE
DE5 [1-11.2],95,53,PENDING,1789536614738,1789536614738,0,00000D3C0001A395,1,32,MAIN_LOW32_HELPER_HIGH32,NOT_AVAILABLE
DE5 [1-11.2],96,52,STATUS,1789536615933,1789536615933,0,E8655FD8591E000D,1,32,MAIN_LOW32_HELPER_HIGH32,NOT_AVAILABLE
DE5 [1-11.2],96,53,PENDING,1789536615933,1789536615933,0,00000D3C0001A73F,1,32,MAIN_LOW32_HELPER_HIGH32,NOT_AVAILABLE
DE5 [1-11.2],97,52,STATUS,1789536617118,1789536617118,0,EBEDC95B3DDE000D,1,32,MAIN_LOW32_HELPER_HIGH32,NOT_AVAILABLE
DE5 [1-11.2],97,53,PENDING,1789536617118,1789536617119,1,00000D3C0001AAA6,1,32,MAIN_LOW32_HELPER_HIGH32,NOT_AVAILABLE
DE5 [1-11.2],97,57,MAX_WAIT,1789536617208,1789536617208,0,FFFD3800000F788B,1,32,MAIN_LOW32_HELPER_HIGH32,NOT_AVAILABLE
DE5 [1-11.2],97,58,CURRENT_WAIT,1789536617208,1789536617209,1,00000000000054AD,1,32,MAIN_LOW32_HELPER_HIGH32,NOT_AVAILABLE
DE5 [1-11.2],97,59,LATENCY,1789536617209,1789536617209,0,0000EFFF0000F001,1,32,MAIN_LOW32_HELPER_HIGH32,NOT_AVAILABLE
DE5 [1-11.2],97,60,FAILURE,1789536617209,1789536617209,0,0,1,32,MAIN_LOW32_HELPER_HIGH32,NOT_AVAILABLE
DE5 [1-11.2],97,61,FIRST_LOSS,1789536617209,1789536617210,1,0724C80200000000,1,32,MAIN_LOW32_HELPER_HIGH32,NOT_AVAILABLE
DE5 [1-11.2],98,52,STATUS,1789536618278,1789536618278,0,EF62BD2223DE000D,1,32,MAIN_LOW32_HELPER_HIGH32,NOT_AVAILABLE
DE5 [1-11.2],98,53,PENDING,1789536618278,1789536618278,0,00000D3C0001AE11,1,32,MAIN_LOW32_HELPER_HIGH32,NOT_AVAILABLE
DE5 [1-11.2],99,52,STATUS,1789536619418,1789536619418,0,F2C887C10A9A000C,1,32,MAIN_LOW32_HELPER_HIGH32,NOT_AVAILABLE
DE5 [1-11.2],99,53,PENDING,1789536619418,1789536619418,0,00000D3C0001B18A,1,32,MAIN_LOW32_HELPER_HIGH32,NOT_AVAILABLE
DE5 [1-11.2],100,52,STATUS,1789536620559,1789536620559,0,F62EBA71EF9E000D,1,32,MAIN_LOW32_HELPER_HIGH32,NOT_AVAILABLE
DE5 [1-11.2],100,53,PENDING,1789536620559,1789536620559,0,00000D3C0001B513,1,32,MAIN_LOW32_HELPER_HIGH32,NOT_AVAILABLE
DE5 [1-11.2],100,57,MAX_WAIT,1789536620648,1789536620649,1,FFFD3800000F788B,1,32,MAIN_LOW32_HELPER_HIGH32,NOT_AVAILABLE
DE5 [1-11.2],100,58,CURRENT_WAIT,1789536620649,1789536620649,0,9797,1,32,MAIN_LOW32_HELPER_HIGH32,NOT_AVAILABLE
DE5 [1-11.2],100,59,LATENCY,1789536620649,1789536620649,0,0000EFFF0000F001,1,32,MAIN_LOW32_HELPER_HIGH32,NOT_AVAILABLE
DE5 [1-11.2],100,60,FAILURE,1789536620649,1789536620649,0,0,1,32,MAIN_LOW32_HELPER_HIGH32,NOT_AVAILABLE
DE5 [1-11.2],100,61,FIRST_LOSS,1789536620649,1789536620650,1,750200200000000,1,32,MAIN_LOW32_HELPER_HIGH32,NOT_AVAILABLE
