ROLE,BOARD,CYCLE,HOST_START_MS,HOST_END_MS,DURATION_MS,WR_CORE_VALID,DIRECT_VALID,TRANSPORT_FAILURE,ROLE_IDENTITY_VALID,STATUS_RAW,STATUS_VALID,WDIAGS_CTRL_RAW,WDIAGS_CTRL_VALID,WDIAGS_CTRL_DATA_VALID,WDIAGS_CTRL_DATA_SNAPSHOT,WDIAGS_CTRL_ADDR,SSTAT_RAW,PTP_META_RAW,WR_FAILURE_RAW,WR_STATE_RAW,PSTAT_RAW,LOCK_RESULT_RAW,SPLL_STATE_RAW,ENTRY_PROBE_RAW,RESET_PROBE_RAW,RESET_PROBE_SOURCE,SI_CONFIG_DONE,WR_READY,CORE_TM_LINK_UP,CORE_LINK_OK,WR_RX_READY,WR_TX_READY,CPU_RESET_N,PHY_STATUS_PROBE0_RAW,PHY_STATUS_VALID,PHY_STATUS_SOURCE,PHY_STATUS_SOURCE_ID,PHY_STATUS_INSTANCE,PHY_STATUS_WIDTH_BITS,PHY_GATE_REQUIRED_MASK,PHY_GATE_FAILURE_BITS,PHY_RX_LOCKED_TO_DATA,PHY_RX_LOCKED_TO_REF,WR_CORE_DATA_VALID,PHY_LINK_USABLE,PTP_STATE,PD_STATE,EXT_STATE,WRC_MODE,CURRENT_WR_STATE,WR_NEXT_STATE,PSTAT_ADDR,PSTAT_LINK,PSTAT_LOCKED,SPLL_DELOCK_COUNT,BOOT_GENERATION,CPU_RESET_COUNT,WR_CORE_RESET_COUNT,SI_CONFIG_DROP_COUNT,RESET_FIELDS_VALID,RESET_CHANGED,TERMINAL,TERMINAL_STREAK,WR_FAILURE_REASON,WR_DISABLE_VALID,STOP_REASON
SLAVE,DE5 [1-11.2],1,1789542293737,1789542293826,89,1,1,0,1,1,1,1,1,1,0,0x00100A04,101,3010308,0,A041135C,1,1,30006,000000010001A4C4,00010100010101FF,JTAG_PROBE26_27,1,1,1,1,1,1,1,F510DCE1353C82EF,1,JTAG_PROBE0,WR_SYNC_SLAVE,0,64,000000CF,NONE,1,0,1,1,8,3,1,3,2,2,0x00100A0C,1,0,0,1,1,0,0,1,0,0,0,0,0,NONE
MASTER,DE5 [1-11.1],1,1789542293935,1789542294024,89,1,1,0,1,1,1,1,1,1,0,0x00100A04,0,2010306,0,A0219864,1,0,20004,000000010001A4C4,00010100010101FF,JTAG_PROBE26_27,1,1,1,1,1,1,1,6110426135BC82FF,1,JTAG_PROBE0,WR_SYNC_MASTER,0,64,000000CF,NONE,1,0,1,1,6,3,1,2,3,3,0x00100A0C,1,0,0,1,1,0,0,1,0,0,0,0,0,NONE
SLAVE,DE5 [1-11.2],2,1789542294643,1789542294731,88,1,1,0,1,1,1,1,1,1,0,0x00100A04,101,3010308,0,A041135C,1,1,30006,000000010001A4C4,00010100010101FF,JTAG_PROBE26_27,1,1,1,1,1,1,1,1D10DC43255082EF,1,JTAG_PROBE0,WR_SYNC_SLAVE,0,64,000000CF,NONE,1,1,1,1,8,3,1,3,2,2,0x00100A0C,1,0,0,1,1,0,0,1,0,0,0,0,0,NONE
SLAVE,DE5 [1-11.2],3,1789542295449,1789542295537,88,1,1,0,1,1,1,1,1,1,0,0x00100A04,101,3010308,0,A041135C,1,1,30006,000000010001A4C4,00010100010101FF,JTAG_PROBE26_27,1,1,1,1,1,1,1,8E10DC41255082EF,1,JTAG_PROBE0,WR_SYNC_SLAVE,0,64,000000CF,NONE,1,0,1,1,8,3,1,3,2,2,0x00100A0C,1,0,0,1,1,0,0,1,0,0,0,0,0,NONE
SLAVE,DE5 [1-11.2],4,1789542296245,1789542296334,89,1,1,0,1,1,1,1,1,1,0,0x00100A04,101,3010308,0,A041135C,1,1,30006,000000010001A4C4,00010100010101FF,JTAG_PROBE26_27,1,1,1,1,1,1,1,9910DC43255082EF,1,JTAG_PROBE0,WR_SYNC_SLAVE,0,64,000000CF,NONE,1,1,1,1,8,3,1,3,2,2,0x00100A0C,1,0,0,1,1,0,0,1,0,0,0,0,0,NONE
SLAVE,DE5 [1-11.2],5,1789542297432,1789542297520,88,1,1,0,1,1,1,1,1,1,0,0x00100A04,101,3010308,0,A041135C,1,1,30006,000000010001A4C4,00010100010101FF,JTAG_PROBE26_27,1,1,1,1,1,1,1,7410DC41255082EF,1,JTAG_PROBE0,WR_SYNC_SLAVE,0,64,000000CF,NONE,1,0,1,1,8,3,1,3,2,2,0x00100A0C,1,0,0,1,1,0,0,1,0,0,0,0,0,NONE
MASTER,DE5 [1-11.1],2,1789542297632,1789542297721,89,1,1,0,1,1,1,1,1,1,0,0x00100A04,0,2010306,0,A0219864,1,0,20004,000000010001A4C4,00010100010101FF,JTAG_PROBE26_27,1,1,1,1,1,1,1,4110426135BC82FF,1,JTAG_PROBE0,WR_SYNC_MASTER,0,64,000000CF,NONE,1,0,1,1,6,3,1,2,3,3,0x00100A0C,1,0,0,1,1,0,0,1,0,0,0,0,0,NONE
SLAVE,DE5 [1-11.2],6,1789542298313,1789542298400,87,1,1,0,1,1,1,1,1,1,0,0x00100A04,101,3010308,0,A041135C,1,1,30006,000000010001A4C4,00010100010101FF,JTAG_PROBE26_27,1,1,1,1,1,1,1,B610DC61353C82EF,1,JTAG_PROBE0,WR_SYNC_SLAVE,0,64,000000CF,NONE,1,0,1,1,8,3,1,3,2,2,0x00100A0C,1,0,0,1,1,0,0,1,0,0,0,0,0,NONE
SLAVE,DE5 [1-11.2],7,1789542299490,1789542299578,88,1,1,0,1,1,1,1,1,1,0,0x00100A04,101,3010308,0,A041135C,1,1,30006,000000010001A4C4,00010100010101FF,JTAG_PROBE26_27,1,1,1,1,1,1,1,9810DC6135BC82EF,1,JTAG_PROBE0,WR_SYNC_SLAVE,0,64,000000CF,NONE,1,0,1,1,8,3,1,3,2,2,0x00100A0C,1,0,0,1,1,0,0,1,0,0,0,0,0,NONE
SLAVE,DE5 [1-11.2],8,1789542300351,1789542300439,88,1,1,0,1,1,1,1,1,1,0,0x00100A04,101,3010308,0,A041135C,1,1,30006,000000010001A4C4,00010100010101FF,JTAG_PROBE26_27,1,1,1,1,1,1,1,7C10DC43255082EF,1,JTAG_PROBE0,WR_SYNC_SLAVE,0,64,000000CF,NONE,1,1,1,1,8,3,1,3,2,2,0x00100A0C,1,0,0,1,1,0,0,1,0,0,0,0,0,NONE
SLAVE,DE5 [1-11.2],9,1789542301137,1789542301225,88,1,1,0,1,1,1,1,1,1,0,0x00100A04,101,3010308,0,A041135C,1,1,30006,000000010001A4C4,00010100010101FF,JTAG_PROBE26_27,1,1,1,1,1,1,1,3F10DC6125FC82EF,1,JTAG_PROBE0,WR_SYNC_SLAVE,0,64,000000CF,NONE,1,0,1,1,8,3,1,3,2,2,0x00100A0C,1,0,0,1,1,0,0,1,0,0,0,0,0,NONE
MASTER,DE5 [1-11.1],3,1789542301337,1789542301425,88,1,1,0,1,1,1,1,1,1,0,0x00100A04,0,2010306,0,A0219864,1,0,20004,000000010001A4C4,00010100010101FF,JTAG_PROBE26_27,1,1,1,1,1,1,1,E11042C1255082FF,1,JTAG_PROBE0,WR_SYNC_MASTER,0,64,000000CF,NONE,1,0,1,1,6,3,1,2,3,3,0x00100A0C,1,0,0,1,1,0,0,1,0,0,0,0,0,NONE
SLAVE,DE5 [1-11.2],10,1789542302029,1789542302117,88,1,1,0,1,1,1,1,1,1,0,0x00100A04,101,3010308,0,A041135C,1,1,30006,000000010001A4C4,00010100010101FF,JTAG_PROBE26_27,1,1,1,1,1,1,1,5210DCC3255082EF,1,JTAG_PROBE0,WR_SYNC_SLAVE,0,64,000000CF,NONE,1,1,1,1,8,3,1,3,2,2,0x00100A0C,1,0,0,1,1,0,0,1,0,0,0,0,0,NONE
SLAVE,DE5 [1-11.2],11,1789542303238,1789542303326,88,1,1,0,1,1,1,1,1,1,0,0x00100A04,101,3010308,0,A041135C,1,1,30006,000000010001A4C4,00010100010101FF,JTAG_PROBE26_27,1,1,1,1,1,1,1,B910DCE135BC82EF,1,JTAG_PROBE0,WR_SYNC_SLAVE,0,64,000000CF,NONE,1,0,1,1,8,3,1,3,2,2,0x00100A0C,1,0,0,1,1,0,0,1,0,0,0,0,0,NONE
SLAVE,DE5 [1-11.2],12,1789542304040,1789542304129,89,1,1,0,1,1,1,1,1,1,0,0x00100A04,101,3010308,0,A041135C,1,1,30006,000000010001A4C4,00010100010101FF,JTAG_PROBE26_27,1,1,1,1,1,1,1,C810DCC3255082EF,1,JTAG_PROBE0,WR_SYNC_SLAVE,0,64,000000CF,NONE,1,1,1,1,8,3,1,3,2,2,0x00100A0C,1,0,0,1,1,0,0,1,0,0,0,0,0,NONE
SLAVE,DE5 [1-11.2],13,1789542305245,1789542305333,88,1,1,0,1,1,1,1,1,1,0,0x00100A04,101,3010308,0,A041135C,1,1,30006,000000010001A4C4,00010100010101FF,JTAG_PROBE26_27,1,1,1,1,1,1,1,1710DC6135BC82EF,1,JTAG_PROBE0,WR_SYNC_SLAVE,0,64,000000CF,NONE,1,0,1,1,8,3,1,3,2,2,0x00100A0C,1,0,0,1,1,0,0,1,0,0,0,0,0,NONE
MASTER,DE5 [1-11.1],4,1789542305447,1789542305535,88,1,1,0,1,1,1,1,1,1,0,0x00100A04,0,2010306,0,A0219864,1,0,20004,000000010001A4C4,00010100010101FF,JTAG_PROBE26_27,1,1,1,1,1,1,1,011042C1255082FF,1,JTAG_PROBE0,WR_SYNC_MASTER,0,64,000000CF,NONE,1,0,1,1,6,3,1,2,3,3,0x00100A0C,1,0,0,1,1,0,0,1,0,0,0,0,0,NONE
SLAVE,DE5 [1-11.2],14,1789542306205,1789542306294,89,1,1,0,1,1,1,1,1,1,0,0x00100A04,101,3010308,0,A041135C,1,1,30006,000000010001A4C4,00010100010101FF,JTAG_PROBE26_27,1,1,1,1,1,1,1,8710DC61355082EF,1,JTAG_PROBE0,WR_SYNC_SLAVE,0,64,000000CF,NONE,1,0,1,1,8,3,1,3,2,2,0x00100A0C,1,0,0,1,1,0,0,1,0,0,0,0,0,NONE
SLAVE,DE5 [1-11.2],15,1789542307022,1789542307111,89,1,1,0,1,1,1,1,1,1,0,0x00100A04,101,3010308,0,A041135C,1,1,30006,000000010001A4C4,00010100010101FF,JTAG_PROBE26_27,1,1,1,1,1,1,1,4B10DC6135BC82EF,1,JTAG_PROBE0,WR_SYNC_SLAVE,0,64,000000CF,NONE,1,0,1,1,8,3,1,3,2,2,0x00100A0C,1,0,0,1,1,0,0,1,0,0,0,0,0,NONE
SLAVE,DE5 [1-11.2],16,1789542307866,1789542307958,92,1,1,0,1,1,1,1,1,1,0,0x00100A04,101,3010308,0,A041135C,1,1,30006,000000010001A4C4,00010100010101FF,JTAG_PROBE26_27,1,1,1,1,1,1,1,1710DCE135BC82EF,1,JTAG_PROBE0,WR_SYNC_SLAVE,0,64,000000CF,NONE,1,0,1,1,8,3,1,3,2,2,0x00100A0C,1,0,0,1,1,0,0,1,0,0,0,0,0,NONE
SLAVE,DE5 [1-11.2],17,1789542308727,1789542308817,90,1,1,0,1,1,1,1,1,1,0,0x00100A04,101,3010308,0,A041135C,1,1,30006,000000010001A4C4,00010100010101FF,JTAG_PROBE26_27,1,1,1,1,1,1,1,1710DC6135BC82EF,1,JTAG_PROBE0,WR_SYNC_SLAVE,0,64,000000CF,NONE,1,0,1,1,8,3,1,3,2,2,0x00100A0C,1,0,0,1,1,0,0,1,0,0,0,0,0,NONE
MASTER,DE5 [1-11.1],5,1789542308937,1789542309025,88,1,1,0,1,1,1,1,1,1,0,0x00100A04,0,2010306,0,A0219864,1,0,20004,000000010001A4C4,00010100010101FF,JTAG_PROBE26_27,1,1,1,1,1,1,1,F11042C3255082FF,1,JTAG_PROBE0,WR_SYNC_MASTER,0,64,000000CF,NONE,1,1,1,1,6,3,1,2,3,3,0x00100A0C,1,0,0,1,1,0,0,1,0,0,0,0,0,NONE
SLAVE,DE5 [1-11.2],18,1789542309637,1789542309725,88,1,1,0,1,1,1,1,1,1,0,0x00100A04,101,3010308,0,A041135C,1,1,30006,000000010001A4C4,00010100010101FF,JTAG_PROBE26_27,1,1,1,1,1,1,1,9910DC6335BC82EF,1,JTAG_PROBE0,WR_SYNC_SLAVE,0,64,000000CF,NONE,1,1,1,1,8,3,1,3,2,2,0x00100A0C,1,0,0,1,1,0,0,1,0,0,0,0,0,NONE
SLAVE,DE5 [1-11.2],19,1789542310838,1789542310926,88,1,1,0,1,1,1,1,1,1,0,0x00100A04,101,3010308,0,A041135C,1,1,30006,000000010001A4C4,00010100010101FF,JTAG_PROBE26_27,1,1,1,1,1,1,1,C410DC41255082EF,1,JTAG_PROBE0,WR_SYNC_SLAVE,0,64,000000CF,NONE,1,0,1,1,8,3,1,3,2,2,0x00100A0C,1,0,0,1,1,0,0,1,0,0,0,0,0,NONE
SLAVE,DE5 [1-11.2],20,1789542311635,1789542311723,88,1,1,0,1,1,1,1,1,1,0,0x00100A04,101,3010308,0,A041135C,1,1,30006,000000010001A4C4,00010100010101FF,JTAG_PROBE26_27,1,1,1,1,1,1,1,C910DCE135BC82EF,1,JTAG_PROBE0,WR_SYNC_SLAVE,0,64,000000CF,NONE,1,0,1,1,8,3,1,3,2,2,0x00100A0C,1,0,0,1,1,0,0,1,0,0,0,0,0,NONE
SLAVE,DE5 [1-11.2],21,1789542312827,1789542312916,89,1,1,0,1,1,1,1,1,1,0,0x00100A04,101,3010308,0,A041135C,1,1,30006,000000010001A4C4,00010100010101FF,JTAG_PROBE26_27,1,1,1,1,1,1,1,D210DCE135BC82EF,1,JTAG_PROBE0,WR_SYNC_SLAVE,0,64,000000CF,NONE,1,0,1,1,8,3,1,3,2,2,0x00100A0C,1,0,0,1,1,0,0,1,0,0,0,0,0,NONE
MASTER,DE5 [1-11.1],6,1789542313021,1789542313109,88,1,1,0,1,1,1,1,1,1,0,0x00100A04,0,2010306,0,A0219864,1,0,20004,000000010001A4C4,00010100010101FF,JTAG_PROBE26_27,1,1,1,1,1,1,1,71104243255082FF,1,JTAG_PROBE0,WR_SYNC_MASTER,0,64,000000CF,NONE,1,1,1,1,6,3,1,2,3,3,0x00100A0C,1,0,0,1,1,0,0,1,0,0,0,0,0,NONE
SLAVE,DE5 [1-11.2],22,1789542313723,1789542313811,88,1,1,0,1,1,1,1,1,1,0,0x00100A04,101,3010308,0,A041135C,1,1,30006,000000010001A4C4,00010100010101FF,JTAG_PROBE26_27,1,1,1,1,1,1,1,8110DCE135BC82EF,1,JTAG_PROBE0,WR_SYNC_SLAVE,0,64,000000CF,NONE,1,0,1,1,8,3,1,3,2,2,0x00100A0C,1,0,0,1,1,0,0,1,0,0,0,0,0,NONE
SLAVE,DE5 [1-11.2],23,1789542314537,1789542314627,90,1,1,0,1,1,1,1,1,1,0,0x00100A04,101,3010308,0,A041135C,1,1,30006,000000010001A4C4,00010100010101FF,JTAG_PROBE26_27,1,1,1,1,1,1,1,6E10DCE135BC82EF,1,JTAG_PROBE0,WR_SYNC_SLAVE,0,64,000000CF,NONE,1,0,1,1,8,3,1,3,2,2,0x00100A0C,1,0,0,1,1,0,0,1,0,0,0,0,0,NONE
SLAVE,DE5 [1-11.2],24,1789542315355,1789542315444,89,1,1,0,1,1,1,1,1,1,0,0x00100A04,101,3010308,0,A041135C,1,1,30006,000000010001A4C4,00010100010101FF,JTAG_PROBE26_27,1,1,1,1,1,1,1,9710DC6135BC82EF,1,JTAG_PROBE0,WR_SYNC_SLAVE,0,64,000000CF,NONE,1,0,1,1,8,3,1,3,2,2,0x00100A0C,1,0,0,1,1,0,0,1,0,0,0,0,0,NONE
SLAVE,DE5 [1-11.2],25,1789542316618,1789542316707,89,1,1,0,1,1,1,1,1,1,0,0x00100A04,101,3010308,0,A041135C,1,1,30006,000000010001A4C4,00010100010101FF,JTAG_PROBE26_27,1,1,1,1,1,1,1,B710DC6135BC82EF,1,JTAG_PROBE0,WR_SYNC_SLAVE,0,64,000000CF,NONE,1,0,1,1,8,3,1,3,2,2,0x00100A0C,1,0,0,1,1,0,0,1,0,0,0,0,0,NONE
MASTER,DE5 [1-11.1],7,1789542316818,1789542316907,89,1,1,0,1,1,1,1,1,1,0,0x00100A04,0,2010306,0,A0219864,1,0,20004,000000010001A4C4,00010100010101FF,JTAG_PROBE26_27,1,1,1,1,1,1,1,5110426135BC82FF,1,JTAG_PROBE0,WR_SYNC_MASTER,0,64,000000CF,NONE,1,0,1,1,6,3,1,2,3,3,0x00100A0C,1,0,0,1,1,0,0,1,0,0,0,0,0,NONE
SLAVE,DE5 [1-11.2],26,1789542317498,1789542317587,89,1,1,0,1,1,1,1,1,1,0,0x00100A04,101,3010308,0,A041135C,1,1,30006,000000010001A4C4,00010100010101FF,JTAG_PROBE26_27,1,1,1,1,1,1,1,1610DC6335BC82EF,1,JTAG_PROBE0,WR_SYNC_SLAVE,0,64,000000CF,NONE,1,1,1,1,8,3,1,3,2,2,0x00100A0C,1,0,0,1,1,0,0,1,0,0,0,0,0,NONE
SLAVE,DE5 [1-11.2],27,1789542318337,1789542318425,88,1,1,0,1,1,1,1,1,1,0,0x00100A04,101,3010308,0,A041135C,1,1,30006,000000010001A4C4,00010100010101FF,JTAG_PROBE26_27,1,1,1,1,1,1,1,B110DC41255082EF,1,JTAG_PROBE0,WR_SYNC_SLAVE,0,64,000000CF,NONE,1,0,1,1,8,3,1,3,2,2,0x00100A0C,1,0,0,1,1,0,0,1,0,0,0,0,0,NONE
SLAVE,DE5 [1-11.2],28,1789542319142,1789542319230,88,1,1,0,1,1,1,1,1,1,0,0x00100A04,101,3010308,0,A041135C,1,1,30006,000000010001A4C4,00010100010101FF,JTAG_PROBE26_27,1,1,1,1,1,1,1,9710DC6135BC82EF,1,JTAG_PROBE0,WR_SYNC_SLAVE,0,64,000000CF,NONE,1,0,1,1,8,3,1,3,2,2,0x00100A0C,1,0,0,1,1,0,0,1,0,0,0,0,0,NONE
SLAVE,DE5 [1-11.2],29,1789542320308,1789542320396,88,1,1,0,1,1,1,1,1,1,0,0x00100A04,101,3010308,0,A041135C,1,1,30006,000000010001A4C4,00010100010101FF,JTAG_PROBE26_27,1,1,1,1,1,1,1,3110DC6135BC82EF,1,JTAG_PROBE0,WR_SYNC_SLAVE,0,64,000000CF,NONE,1,0,1,1,8,3,1,3,2,2,0x00100A0C,1,0,0,1,1,0,0,1,0,0,0,0,0,NONE
MASTER,DE5 [1-11.1],8,1789542320503,1789542320591,88,1,1,0,1,1,1,1,1,1,0,0x00100A04,0,2010306,0,A0219864,1,0,20004,000000010001A4C4,00010100010101FF,JTAG_PROBE26_27,1,1,1,1,1,1,1,B11042C1255082FF,1,JTAG_PROBE0,WR_SYNC_MASTER,0,64,000000CF,NONE,1,0,1,1,6,3,1,2,3,3,0x00100A0C,1,0,0,1,1,0,0,1,0,0,0,0,0,NONE
SLAVE,DE5 [1-11.2],30,1789542321259,1789542321347,88,1,1,0,1,1,1,1,1,1,0,0x00100A04,101,3010308,0,A041135C,1,1,30006,000000010001A4C4,00010100010101FF,JTAG_PROBE26_27,1,1,1,1,1,1,1,D310DCE135BC82EF,1,JTAG_PROBE0,WR_SYNC_SLAVE,0,64,000000CF,NONE,1,0,1,1,8,3,1,3,2,2,0x00100A0C,1,0,0,1,1,0,0,1,0,0,0,0,0,NONE
SLAVE,DE5 [1-11.2],31,1789542322130,1789542322219,89,1,1,0,1,1,1,1,1,1,0,0x00100A04,101,3010308,0,A041135C,1,1,30006,000000010001A4C4,00010100010101FF,JTAG_PROBE26_27,1,1,1,1,1,1,1,D510DC43255082EF,1,JTAG_PROBE0,WR_SYNC_SLAVE,0,64,000000CF,NONE,1,1,1,1,8,3,1,3,2,2,0x00100A0C,1,0,0,1,1,0,0,1,0,0,0,0,0,NONE
SLAVE,DE5 [1-11.2],32,1789542322927,1789542323017,90,1,1,0,1,1,1,1,1,1,0,0x00100A04,101,3010308,0,A041135C,1,1,30006,000000010001A4C4,00010100010101FF,JTAG_PROBE26_27,1,1,1,1,1,1,1,D410DCE335BC82EF,1,JTAG_PROBE0,WR_SYNC_SLAVE,0,64,000000CF,NONE,1,1,1,1,8,3,1,3,2,2,0x00100A0C,1,0,0,1,1,0,0,1,0,0,0,0,0,NONE
SLAVE,DE5 [1-11.2],33,1789542324108,1789542324197,89,1,1,0,1,1,1,1,1,1,0,0x00100A04,101,3010308,0,A041135C,1,1,30006,000000010001A4C4,00010100010101FF,JTAG_PROBE26_27,1,1,1,1,1,1,1,E010DC6135BC82EF,1,JTAG_PROBE0,WR_SYNC_SLAVE,0,64,000000CF,NONE,1,0,1,1,8,3,1,3,2,2,0x00100A0C,1,0,0,1,1,0,0,1,0,0,0,0,0,NONE
MASTER,DE5 [1-11.1],9,1789542324320,1789542324408,88,1,1,0,1,1,1,1,1,1,0,0x00100A04,0,2010306,0,A0219864,1,0,20004,000000010001A4C4,00010100010101FF,JTAG_PROBE26_27,1,1,1,1,1,1,1,01104241255082FF,1,JTAG_PROBE0,WR_SYNC_MASTER,0,64,000000CF,NONE,1,0,1,1,6,3,1,2,3,3,0x00100A0C,1,0,0,1,1,0,0,1,0,0,0,0,0,NONE
SLAVE,DE5 [1-11.2],34,1789542324999,1789542325088,89,1,1,0,1,1,1,1,1,1,0,0x00100A04,101,3010308,0,A041135C,1,1,30006,000000010001A4C4,00010100010101FF,JTAG_PROBE26_27,1,1,1,1,1,1,1,1610DC61355082EF,1,JTAG_PROBE0,WR_SYNC_SLAVE,0,64,000000CF,NONE,1,0,1,1,8,3,1,3,2,2,0x00100A0C,1,0,0,1,1,0,0,1,0,0,0,0,0,NONE
SLAVE,DE5 [1-11.2],35,1789542325859,1789542325948,89,1,1,0,1,1,1,1,1,1,0,0x00100A04,101,3010308,0,A041135C,1,1,30006,000000010001A4C4,00010100010101FF,JTAG_PROBE26_27,1,1,1,1,1,1,1,3010DC41255082EF,1,JTAG_PROBE0,WR_SYNC_SLAVE,0,64,000000CF,NONE,1,0,1,1,8,3,1,3,2,2,0x00100A0C,1,0,0,1,1,0,0,1,0,0,0,0,0,NONE
SLAVE,DE5 [1-11.2],36,1789542326704,1789542326792,88,1,1,0,1,1,1,1,1,1,0,0x00100A04,101,3010308,0,A041135C,1,1,30006,000000010001A4C4,00010100010101FF,JTAG_PROBE26_27,1,1,1,1,1,1,1,5D10DCC1255082EF,1,JTAG_PROBE0,WR_SYNC_SLAVE,0,64,000000CF,NONE,1,0,1,1,8,3,1,3,2,2,0x00100A0C,1,0,0,1,1,0,0,1,0,0,0,0,0,NONE
SLAVE,DE5 [1-11.2],37,1789542327894,1789542327982,88,1,1,0,1,1,1,1,1,1,0,0x00100A04,101,3010308,0,A041135C,1,1,30006,000000010001A4C4,00010100010101FF,JTAG_PROBE26_27,1,1,1,1,1,1,1,0B10DCE135BC82EF,1,JTAG_PROBE0,WR_SYNC_SLAVE,0,64,000000CF,NONE,1,0,1,1,8,3,1,3,2,2,0x00100A0C,1,0,0,1,1,0,0,1,0,0,0,0,0,NONE
MASTER,DE5 [1-11.1],10,1789542328090,1789542328178,88,1,1,0,1,1,1,1,1,1,0,0x00100A04,0,2010306,0,A0219864,1,0,20004,000000010001A4C4,00010100010101FF,JTAG_PROBE26_27,1,1,1,1,1,1,1,B1104243255082FF,1,JTAG_PROBE0,WR_SYNC_MASTER,0,64,000000CF,NONE,1,1,1,1,6,3,1,2,3,3,0x00100A0C,1,0,0,1,1,0,0,1,0,0,0,0,0,NONE
SLAVE,DE5 [1-11.2],38,1789542328825,1789542328913,88,1,1,0,1,1,1,1,1,1,0,0x00100A04,101,3010308,0,A041135C,1,1,30006,000000010001A4C4,00010100010101FF,JTAG_PROBE26_27,1,1,1,1,1,1,1,9D10DC6335BC82EF,1,JTAG_PROBE0,WR_SYNC_SLAVE,0,64,000000CF,NONE,1,1,1,1,8,3,1,3,2,2,0x00100A0C,1,0,0,1,1,0,0,1,0,0,0,0,0,NONE
SLAVE,DE5 [1-11.2],39,1789542329632,1789542329721,89,1,1,0,1,1,1,1,1,1,0,0x00100A04,101,3010308,0,A041135C,1,1,30006,000000010001A4C4,00010100010101FF,JTAG_PROBE26_27,1,1,1,1,1,1,1,2D10DC43255082EF,1,JTAG_PROBE0,WR_SYNC_SLAVE,0,64,000000CF,NONE,1,1,1,1,8,3,1,3,2,2,0x00100A0C,1,0,0,1,1,0,0,1,0,0,0,0,0,NONE
SLAVE,DE5 [1-11.2],40,1789542330432,1789542330521,89,1,1,0,1,1,1,1,1,1,0,0x00100A04,101,3010308,0,A041135C,1,1,30006,000000010001A4C4,00010100010101FF,JTAG_PROBE26_27,1,1,1,1,1,1,1,EE10DCE135BC82EF,1,JTAG_PROBE0,WR_SYNC_SLAVE,0,64,000000CF,NONE,1,0,1,1,8,3,1,3,2,2,0x00100A0C,1,0,0,1,1,0,0,1,0,0,0,0,0,NONE
SLAVE,DE5 [1-11.2],41,1789542331614,1789542331703,89,1,1,0,1,1,1,1,1,1,0,0x00100A04,101,3010308,0,A041135C,1,1,30006,000000010001A4C4,00010100010101FF,JTAG_PROBE26_27,1,1,1,1,1,1,1,AF10DCC1255082EF,1,JTAG_PROBE0,WR_SYNC_SLAVE,0,64,000000CF,NONE,1,0,1,1,8,3,1,3,2,2,0x00100A0C,1,0,0,1,1,0,0,1,0,0,0,0,0,NONE
MASTER,DE5 [1-11.1],11,1789542331807,1789542331896,89,1,1,0,1,1,1,1,1,1,0,0x00100A04,0,2010306,0,A0219864,1,0,20004,000000010001A4C4,00010100010101FF,JTAG_PROBE26_27,1,1,1,1,1,1,1,211042C1255082FF,1,JTAG_PROBE0,WR_SYNC_MASTER,0,64,000000CF,NONE,1,0,1,1,6,3,1,2,3,3,0x00100A0C,1,0,0,1,1,0,0,1,0,0,0,0,0,NONE
SLAVE,DE5 [1-11.2],42,1789542332509,1789542332597,88,1,1,0,1,1,1,1,1,1,0,0x00100A04,101,3010308,0,A041135C,1,1,30006,000000010001A4C4,00010100010101FF,JTAG_PROBE26_27,1,1,1,1,1,1,1,A710DC6135BC82EF,1,JTAG_PROBE0,WR_SYNC_SLAVE,0,64,000000CF,NONE,1,0,1,1,8,3,1,3,2,2,0x00100A0C,1,0,0,1,1,0,0,1,0,0,0,0,0,NONE
SLAVE,DE5 [1-11.2],43,1789542333685,1789542333774,89,1,1,0,1,1,1,1,1,1,0,0x00100A04,101,3010308,0,A041135C,1,1,30006,000000010001A4C4,00010100010101FF,JTAG_PROBE26_27,1,1,1,1,1,1,1,9D10DCC3255082EF,1,JTAG_PROBE0,WR_SYNC_SLAVE,0,64,000000CF,NONE,1,1,1,1,8,3,1,3,2,2,0x00100A0C,1,0,0,1,1,0,0,1,0,0,0,0,0,NONE
SLAVE,DE5 [1-11.2],44,1789542334537,1789542334626,89,1,1,0,1,1,1,1,1,1,0,0x00100A04,101,3010308,0,A041135C,1,1,30006,000000010001A4C4,00010100010101FF,JTAG_PROBE26_27,1,1,1,1,1,1,1,2610DC6135BC82EF,1,JTAG_PROBE0,WR_SYNC_SLAVE,0,64,000000CF,NONE,1,0,1,1,8,3,1,3,2,2,0x00100A0C,1,0,0,1,1,0,0,1,0,0,0,0,0,NONE
SLAVE,DE5 [1-11.2],45,1789542335339,1789542335429,90,1,1,0,1,1,1,1,1,1,0,0x00100A04,101,3010308,0,A041135C,1,1,30006,000000010001A4C4,00010100010101FF,JTAG_PROBE26_27,1,1,1,1,1,1,1,5010DCE335BC82EF,1,JTAG_PROBE0,WR_SYNC_SLAVE,0,64,000000CF,NONE,1,1,1,1,8,3,1,3,2,2,0x00100A0C,1,0,0,1,1,0,0,1,0,0,0,0,0,NONE
MASTER,DE5 [1-11.1],12,1789542335538,1789542335627,89,1,1,0,1,1,1,1,1,1,0,0x00100A04,0,2010306,0,A0219864,1,0,20004,000000010001A4C4,00010100010101FF,JTAG_PROBE26_27,1,1,1,1,1,1,1,911042C1251C82FF,1,JTAG_PROBE0,WR_SYNC_MASTER,0,64,000000CF,NONE,1,0,1,1,6,3,1,2,3,3,0x00100A0C,1,0,0,1,1,0,0,1,0,0,0,0,0,NONE
SLAVE,DE5 [1-11.2],46,1789542336245,1789542336334,89,1,1,0,1,1,1,1,1,1,0,0x00100A04,101,3010308,0,A041135C,1,1,30006,000000010001A4C4,00010100010101FF,JTAG_PROBE26_27,1,1,1,1,1,1,1,2710DC43255082EF,1,JTAG_PROBE0,WR_SYNC_SLAVE,0,64,000000CF,NONE,1,1,1,1,8,3,1,3,2,2,0x00100A0C,1,0,0,1,1,0,0,1,0,0,0,0,0,NONE
SLAVE,DE5 [1-11.2],47,1789542337443,1789542337533,90,1,1,0,1,1,1,1,1,1,0,0x00100A04,101,3010308,0,A041135C,1,1,30006,000000010001A4C4,00010100010101FF,JTAG_PROBE26_27,1,1,1,1,1,1,1,C810DC6335BC82EF,1,JTAG_PROBE0,WR_SYNC_SLAVE,0,64,000000CF,NONE,1,1,1,1,8,3,1,3,2,2,0x00100A0C,1,0,0,1,1,0,0,1,0,0,0,0,0,NONE
SLAVE,DE5 [1-11.2],48,1789542338236,1789542338326,90,1,1,0,1,1,1,1,1,1,0,0x00100A04,101,3010308,0,A041135C,1,1,30006,000000010001A4C4,00010100010101FF,JTAG_PROBE26_27,1,1,1,1,1,1,1,AB10DC6135BC82EF,1,JTAG_PROBE0,WR_SYNC_SLAVE,0,64,000000CF,NONE,1,0,1,1,8,3,1,3,2,2,0x00100A0C,1,0,0,1,1,0,0,1,0,0,0,0,0,NONE
SLAVE,DE5 [1-11.2],49,1789542339420,1789542339508,88,1,1,0,1,1,1,1,1,1,0,0x00100A04,101,3010308,0,A041135C,1,1,30006,000000010001A4C4,00010100010101FF,JTAG_PROBE26_27,1,1,1,1,1,1,1,FA10DC61353C82EF,1,JTAG_PROBE0,WR_SYNC_SLAVE,0,64,000000CF,NONE,1,0,1,1,8,3,1,3,2,2,0x00100A0C,1,0,0,1,1,0,0,1,0,0,0,0,0,NONE
MASTER,DE5 [1-11.1],13,1789542339622,1789542339710,88,1,1,0,1,1,1,1,1,1,0,0x00100A04,0,2010306,0,A0219864,1,0,20004,000000010001A4C4,00010100010101FF,JTAG_PROBE26_27,1,1,1,1,1,1,1,11104241255082FF,1,JTAG_PROBE0,WR_SYNC_MASTER,0,64,000000CF,NONE,1,0,1,1,6,3,1,2,3,3,0x00100A0C,1,0,0,1,1,0,0,1,0,0,0,0,0,NONE
SLAVE,DE5 [1-11.2],50,1789542340326,1789542340414,88,1,1,0,1,1,1,1,1,1,0,0x00100A04,101,3010308,0,A041135C,1,1,30006,000000010001A4C4,00010100010101FF,JTAG_PROBE26_27,1,1,1,1,1,1,1,8310DCC1255082EF,1,JTAG_PROBE0,WR_SYNC_SLAVE,0,64,000000CF,NONE,1,0,1,1,8,3,1,3,2,2,0x00100A0C,1,0,0,1,1,0,0,1,0,0,0,0,0,NONE
SLAVE,DE5 [1-11.2],51,1789542341142,1789542341231,89,1,1,0,1,1,1,1,1,1,0,0x00100A04,101,3010308,0,A041135C,1,1,30006,000000010001A4C4,00010100010101FF,JTAG_PROBE26_27,1,1,1,1,1,1,1,B910DC41255082EF,1,JTAG_PROBE0,WR_SYNC_SLAVE,0,64,000000CF,NONE,1,0,1,1,8,3,1,3,2,2,0x00100A0C,1,0,0,1,1,0,0,1,0,0,0,0,0,NONE
SLAVE,DE5 [1-11.2],52,1789542341931,1789542342020,89,1,1,0,1,1,1,1,1,1,0,0x00100A04,101,3010308,0,A041135C,1,1,30006,000000010001A4C4,00010100010101FF,JTAG_PROBE26_27,1,1,1,1,1,1,1,3210DCC1255082EF,1,JTAG_PROBE0,WR_SYNC_SLAVE,0,64,000000CF,NONE,1,0,1,1,8,3,1,3,2,2,0x00100A0C,1,0,0,1,1,0,0,1,0,0,0,0,0,NONE
SLAVE,DE5 [1-11.2],53,1789542343127,1789542343216,89,1,1,0,1,1,1,1,1,1,0,0x00100A04,101,3010308,0,A041135C,1,1,30006,000000010001A4C4,00010100010101FF,JTAG_PROBE26_27,1,1,1,1,1,1,1,7410DC6135BC82EF,1,JTAG_PROBE0,WR_SYNC_SLAVE,0,64,000000CF,NONE,1,0,1,1,8,3,1,3,2,2,0x00100A0C,1,0,0,1,1,0,0,1,0,0,0,0,0,NONE
MASTER,DE5 [1-11.1],14,1789542343322,1789542343410,88,1,1,0,1,1,1,1,1,1,0,0x00100A04,0,2010306,0,A0219864,1,0,20004,000000010001A4C4,00010100010101FF,JTAG_PROBE26_27,1,1,1,1,1,1,1,411042E335BC82FF,1,JTAG_PROBE0,WR_SYNC_MASTER,0,64,000000CF,NONE,1,1,1,1,6,3,1,2,3,3,0x00100A0C,1,0,0,1,1,0,0,1,0,0,0,0,0,NONE
SLAVE,DE5 [1-11.2],54,1789542344041,1789542344130,89,1,1,0,1,1,1,1,1,1,0,0x00100A04,101,3010308,0,A041135C,1,1,30006,000000010001A4C4,00010100010101FF,JTAG_PROBE26_27,1,1,1,1,1,1,1,C510DC6135BC82EF,1,JTAG_PROBE0,WR_SYNC_SLAVE,0,64,000000CF,NONE,1,0,1,1,8,3,1,3,2,2,0x00100A0C,1,0,0,1,1,0,0,1,0,0,0,0,0,NONE
SLAVE,DE5 [1-11.2],55,1789542344850,1789542344939,89,1,1,0,1,1,1,1,1,1,0,0x00100A04,101,3010308,0,A041135C,1,1,30006,000000010001A4C4,00010100010101FF,JTAG_PROBE26_27,1,1,1,1,1,1,1,2410DCC125D882EF,1,JTAG_PROBE0,WR_SYNC_SLAVE,0,64,000000CF,NONE,1,0,1,1,8,3,1,3,2,2,0x00100A0C,1,0,0,1,1,0,0,1,0,0,0,0,0,NONE
SLAVE,DE5 [1-11.2],56,1789542345732,1789542345821,89,1,1,0,1,1,1,1,1,1,0,0x00100A04,101,3010308,0,A041135C,1,1,30006,000000010001A4C4,00010100010101FF,JTAG_PROBE26_27,1,1,1,1,1,1,1,3710DCE135BC82EF,1,JTAG_PROBE0,WR_SYNC_SLAVE,0,64,000000CF,NONE,1,0,1,1,8,3,1,3,2,2,0x00100A0C,1,0,0,1,1,0,0,1,0,0,0,0,0,NONE
SLAVE,DE5 [1-11.2],57,1789542346941,1789542347032,91,1,1,0,1,1,1,1,1,1,0,0x00100A04,101,3010308,0,A041135C,1,1,30006,000000010001A4C4,00010100010101FF,JTAG_PROBE26_27,1,1,1,1,1,1,1,6710DC6335BC82EF,1,JTAG_PROBE0,WR_SYNC_SLAVE,0,64,000000CF,NONE,1,1,1,1,8,3,1,3,2,2,0x00100A0C,1,0,0,1,1,0,0,1,0,0,0,0,0,NONE
MASTER,DE5 [1-11.1],15,1789542347142,1789542347232,90,1,1,0,1,1,1,1,1,1,0,0x00100A04,0,2010306,0,A0219864,1,0,20004,000000010001A4C4,00010100010101FF,JTAG_PROBE26_27,1,1,1,1,1,1,1,5110426135BC82FF,1,JTAG_PROBE0,WR_SYNC_MASTER,0,64,000000CF,NONE,1,0,1,1,6,3,1,2,3,3,0x00100A0C,1,0,0,1,1,0,0,1,0,0,0,0,0,NONE
SLAVE,DE5 [1-11.2],58,1789542347827,1789542347916,89,1,1,0,1,1,1,1,1,1,0,0x00100A04,101,3010308,0,A041135C,1,1,30006,000000010001A4C4,00010100010101FF,JTAG_PROBE26_27,1,1,1,1,1,1,1,2410DCE135BC82EF,1,JTAG_PROBE0,WR_SYNC_SLAVE,0,64,000000CF,NONE,1,0,1,1,8,3,1,3,2,2,0x00100A0C,1,0,0,1,1,0,0,1,0,0,0,0,0,NONE
SLAVE,DE5 [1-11.2],59,1789542348628,1789542348716,88,1,1,0,1,1,1,1,1,1,0,0x00100A04,101,3010308,0,A041135C,1,1,30006,000000010001A4C4,00010100010101FF,JTAG_PROBE26_27,1,1,1,1,1,1,1,1710DC41255082EF,1,JTAG_PROBE0,WR_SYNC_SLAVE,0,64,000000CF,NONE,1,0,1,1,8,3,1,3,2,2,0x00100A0C,1,0,0,1,1,0,0,1,0,0,0,0,0,NONE
SLAVE,DE5 [1-11.2],60,1789542349443,1789542349532,89,1,1,0,1,1,1,1,1,1,0,0x00100A04,101,3010308,0,A041135C,1,1,30006,000000010001A4C4,00010100010101FF,JTAG_PROBE26_27,1,1,1,1,1,1,1,0E10DCC1255082EF,1,JTAG_PROBE0,WR_SYNC_SLAVE,0,64,000000CF,NONE,1,0,1,1,8,3,1,3,2,2,0x00100A0C,1,0,0,1,1,0,0,1,0,0,0,0,0,NONE
SLAVE,DE5 [1-11.2],61,1789542350626,1789542350715,89,1,1,0,1,1,1,1,1,1,0,0x00100A04,101,3010308,0,A041135C,1,1,30006,000000010001A4C4,00010100010101FF,JTAG_PROBE26_27,1,1,1,1,1,1,1,2510DC4125FC82EF,1,JTAG_PROBE0,WR_SYNC_SLAVE,0,64,000000CF,NONE,1,0,1,1,8,3,1,3,2,2,0x00100A0C,1,0,0,1,1,0,0,1,0,0,0,0,0,NONE
MASTER,DE5 [1-11.1],16,1789542350821,1789542350908,87,1,1,0,1,1,1,1,1,1,0,0x00100A04,0,2010306,0,A0219864,1,0,20004,000000010001A4C4,00010100010101FF,JTAG_PROBE26_27,1,1,1,1,1,1,1,6110426335BC82FF,1,JTAG_PROBE0,WR_SYNC_MASTER,0,64,000000CF,NONE,1,1,1,1,6,3,1,2,3,3,0x00100A0C,1,0,0,1,1,0,0,1,0,0,0,0,0,NONE
SLAVE,DE5 [1-11.2],62,1789542351522,1789542351611,89,1,1,0,1,1,1,1,1,1,0,0x00100A04,101,3010308,0,A041135C,1,1,30006,000000010001A4C4,00010100010101FF,JTAG_PROBE26_27,1,1,1,1,1,1,1,1B10DCC3355082EF,1,JTAG_PROBE0,WR_SYNC_SLAVE,0,64,000000CF,NONE,1,1,1,1,8,3,1,3,2,2,0x00100A0C,1,0,0,1,1,0,0,1,0,0,0,0,0,NONE
SLAVE,DE5 [1-11.2],63,1789542352720,1789542352809,89,1,1,0,1,1,1,1,1,1,0,0x00100A04,101,3010308,0,A041135C,1,1,30006,000000010001A4C4,00010100010101FF,JTAG_PROBE26_27,1,1,1,1,1,1,1,7810DC6135BC82EF,1,JTAG_PROBE0,WR_SYNC_SLAVE,0,64,000000CF,NONE,1,0,1,1,8,3,1,3,2,2,0x00100A0C,1,0,0,1,1,0,0,1,0,0,0,0,0,NONE
SLAVE,DE5 [1-11.2],64,1789542353535,1789542353625,90,1,1,0,1,1,1,1,1,1,0,0x00100A04,101,3010308,0,A041135C,1,1,30006,000000010001A4C4,00010100010101FF,JTAG_PROBE26_27,1,1,1,1,1,1,1,B710DCE335BC82EF,1,JTAG_PROBE0,WR_SYNC_SLAVE,0,64,000000CF,NONE,1,1,1,1,8,3,1,3,2,2,0x00100A0C,1,0,0,1,1,0,0,1,0,0,0,0,0,NONE
SLAVE,DE5 [1-11.2],65,1789542354353,1789542354442,89,1,1,0,1,1,1,1,1,1,0,0x00100A04,101,3010308,0,A041135C,1,1,30006,000000010001A4C4,00010100010101FF,JTAG_PROBE26_27,1,1,1,1,1,1,1,BC10DCC3255082EF,1,JTAG_PROBE0,WR_SYNC_SLAVE,0,64,000000CF,NONE,1,1,1,1,8,3,1,3,2,2,0x00100A0C,1,0,0,1,1,0,0,1,0,0,0,0,0,NONE
MASTER,DE5 [1-11.1],17,1789542354550,1789542354639,89,1,1,0,1,1,1,1,1,1,0,0x00100A04,0,2010306,0,A0219864,1,0,20004,000000010001A4C4,00010100010101FF,JTAG_PROBE26_27,1,1,1,1,1,1,1,7110426135BC82FF,1,JTAG_PROBE0,WR_SYNC_MASTER,0,64,000000CF,NONE,1,0,1,1,6,3,1,2,3,3,0x00100A0C,1,0,0,1,1,0,0,1,0,0,0,0,0,NONE
SLAVE,DE5 [1-11.2],66,1789542355235,1789542355324,89,1,1,0,1,1,1,1,1,1,0,0x00100A04,101,3010308,0,A041135C,1,1,30006,000000010001A4C4,00010100010101FF,JTAG_PROBE26_27,1,1,1,1,1,1,1,2110DC41255082EF,1,JTAG_PROBE0,WR_SYNC_SLAVE,0,64,000000CF,NONE,1,0,1,1,8,3,1,3,2,2,0x00100A0C,1,0,0,1,1,0,0,1,0,0,0,0,0,NONE
SLAVE,DE5 [1-11.2],67,1789542356411,1789542356499,88,1,1,0,1,1,1,1,1,1,0,0x00100A04,101,3010308,0,A041135C,1,1,30006,000000010001A4C4,00010100010101FF,JTAG_PROBE26_27,1,1,1,1,1,1,1,2510DC6335BC82EF,1,JTAG_PROBE0,WR_SYNC_SLAVE,0,64,000000CF,NONE,1,1,1,1,8,3,1,3,2,2,0x00100A0C,1,0,0,1,1,0,0,1,0,0,0,0,0,NONE
SLAVE,DE5 [1-11.2],68,1789542357206,1789542357294,88,1,1,0,1,1,1,1,1,1,0,0x00100A04,101,3010308,0,A041135C,1,1,30006,000000010001A4C4,00010100010101FF,JTAG_PROBE26_27,1,1,1,1,1,1,1,F610DCE135BC82EF,1,JTAG_PROBE0,WR_SYNC_SLAVE,0,64,000000CF,NONE,1,0,1,1,8,3,1,3,2,2,0x00100A0C,1,0,0,1,1,0,0,1,0,0,0,0,0,NONE
SLAVE,DE5 [1-11.2],69,1789542358397,1789542358486,89,1,1,0,1,1,1,1,1,1,0,0x00100A04,101,3010308,0,A041135C,1,1,30006,000000010001A4C4,00010100010101FF,JTAG_PROBE26_27,1,1,1,1,1,1,1,4210DC6135BC82EF,1,JTAG_PROBE0,WR_SYNC_SLAVE,0,64,000000CF,NONE,1,0,1,1,8,3,1,3,2,2,0x00100A0C,1,0,0,1,1,0,0,1,0,0,0,0,0,NONE
MASTER,DE5 [1-11.1],18,1789542358596,1789542358683,87,1,1,0,1,1,1,1,1,1,0,0x00100A04,0,2010306,0,A0219864,1,0,20004,000000010001A4C4,00010100010101FF,JTAG_PROBE26_27,1,1,1,1,1,1,1,011042C1255082FF,1,JTAG_PROBE0,WR_SYNC_MASTER,0,64,000000CF,NONE,1,0,1,1,6,3,1,2,3,3,0x00100A0C,1,0,0,1,1,0,0,1,0,0,0,0,0,NONE
SLAVE,DE5 [1-11.2],70,1789542359337,1789542359425,88,1,1,0,1,1,1,1,1,1,0,0x00100A04,101,3010308,0,A041135C,1,1,30006,000000010001A4C4,00010100010101FF,JTAG_PROBE26_27,1,1,1,1,1,1,1,8410DCC125DC82EF,1,JTAG_PROBE0,WR_SYNC_SLAVE,0,64,000000CF,NONE,1,0,1,1,8,3,1,3,2,2,0x00100A0C,1,0,0,1,1,0,0,1,0,0,0,0,0,NONE
SLAVE,DE5 [1-11.2],71,1789542360135,1789542360228,93,1,1,0,1,1,1,1,1,1,0,0x00100A04,101,3010308,0,A041135C,1,1,30006,000000010001A4C4,00010100010101FF,JTAG_PROBE26_27,1,1,1,1,1,1,1,8310DCE135BC82EF,1,JTAG_PROBE0,WR_SYNC_SLAVE,0,64,000000CF,NONE,1,0,1,1,8,3,1,3,2,2,0x00100A0C,1,0,0,1,1,0,0,1,0,0,0,0,0,NONE
SLAVE,DE5 [1-11.2],72,1789542360955,1789542361045,90,1,1,0,1,1,1,1,1,1,0,0x00100A04,101,3010308,0,A041135C,1,1,30006,000000010001A4C4,00010100010101FF,JTAG_PROBE26_27,1,1,1,1,1,1,1,BE10DC6135BC82EF,1,JTAG_PROBE0,WR_SYNC_SLAVE,0,64,000000CF,NONE,1,0,1,1,8,3,1,3,2,2,0x00100A0C,1,0,0,1,1,0,0,1,0,0,0,0,0,NONE
SLAVE,DE5 [1-11.2],73,1789542362147,1789542362236,89,1,1,0,1,1,1,1,1,1,0,0x00100A04,101,3010308,0,A041135C,1,1,30006,000000010001A4C4,00010100010101FF,JTAG_PROBE26_27,1,1,1,1,1,1,1,0E10DC41255082EF,1,JTAG_PROBE0,WR_SYNC_SLAVE,0,64,000000CF,NONE,1,0,1,1,8,3,1,3,2,2,0x00100A0C,1,0,0,1,1,0,0,1,0,0,0,0,0,NONE
MASTER,DE5 [1-11.1],19,1789542362344,1789542362433,89,1,1,0,1,1,1,1,1,1,0,0x00100A04,0,2010306,0,A0219864,1,0,20004,000000010001A4C4,00010100010101FF,JTAG_PROBE26_27,1,1,1,1,1,1,1,E1104241255082FF,1,JTAG_PROBE0,WR_SYNC_MASTER,0,64,000000CF,NONE,1,0,1,1,6,3,1,2,3,3,0x00100A0C,1,0,0,1,1,0,0,1,0,0,0,0,0,NONE
SLAVE,DE5 [1-11.2],74,1789542363055,1789542363143,88,1,1,0,1,1,1,1,1,1,0,0x00100A04,101,3010308,0,A041135C,1,1,30006,000000010001A4C4,00010100010101FF,JTAG_PROBE26_27,1,1,1,1,1,1,1,A710DC6335BC82EF,1,JTAG_PROBE0,WR_SYNC_SLAVE,0,64,000000CF,NONE,1,1,1,1,8,3,1,3,2,2,0x00100A0C,1,0,0,1,1,0,0,1,0,0,0,0,0,NONE
SLAVE,DE5 [1-11.2],75,1789542363859,1789542363948,89,1,1,0,1,1,1,1,1,1,0,0x00100A04,101,3010308,0,A041135C,1,1,30006,000000010001A4C4,00010100010101FF,JTAG_PROBE26_27,1,1,1,1,1,1,1,AB10DC6335BC82EF,1,JTAG_PROBE0,WR_SYNC_SLAVE,0,64,000000CF,NONE,1,1,1,1,8,3,1,3,2,2,0x00100A0C,1,0,0,1,1,0,0,1,0,0,0,0,0,NONE
SLAVE,DE5 [1-11.2],76,1789542364719,1789542364808,89,1,1,0,1,1,1,1,1,1,0,0x00100A04,101,3010308,0,A041135C,1,1,30006,000000010001A4C4,00010100010101FF,JTAG_PROBE26_27,1,1,1,1,1,1,1,7E10DC6135BC82EF,1,JTAG_PROBE0,WR_SYNC_SLAVE,0,64,000000CF,NONE,1,0,1,1,8,3,1,3,2,2,0x00100A0C,1,0,0,1,1,0,0,1,0,0,0,0,0,NONE
SLAVE,DE5 [1-11.2],77,1789542365929,1789542366018,89,1,1,0,1,1,1,1,1,1,0,0x00100A04,101,3010308,0,A041135C,1,1,30006,000000010001A4C4,00010100010101FF,JTAG_PROBE26_27,1,1,1,1,1,1,1,BF10DC41255082EF,1,JTAG_PROBE0,WR_SYNC_SLAVE,0,64,000000CF,NONE,1,0,1,1,8,3,1,3,2,2,0x00100A0C,1,0,0,1,1,0,0,1,0,0,0,0,0,NONE
MASTER,DE5 [1-11.1],20,1789542366125,1789542366214,89,1,1,0,1,1,1,1,1,1,0,0x00100A04,0,2010306,0,A0219864,1,0,20004,000000010001A4C4,00010100010101FF,JTAG_PROBE26_27,1,1,1,1,1,1,1,911042C3255082FF,1,JTAG_PROBE0,WR_SYNC_MASTER,0,64,000000CF,NONE,1,1,1,1,6,3,1,2,3,3,0x00100A0C,1,0,0,1,1,0,0,1,0,0,0,0,0,NONE
SLAVE,DE5 [1-11.2],78,1789542366806,1789542366893,87,1,1,0,1,1,1,1,1,1,0,0x00100A04,101,3010308,0,A041135C,1,1,30006,000000010001A4C4,00010100010101FF,JTAG_PROBE26_27,1,1,1,1,1,1,1,F610DCC1255082EF,1,JTAG_PROBE0,WR_SYNC_SLAVE,0,64,000000CF,NONE,1,0,1,1,8,3,1,3,2,2,0x00100A0C,1,0,0,1,1,0,0,1,0,0,0,0,0,NONE
SLAVE,DE5 [1-11.2],79,1789542367979,1789542368068,89,1,1,0,1,1,1,1,1,1,0,0x00100A04,101,3010308,0,A041135C,1,1,30006,000000010001A4C4,00010100010101FF,JTAG_PROBE26_27,1,1,1,1,1,1,1,2510DCC1255082EF,1,JTAG_PROBE0,WR_SYNC_SLAVE,0,64,000000CF,NONE,1,0,1,1,8,3,1,3,2,2,0x00100A0C,1,0,0,1,1,0,0,1,0,0,0,0,0,NONE
SLAVE,DE5 [1-11.2],80,1789542368845,1789542368933,88,1,1,0,1,1,1,1,1,1,0,0x00100A04,101,3010308,0,A041135C,1,1,30006,000000010001A4C4,00010100010101FF,JTAG_PROBE26_27,1,1,1,1,1,1,1,1510DCE135BC82EF,1,JTAG_PROBE0,WR_SYNC_SLAVE,0,64,000000CF,NONE,1,0,1,1,8,3,1,3,2,2,0x00100A0C,1,0,0,1,1,0,0,1,0,0,0,0,0,NONE
SLAVE,DE5 [1-11.2],81,1789542369648,1789542369737,89,1,1,0,1,1,1,1,1,1,0,0x00100A04,101,3010308,0,A041135C,1,1,30006,000000010001A4C4,00010100010101FF,JTAG_PROBE26_27,1,1,1,1,1,1,1,7010DC43255082EF,1,JTAG_PROBE0,WR_SYNC_SLAVE,0,64,000000CF,NONE,1,1,1,1,8,3,1,3,2,2,0x00100A0C,1,0,0,1,1,0,0,1,0,0,0,0,0,NONE
MASTER,DE5 [1-11.1],21,1789542369844,1789542369932,88,1,1,0,1,1,1,1,1,1,0,0x00100A04,0,2010306,0,A0219864,1,0,20004,000000010001A4C4,00010100010101FF,JTAG_PROBE26_27,1,1,1,1,1,1,1,911042E135BC82FF,1,JTAG_PROBE0,WR_SYNC_MASTER,0,64,000000CF,NONE,1,0,1,1,6,3,1,2,3,3,0x00100A0C,1,0,0,1,1,0,0,1,0,0,0,0,0,NONE
SLAVE,DE5 [1-11.2],82,1789542370536,1789542370625,89,1,1,0,1,1,1,1,1,1,0,0x00100A04,101,3010308,0,A041135C,1,1,30006,000000010001A4C4,00010100010101FF,JTAG_PROBE26_27,1,1,1,1,1,1,1,D810DCE135BC82EF,1,JTAG_PROBE0,WR_SYNC_SLAVE,0,64,000000CF,NONE,1,0,1,1,8,3,1,3,2,2,0x00100A0C,1,0,0,1,1,0,0,1,0,0,0,0,0,NONE
SLAVE,DE5 [1-11.2],83,1789542371721,1789542371811,90,1,1,0,1,1,1,1,1,1,0,0x00100A04,101,3010308,0,A041135C,1,1,30006,000000010001A4C4,00010100010101FF,JTAG_PROBE26_27,1,1,1,1,1,1,1,8110DC41255082EF,1,JTAG_PROBE0,WR_SYNC_SLAVE,0,64,000000CF,NONE,1,0,1,1,8,3,1,3,2,2,0x00100A0C,1,0,0,1,1,0,0,1,0,0,0,0,0,NONE
SLAVE,DE5 [1-11.2],84,1789542372547,1789542372637,90,1,1,0,1,1,1,1,1,1,0,0x00100A04,101,3010308,0,A041135C,1,1,30006,000000010001A4C4,00010100010101FF,JTAG_PROBE26_27,1,1,1,1,1,1,1,8B10DC6125FC82EF,1,JTAG_PROBE0,WR_SYNC_SLAVE,0,64,000000CF,NONE,1,0,1,1,8,3,1,3,2,2,0x00100A0C,1,0,0,1,1,0,0,1,0,0,0,0,0,NONE
SLAVE,DE5 [1-11.2],85,1789542373347,1789542373435,88,1,1,0,1,1,1,1,1,1,0,0x00100A04,101,3010308,0,A041135C,1,1,30006,000000010001A4C4,00010100010101FF,JTAG_PROBE26_27,1,1,1,1,1,1,1,3810DC61353482EF,1,JTAG_PROBE0,WR_SYNC_SLAVE,0,64,000000CF,NONE,1,0,1,1,8,3,1,3,2,2,0x00100A0C,1,0,0,1,1,0,0,1,0,0,0,0,0,NONE
MASTER,DE5 [1-11.1],22,1789542373544,1789542373632,88,1,1,0,1,1,1,1,1,1,0,0x00100A04,0,2010306,0,A0219864,1,0,20004,000000010001A4C4,00010100010101FF,JTAG_PROBE26_27,1,1,1,1,1,1,1,511042C1255082FF,1,JTAG_PROBE0,WR_SYNC_MASTER,0,64,000000CF,NONE,1,0,1,1,6,3,1,2,3,3,0x00100A0C,1,0,0,1,1,0,0,1,0,0,0,0,0,NONE
SLAVE,DE5 [1-11.2],86,1789542374244,1789542374332,88,1,1,0,1,1,1,1,1,1,0,0x00100A04,101,3010308,0,A041135C,1,1,30006,000000010001A4C4,00010100010101FF,JTAG_PROBE26_27,1,1,1,1,1,1,1,5910DCC1255082EF,1,JTAG_PROBE0,WR_SYNC_SLAVE,0,64,000000CF,NONE,1,0,1,1,8,3,1,3,2,2,0x00100A0C,1,0,0,1,1,0,0,1,0,0,0,0,0,NONE
SLAVE,DE5 [1-11.2],87,1789542375415,1789542375503,88,1,1,0,1,1,1,1,1,1,0,0x00100A04,101,3010308,0,A041135C,1,1,30006,000000010001A4C4,00010100010101FF,JTAG_PROBE26_27,1,1,1,1,1,1,1,A810DCE335BC82EF,1,JTAG_PROBE0,WR_SYNC_SLAVE,0,64,000000CF,NONE,1,1,1,1,8,3,1,3,2,2,0x00100A0C,1,0,0,1,1,0,0,1,0,0,0,0,0,NONE
SLAVE,DE5 [1-11.2],88,1789542376217,1789542376305,88,1,1,0,1,1,1,1,1,1,0,0x00100A04,101,3010308,0,A041135C,1,1,30006,000000010001A4C4,00010100010101FF,JTAG_PROBE26_27,1,1,1,1,1,1,1,CC10DCC125D082EF,1,JTAG_PROBE0,WR_SYNC_SLAVE,0,64,000000CF,NONE,1,0,1,1,8,3,1,3,2,2,0x00100A0C,1,0,0,1,1,0,0,1,0,0,0,0,0,NONE
SLAVE,DE5 [1-11.2],89,1789542377398,1789542377486,88,1,1,0,1,1,1,1,1,1,0,0x00100A04,101,3010308,0,A041135C,1,1,30006,000000010001A4C4,00010100010101FF,JTAG_PROBE26_27,1,1,1,1,1,1,1,E710DCE335BC82EF,1,JTAG_PROBE0,WR_SYNC_SLAVE,0,64,000000CF,NONE,1,1,1,1,8,3,1,3,2,2,0x00100A0C,1,0,0,1,1,0,0,1,0,0,0,0,0,NONE
MASTER,DE5 [1-11.1],23,1789542377595,1789542377683,88,1,1,0,1,1,1,1,1,1,0,0x00100A04,0,2010306,0,A0219864,1,0,20004,000000010001A4C4,00010100010101FF,JTAG_PROBE26_27,1,1,1,1,1,1,1,311042E135BC82FF,1,JTAG_PROBE0,WR_SYNC_MASTER,0,64,000000CF,NONE,1,0,1,1,6,3,1,2,3,3,0x00100A0C,1,0,0,1,1,0,0,1,0,0,0,0,0,NONE
SLAVE,DE5 [1-11.2],90,1789542378354,1789542378442,88,1,1,0,1,1,1,1,1,1,0,0x00100A04,101,3010308,0,A041135C,1,1,30006,000000010001A4C4,00010100010101FF,JTAG_PROBE26_27,1,1,1,1,1,1,1,CB10DCE335BC82EF,1,JTAG_PROBE0,WR_SYNC_SLAVE,0,64,000000CF,NONE,1,1,1,1,8,3,1,3,2,2,0x00100A0C,1,0,0,1,1,0,0,1,0,0,0,0,0,NONE
SLAVE,DE5 [1-11.2],91,1789542379142,1789542379230,88,1,1,0,1,1,1,1,1,1,0,0x00100A04,101,3010308,0,A041135C,1,1,30006,000000010001A4C4,00010100010101FF,JTAG_PROBE26_27,1,1,1,1,1,1,1,5610DCC1255082EF,1,JTAG_PROBE0,WR_SYNC_SLAVE,0,64,000000CF,NONE,1,0,1,1,8,3,1,3,2,2,0x00100A0C,1,0,0,1,1,0,0,1,0,0,0,0,0,NONE
SLAVE,DE5 [1-11.2],92,1789542379929,1789542380019,90,1,1,0,1,1,1,1,1,1,0,0x00100A04,101,3010308,0,A041135C,1,1,30006,000000010001A4C4,00010100010101FF,JTAG_PROBE26_27,1,1,1,1,1,1,1,6310DC4125D882EF,1,JTAG_PROBE0,WR_SYNC_SLAVE,0,64,000000CF,NONE,1,0,1,1,8,3,1,3,2,2,0x00100A0C,1,0,0,1,1,0,0,1,0,0,0,0,0,NONE
SLAVE,DE5 [1-11.2],93,1789542381119,1789542381207,88,1,1,0,1,1,1,1,1,1,0,0x00100A04,101,3010308,0,A041135C,1,1,30006,000000010001A4C4,00010100010101FF,JTAG_PROBE26_27,1,1,1,1,1,1,1,8310DCC1255082EF,1,JTAG_PROBE0,WR_SYNC_SLAVE,0,64,000000CF,NONE,1,0,1,1,8,3,1,3,2,2,0x00100A0C,1,0,0,1,1,0,0,1,0,0,0,0,0,NONE
MASTER,DE5 [1-11.1],24,1789542381315,1789542381403,88,1,1,0,1,1,1,1,1,1,0,0x00100A04,0,2010306,0,A0219864,1,0,20004,000000010001A4C4,00010100010101FF,JTAG_PROBE26_27,1,1,1,1,1,1,1,D11042E135BC82FF,1,JTAG_PROBE0,WR_SYNC_MASTER,0,64,000000CF,NONE,1,0,1,1,6,3,1,2,3,3,0x00100A0C,1,0,0,1,1,0,0,1,0,0,0,0,0,NONE
SLAVE,DE5 [1-11.2],94,1789542382003,1789542382091,88,1,1,0,1,1,1,1,1,1,0,0x00100A04,101,3010308,0,A041135C,1,1,30006,000000010001A4C4,00010100010101FF,JTAG_PROBE26_27,1,1,1,1,1,1,1,EE10DC6135BC82EF,1,JTAG_PROBE0,WR_SYNC_SLAVE,0,64,000000CF,NONE,1,0,1,1,8,3,1,3,2,2,0x00100A0C,1,0,0,1,1,0,0,1,0,0,0,0,0,NONE
SLAVE,DE5 [1-11.2],95,1789542383194,1789542383283,89,1,1,0,1,1,1,1,1,1,0,0x00100A04,101,3010308,0,A041135C,1,1,30006,000000010001A4C4,00010100010101FF,JTAG_PROBE26_27,1,1,1,1,1,1,1,F410DCC1255082EF,1,JTAG_PROBE0,WR_SYNC_SLAVE,0,64,000000CF,NONE,1,0,1,1,8,3,1,3,2,2,0x00100A0C,1,0,0,1,1,0,0,1,0,0,0,0,0,NONE
SLAVE,DE5 [1-11.2],96,1789542384064,1789542384155,91,1,1,0,1,1,1,1,1,1,0,0x00100A04,101,3010308,0,A041135C,1,1,30006,000000010001A4C4,00010100010101FF,JTAG_PROBE26_27,1,1,1,1,1,1,1,9110DCE135BC82EF,1,JTAG_PROBE0,WR_SYNC_SLAVE,0,64,000000CF,NONE,1,0,1,1,8,3,1,3,2,2,0x00100A0C,1,0,0,1,1,0,0,1,0,0,0,0,0,NONE
SLAVE,DE5 [1-11.2],97,1789542384938,1789542385028,90,1,1,0,1,1,1,1,1,1,0,0x00100A04,101,3010308,0,A041135C,1,1,30006,000000010001A4C4,00010100010101FF,JTAG_PROBE26_27,1,1,1,1,1,1,1,9410DCE135BC82EF,1,JTAG_PROBE0,WR_SYNC_SLAVE,0,64,000000CF,NONE,1,0,1,1,8,3,1,3,2,2,0x00100A0C,1,0,0,1,1,0,0,1,0,0,0,0,0,NONE
MASTER,DE5 [1-11.1],25,1789542385135,1789542385224,89,1,1,0,1,1,1,1,1,1,0,0x00100A04,0,2010306,0,A0219864,1,0,20004,000000010001A4C4,00010100010101FF,JTAG_PROBE26_27,1,1,1,1,1,1,1,211042C3255082FF,1,JTAG_PROBE0,WR_SYNC_MASTER,0,64,000000CF,NONE,1,1,1,1,6,3,1,2,3,3,0x00100A0C,1,0,0,1,1,0,0,1,0,0,0,0,0,NONE
SLAVE,DE5 [1-11.2],98,1789542385824,1789542385913,89,1,1,0,1,1,1,1,1,1,0,0x00100A04,101,3010308,0,A041135C,1,1,30006,000000010001A4C4,00010100010101FF,JTAG_PROBE26_27,1,1,1,1,1,1,1,6B10DCE135BC82EF,1,JTAG_PROBE0,WR_SYNC_SLAVE,0,64,000000CF,NONE,1,0,1,1,8,3,1,3,2,2,0x00100A0C,1,0,0,1,1,0,0,1,0,0,0,0,0,NONE
SLAVE,DE5 [1-11.2],99,1789542386631,1789542386719,88,1,1,0,1,1,1,1,1,1,0,0x00100A04,101,3010308,0,A041135C,1,1,30006,000000010001A4C4,00010100010101FF,JTAG_PROBE26_27,1,1,1,1,1,1,1,9210DC6135BC82EF,1,JTAG_PROBE0,WR_SYNC_SLAVE,0,64,000000CF,NONE,1,0,1,1,8,3,1,3,2,2,0x00100A0C,1,0,0,1,1,0,0,1,0,0,0,0,0,NONE
SLAVE,DE5 [1-11.2],100,1789542387435,1789542387523,88,1,1,0,1,1,1,1,1,1,0,0x00100A04,101,3010308,0,A041135C,1,1,30006,000000010001A4C4,00010100010101FF,JTAG_PROBE26_27,1,1,1,1,1,1,1,2B10DCC125FC82EF,1,JTAG_PROBE0,WR_SYNC_SLAVE,0,64,000000CF,NONE,1,0,1,1,8,3,1,3,2,2,0x00100A0C,1,0,0,1,1,0,0,1,0,0,0,0,0,NONE
SLAVE,DE5 [1-11.2],101,1789542388633,1789542388722,89,1,1,0,1,1,1,1,1,1,0,0x00100A04,101,3010308,0,A041135C,1,1,30006,000000010001A4C4,00010100010101FF,JTAG_PROBE26_27,1,1,1,1,1,1,1,A210DC61353C82EF,1,JTAG_PROBE0,WR_SYNC_SLAVE,0,64,000000CF,NONE,1,0,1,1,8,3,1,3,2,2,0x00100A0C,1,0,0,1,1,0,0,1,0,0,0,0,0,NONE
MASTER,DE5 [1-11.1],26,1789542388829,1789542388918,89,1,1,0,1,1,1,1,1,1,0,0x00100A04,0,2010306,0,A0219864,1,0,20004,000000010001A4C4,00010100010101FF,JTAG_PROBE26_27,1,1,1,1,1,1,1,011042E335F082FF,1,JTAG_PROBE0,WR_SYNC_MASTER,0,64,000000CF,NONE,1,1,1,1,6,3,1,2,3,3,0x00100A0C,1,0,0,1,1,0,0,1,0,0,0,0,0,NONE
SLAVE,DE5 [1-11.2],102,1789542389514,1789542389602,88,1,1,0,1,1,1,1,1,1,0,0x00100A04,101,3010308,0,A041135C,1,1,30006,000000010001A4C4,00010100010101FF,JTAG_PROBE26_27,1,1,1,1,1,1,1,1610DCC3255082EF,1,JTAG_PROBE0,WR_SYNC_SLAVE,0,64,000000CF,NONE,1,1,1,1,8,3,1,3,2,2,0x00100A0C,1,0,0,1,1,0,0,1,0,0,0,0,0,NONE
SLAVE,DE5 [1-11.2],103,1789542390704,1789542390792,88,1,1,0,1,1,1,1,1,1,0,0x00100A04,101,3010308,0,A041135C,1,1,30006,000000010001A4C4,00010100010101FF,JTAG_PROBE26_27,1,1,1,1,1,1,1,E110DCC3255082EF,1,JTAG_PROBE0,WR_SYNC_SLAVE,0,64,000000CF,NONE,1,1,1,1,8,3,1,3,2,2,0x00100A0C,1,0,0,1,1,0,0,1,0,0,0,0,0,NONE
SLAVE,DE5 [1-11.2],104,1789542391491,1789542391579,88,1,1,0,1,1,1,1,1,1,0,0x00100A04,101,3010308,0,A041135C,1,1,30006,000000010001A4C4,00010100010101FF,JTAG_PROBE26_27,1,1,1,1,1,1,1,0810DC41255082EF,1,JTAG_PROBE0,WR_SYNC_SLAVE,0,64,000000CF,NONE,1,0,1,1,8,3,1,3,2,2,0x00100A0C,1,0,0,1,1,0,0,1,0,0,0,0,0,NONE
SLAVE,DE5 [1-11.2],105,1789542392344,1789542392433,89,1,1,0,1,1,1,1,1,1,0,0x00100A04,101,3010308,0,A041135C,1,1,30006,000000010001A4C4,00010100010101FF,JTAG_PROBE26_27,1,1,1,1,1,1,1,7B10DC63353482EF,1,JTAG_PROBE0,WR_SYNC_SLAVE,0,64,000000CF,NONE,1,1,1,1,8,3,1,3,2,2,0x00100A0C,1,0,0,1,1,0,0,1,0,0,0,0,0,NONE
MASTER,DE5 [1-11.1],27,1789542392540,1789542392629,89,1,1,0,1,1,1,1,1,1,0,0x00100A04,0,2010306,0,A0219864,1,0,20004,000000010001A4C4,00010100010101FF,JTAG_PROBE26_27,1,1,1,1,1,1,1,B11042E135BC82FF,1,JTAG_PROBE0,WR_SYNC_MASTER,0,64,000000CF,NONE,1,0,1,1,6,3,1,2,3,3,0x00100A0C,1,0,0,1,1,0,0,1,0,0,0,0,0,NONE
SLAVE,DE5 [1-11.2],106,1789542393241,1789542393329,88,1,1,0,1,1,1,1,1,1,0,0x00100A04,101,3010308,0,A041135C,1,1,30006,000000010001A4C4,00010100010101FF,JTAG_PROBE26_27,1,1,1,1,1,1,1,7810DCC1255082EF,1,JTAG_PROBE0,WR_SYNC_SLAVE,0,64,000000CF,NONE,1,0,1,1,8,3,1,3,2,2,0x00100A0C,1,0,0,1,1,0,0,1,0,0,0,0,0,NONE
SLAVE,DE5 [1-11.2],107,1789542394419,1789542394507,88,1,1,0,1,1,1,1,1,1,0,0x00100A04,101,3010308,0,A041135C,1,1,30006,000000010001A4C4,00010100010101FF,JTAG_PROBE26_27,1,1,1,1,1,1,1,9010DC6335BC82EF,1,JTAG_PROBE0,WR_SYNC_SLAVE,0,64,000000CF,NONE,1,1,1,1,8,3,1,3,2,2,0x00100A0C,1,0,0,1,1,0,0,1,0,0,0,0,0,NONE
SLAVE,DE5 [1-11.2],108,1789542395222,1789542395310,88,1,1,0,1,1,1,1,1,1,0,0x00100A04,101,3010308,0,A041135C,1,1,30006,000000010001A4C4,00010100010101FF,JTAG_PROBE26_27,1,1,1,1,1,1,1,E710DCC1255082EF,1,JTAG_PROBE0,WR_SYNC_SLAVE,0,64,000000CF,NONE,1,0,1,1,8,3,1,3,2,2,0x00100A0C,1,0,0,1,1,0,0,1,0,0,0,0,0,NONE
SLAVE,DE5 [1-11.2],109,1789542396395,1789542396483,88,1,1,0,1,1,1,1,1,1,0,0x00100A04,101,3010308,0,A041135C,1,1,30006,000000010001A4C4,00010100010101FF,JTAG_PROBE26_27,1,1,1,1,1,1,1,1A10DCC1255082EF,1,JTAG_PROBE0,WR_SYNC_SLAVE,0,64,000000CF,NONE,1,0,1,1,8,3,1,3,2,2,0x00100A0C,1,0,0,1,1,0,0,1,0,0,0,0,0,NONE
MASTER,DE5 [1-11.1],28,1789542396592,1789542396680,88,1,1,0,1,1,1,1,1,1,0,0x00100A04,0,2010306,0,A0219864,1,0,20004,000000010001A4C4,00010100010101FF,JTAG_PROBE26_27,1,1,1,1,1,1,1,71104241255082FF,1,JTAG_PROBE0,WR_SYNC_MASTER,0,64,000000CF,NONE,1,0,1,1,6,3,1,2,3,3,0x00100A0C,1,0,0,1,1,0,0,1,0,0,0,0,0,NONE
SLAVE,DE5 [1-11.2],110,1789542397327,1789542397415,88,1,1,0,1,1,1,1,1,1,0,0x00100A04,101,3010308,0,A041135C,1,1,30006,000000010001A4C4,00010100010101FF,JTAG_PROBE26_27,1,1,1,1,1,1,1,2410DCC3255082EF,1,JTAG_PROBE0,WR_SYNC_SLAVE,0,64,000000CF,NONE,1,1,1,1,8,3,1,3,2,2,0x00100A0C,1,0,0,1,1,0,0,1,0,0,0,0,0,NONE
SLAVE,DE5 [1-11.2],111,1789542398136,1789542398224,88,1,1,0,1,1,1,1,1,1,0,0x00100A04,101,3010308,0,A041135C,1,1,30006,000000010001A4C4,00010100010101FF,JTAG_PROBE26_27,1,1,1,1,1,1,1,7E10DCE3355082EF,1,JTAG_PROBE0,WR_SYNC_SLAVE,0,64,000000CF,NONE,1,1,1,1,8,3,1,3,2,2,0x00100A0C,1,0,0,1,1,0,0,1,0,0,0,0,0,NONE
SLAVE,DE5 [1-11.2],112,1789542398945,1789542399033,88,1,1,0,1,1,1,1,1,1,0,0x00100A04,101,3010308,0,A041135C,1,1,30006,000000010001A4C4,00010100010101FF,JTAG_PROBE26_27,1,1,1,1,1,1,1,3710DC41355082EF,1,JTAG_PROBE0,WR_SYNC_SLAVE,0,64,000000CF,NONE,1,0,1,1,8,3,1,3,2,2,0x00100A0C,1,0,0,1,1,0,0,1,0,0,0,0,0,NONE
SLAVE,DE5 [1-11.2],113,1789542400115,1789542400204,89,1,1,0,1,1,1,1,1,1,0,0x00100A04,101,3010308,0,A041135C,1,1,30006,000000010001A4C4,00010100010101FF,JTAG_PROBE26_27,1,1,1,1,1,1,1,1410DCE135BC82EF,1,JTAG_PROBE0,WR_SYNC_SLAVE,0,64,000000CF,NONE,1,0,1,1,8,3,1,3,2,2,0x00100A0C,1,0,0,1,1,0,0,1,0,0,0,0,0,NONE
MASTER,DE5 [1-11.1],29,1789542400311,1789542400399,88,1,1,0,1,1,1,1,1,1,0,0x00100A04,0,2010306,0,A0219864,1,0,20004,000000010001A4C4,00010100010101FF,JTAG_PROBE26_27,1,1,1,1,1,1,1,A11042E335BC82FF,1,JTAG_PROBE0,WR_SYNC_MASTER,0,64,000000CF,NONE,1,1,1,1,6,3,1,2,3,3,0x00100A0C,1,0,0,1,1,0,0,1,0,0,0,0,0,NONE
SLAVE,DE5 [1-11.2],114,1789542401013,1789542401102,89,1,1,0,1,1,1,1,1,1,0,0x00100A04,101,3010308,0,A041135C,1,1,30006,000000010001A4C4,00010100010101FF,JTAG_PROBE26_27,1,1,1,1,1,1,1,5810DC43255082EF,1,JTAG_PROBE0,WR_SYNC_SLAVE,0,64,000000CF,NONE,1,1,1,1,8,3,1,3,2,2,0x00100A0C,1,0,0,1,1,0,0,1,0,0,0,0,0,NONE
SLAVE,DE5 [1-11.2],115,1789542402186,1789542402274,88,1,1,0,1,1,1,1,1,1,0,0x00100A04,101,3010308,0,A041135C,1,1,30006,000000010001A4C4,00010100010101FF,JTAG_PROBE26_27,1,1,1,1,1,1,1,3010DCE335BC82EF,1,JTAG_PROBE0,WR_SYNC_SLAVE,0,64,000000CF,NONE,1,1,1,1,8,3,1,3,2,2,0x00100A0C,1,0,0,1,1,0,0,1,0,0,0,0,0,NONE
SLAVE,DE5 [1-11.2],116,1789542403049,1789542403137,88,1,1,0,1,1,1,1,1,1,0,0x00100A04,101,3010308,0,A041135C,1,1,30006,000000010001A4C4,00010100010101FF,JTAG_PROBE26_27,1,1,1,1,1,1,1,7310DCC3255082EF,1,JTAG_PROBE0,WR_SYNC_SLAVE,0,64,000000CF,NONE,1,1,1,1,8,3,1,3,2,2,0x00100A0C,1,0,0,1,1,0,0,1,0,0,0,0,0,NONE
SLAVE,DE5 [1-11.2],117,1789542403839,1789542403927,88,1,1,0,1,1,1,1,1,1,0,0x00100A04,101,3010308,0,A041135C,1,1,30006,000000010001A4C4,00010100010101FF,JTAG_PROBE26_27,1,1,1,1,1,1,1,0310DCC125DC82EF,1,JTAG_PROBE0,WR_SYNC_SLAVE,0,64,000000CF,NONE,1,0,1,1,8,3,1,3,2,2,0x00100A0C,1,0,0,1,1,0,0,1,0,0,0,0,0,NONE
MASTER,DE5 [1-11.1],30,1789542404036,1789542404125,89,1,1,0,1,1,1,1,1,1,0,0x00100A04,0,2010306,0,A0219864,1,0,20004,000000010001A4C4,00010100010101FF,JTAG_PROBE26_27,1,1,1,1,1,1,1,D11042C1255082FF,1,JTAG_PROBE0,WR_SYNC_MASTER,0,64,000000CF,NONE,1,0,1,1,6,3,1,2,3,3,0x00100A0C,1,0,0,1,1,0,0,1,0,0,0,0,0,NONE
SLAVE,DE5 [1-11.2],118,1789542404733,1789542404822,89,1,1,0,1,1,1,1,1,1,0,0x00100A04,101,3010308,0,A041135C,1,1,30006,000000010001A4C4,00010100010101FF,JTAG_PROBE26_27,1,1,1,1,1,1,1,6810DC41255082EF,1,JTAG_PROBE0,WR_SYNC_SLAVE,0,64,000000CF,NONE,1,0,1,1,8,3,1,3,2,2,0x00100A0C,1,0,0,1,1,0,0,1,0,0,0,0,0,NONE
SLAVE,DE5 [1-11.2],119,1789542405911,1789542406000,89,1,1,0,1,1,1,1,1,1,0,0x00100A04,101,3010308,0,A041135C,1,1,30006,000000010001A4C4,00010100010101FF,JTAG_PROBE26_27,1,1,1,1,1,1,1,8C10DCE135BC82EF,1,JTAG_PROBE0,WR_SYNC_SLAVE,0,64,000000CF,NONE,1,0,1,1,8,3,1,3,2,2,0x00100A0C,1,0,0,1,1,0,0,1,0,0,0,0,0,NONE
SLAVE,DE5 [1-11.2],120,1789542406726,1789542406815,89,1,1,0,1,1,1,1,1,1,0,0x00100A04,101,3010308,0,A041135C,1,1,30006,000000010001A4C4,00010100010101FF,JTAG_PROBE26_27,1,1,1,1,1,1,1,C310DCC125FC82EF,1,JTAG_PROBE0,WR_SYNC_SLAVE,0,64,000000CF,NONE,1,0,1,1,8,3,1,3,2,2,0x00100A0C,1,0,0,1,1,0,0,1,0,0,0,0,0,NONE
SLAVE,DE5 [1-11.2],121,1789542407509,1789542407597,88,1,1,0,1,1,1,1,1,1,0,0x00100A04,101,3010308,0,A041135C,1,1,30006,000000010001A4C4,00010100010101FF,JTAG_PROBE26_27,1,1,1,1,1,1,1,AE10DCC1255082EF,1,JTAG_PROBE0,WR_SYNC_SLAVE,0,64,000000CF,NONE,1,0,1,1,8,3,1,3,2,2,0x00100A0C,1,0,0,1,1,0,0,1,0,0,0,0,0,NONE
MASTER,DE5 [1-11.1],31,1789542407704,1789542407792,88,1,1,0,1,1,1,1,1,1,0,0x00100A04,0,2010306,0,A0219864,1,0,20004,000000010001A4C4,00010100010101FF,JTAG_PROBE26_27,1,1,1,1,1,1,1,F110426135BC82FF,1,JTAG_PROBE0,WR_SYNC_MASTER,0,64,000000CF,NONE,1,0,1,1,6,3,1,2,3,3,0x00100A0C,1,0,0,1,1,0,0,1,0,0,0,0,0,NONE
SLAVE,DE5 [1-11.2],122,1789542408448,1789542408536,88,1,1,0,1,1,1,1,1,1,0,0x00100A04,101,3010308,0,A041135C,1,1,30006,000000010001A4C4,00010100010101FF,JTAG_PROBE26_27,1,1,1,1,1,1,1,B110DC6335BC82EF,1,JTAG_PROBE0,WR_SYNC_SLAVE,0,64,000000CF,NONE,1,1,1,1,8,3,1,3,2,2,0x00100A0C,1,0,0,1,1,0,0,1,0,0,0,0,0,NONE
SLAVE,DE5 [1-11.2],123,1789542409642,1789542409731,89,1,1,0,1,1,1,1,1,1,0,0x00100A04,101,3010308,0,A041135C,1,1,30006,000000010001A4C4,00010100010101FF,JTAG_PROBE26_27,1,1,1,1,1,1,1,6010DC6135BC82EF,1,JTAG_PROBE0,WR_SYNC_SLAVE,0,64,000000CF,NONE,1,0,1,1,8,3,1,3,2,2,0x00100A0C,1,0,0,1,1,0,0,1,0,0,0,0,0,NONE
SLAVE,DE5 [1-11.2],124,1789542410460,1789542410549,89,1,1,0,1,1,1,1,1,1,0,0x00100A04,101,3010308,0,A041135C,1,1,30006,000000010001A4C4,00010100010101FF,JTAG_PROBE26_27,1,1,1,1,1,1,1,4410DCC1255082EF,1,JTAG_PROBE0,WR_SYNC_SLAVE,0,64,000000CF,NONE,1,0,1,1,8,3,1,3,2,2,0x00100A0C,1,0,0,1,1,0,0,1,0,0,0,0,0,NONE
SLAVE,DE5 [1-11.2],125,1789542411311,1789542411400,89,1,1,0,1,1,1,1,1,1,0,0x00100A04,101,3010308,0,A041135C,1,1,30006,000000010001A4C4,00010100010101FF,JTAG_PROBE26_27,1,1,1,1,1,1,1,A710DCE1353482EF,1,JTAG_PROBE0,WR_SYNC_SLAVE,0,64,000000CF,NONE,1,0,1,1,8,3,1,3,2,2,0x00100A0C,1,0,0,1,1,0,0,1,0,0,0,0,0,NONE
MASTER,DE5 [1-11.1],32,1789542411515,1789542411604,89,1,1,0,1,1,1,1,1,1,0,0x00100A04,0,2010306,0,A0219864,1,0,20004,000000010001A4C4,00010100010101FF,JTAG_PROBE26_27,1,1,1,1,1,1,1,8110426135BC82FF,1,JTAG_PROBE0,WR_SYNC_MASTER,0,64,000000CF,NONE,1,0,1,1,6,3,1,2,3,3,0x00100A0C,1,0,0,1,1,0,0,1,0,0,0,0,0,NONE
SLAVE,DE5 [1-11.2],126,1789542412217,1789542412305,88,1,1,0,1,1,1,1,1,1,0,0x00100A04,101,3010308,0,A041135C,1,1,30006,000000010001A4C4,00010100010101FF,JTAG_PROBE26_27,1,1,1,1,1,1,1,2810DCE135BC82EF,1,JTAG_PROBE0,WR_SYNC_SLAVE,0,64,000000CF,NONE,1,0,1,1,8,3,1,3,2,2,0x00100A0C,1,0,0,1,1,0,0,1,0,0,0,0,0,NONE
SLAVE,DE5 [1-11.2],127,1789542413418,1789542413506,88,1,1,0,1,1,1,1,1,1,0,0x00100A04,101,3010308,0,A041135C,1,1,30006,000000010001A4C4,00010100010101FF,JTAG_PROBE26_27,1,1,1,1,1,1,1,CA10DCE135BC82EF,1,JTAG_PROBE0,WR_SYNC_SLAVE,0,64,000000CF,NONE,1,0,1,1,8,3,1,3,2,2,0x00100A0C,1,0,0,1,1,0,0,1,0,0,0,0,0,NONE
