BOARD,CYCLE,RETRY_N,HOST_START_MS,HOST_END_MS,DURATION_MS,RAW_EPOCH_BEFORE,RAW_HELPER_ERROR,RAW_UPDATE_COUNT,RAW_HELPER_OUTPUT,RAW_EPOCH_AFTER,EPOCH_BEFORE,EPOCH_AFTER,HELPER_ERROR,UPDATE_COUNT,HELPER_OUTPUT,TRANSPORT_ERROR,PARSE_ERROR,ODD_OR_SENTINEL,EPOCH_CHANGED,RANGE_MISMATCH,ACCEPTED,OWNER_UNVERIFIED,DYNAMIC_OWNER,REASON
DE5 [1-11.2],1,1,1789467878459,1789467878515,56,000143A6,FFFFFF9D,0000A1D3,0000D006,000143A6,82854,82854,-99,41427,53254,0,0,0,0,0,1,1,NOT_AVAILABLE,NONE
DE5 [1-11.2],2,1,1789467879702,1789467879757,55,16766,FFFFFFD1,0000B52A,0000D161,00016A54,92006,92756,-47,46378,53601,0,0,0,1,0,0,1,NOT_AVAILABLE,EPOCH_CHANGED
DE5 [1-11.2],2,2,1789467879759,1789467879815,56,00016A54,FFFFFFD1,0000B52A,0000D161,00016A54,92756,92756,-47,46378,53601,0,0,0,0,0,1,1,NOT_AVAILABLE,NONE
DE5 [1-11.2],3,1,1789467881010,1789467881066,56,19112,FFFFFF4A,0000C889,0000D1A3,19112,102674,102674,-182,51337,53667,0,0,0,0,0,1,1,NOT_AVAILABLE,NONE
DE5 [1-11.2],4,1,1789467882293,1789467882349,56,0001B4DE,FFFFFF43,0000DBEF,0000D1D8,0001B7DE,111838,112606,-189,56303,53720,0,0,0,1,0,0,1,NOT_AVAILABLE,EPOCH_CHANGED
DE5 [1-11.2],4,2,1789467882350,1789467882406,56,0001B7DE,FFFFFF32,0000DBEF,0000D1D8,0001B7DE,112606,112606,-206,56303,53720,0,0,0,0,0,1,1,NOT_AVAILABLE,NONE
DE5 [1-11.2],5,1,1789467883655,1789467883711,56,0001DE94,FFFFFF5D,0000EF4A,0000D22E,0001DE94,122516,122516,-163,61258,53806,0,0,0,0,0,1,1,NOT_AVAILABLE,NONE
DE5 [1-11.2],6,1,1789467884901,1789467884956,55,20256,0000000B,000102AB,0000D202,20556,131670,132438,11,66219,53762,0,0,0,1,0,0,1,NOT_AVAILABLE,EPOCH_CHANGED
DE5 [1-11.2],6,2,1789467884958,1789467885014,56,20556,0000000B,000102AB,0000D202,20556,132438,132438,11,66219,53762,0,0,0,0,0,1,1,NOT_AVAILABLE,NONE
DE5 [1-11.2],7,1,1789467886234,1789467886290,56,00022C14,0000000A,0001160A,0000D1FD,00022C14,142356,142356,10,71178,53757,0,0,0,0,0,1,1,NOT_AVAILABLE,NONE
DE5 [1-11.2],8,1,1789467887494,1789467887550,56,00024FD2,0000005B,12969,0000D1E3,000252D2,151506,152274,91,76137,53731,0,0,0,1,0,0,1,NOT_AVAILABLE,EPOCH_CHANGED
DE5 [1-11.2],8,2,1789467887551,1789467887608,57,000252D2,29,12969,0000D1E3,000252D2,152274,152274,41,76137,53731,0,0,0,0,0,1,1,NOT_AVAILABLE,NONE
DE5 [1-11.2],9,1,1789467888822,1789467888878,56,0002798C,FFFFFFA4,00013CC6,0000D2AB,0002798C,162188,162188,-92,81094,53931,0,0,0,0,0,1,1,NOT_AVAILABLE,NONE
DE5 [1-11.2],10,1,1789467890116,1789467890173,57,0002A04E,52,15027,0000D24C,0002A04E,172110,172110,82,86055,53836,0,0,0,0,0,1,1,NOT_AVAILABLE,NONE
DE5 [1-11.2],11,1,1789467891401,1789467891457,56,0002C40C,77,16387,0000D2B3,0002C70E,181260,182030,119,91015,53939,0,0,0,1,0,0,1,NOT_AVAILABLE,EPOCH_CHANGED
DE5 [1-11.2],11,2,1789467891458,1789467891514,56,0002C70E,77,16387,0000D2B3,0002C70E,182030,182030,119,91015,53939,0,0,0,0,0,1,1,NOT_AVAILABLE,NONE
DE5 [1-11.2],12,1,1789467892724,1789467892781,57,0002EDC8,000000F2,1760000.0,0000D172,0002EDC8,191944,191944,242,95972,53618,0,0,0,0,0,1,1,NOT_AVAILABLE,NONE
DE5 [1-11.2],13,1,1789467894017,1789467894073,56,0003147E,000000B3,00018A3F,0000D228,0003147E,201854,201854,179,100927,53800,0,0,0,0,0,1,1,NOT_AVAILABLE,NONE
DE5 [1-11.2],14,1,1789467895565,1789467895620,55,0003413A,17,0001A09D,0000D1A6,0003443A,213306,214074,23,106653,53670,0,0,0,1,0,0,1,NOT_AVAILABLE,EPOCH_CHANGED
DE5 [1-11.2],14,2,1789467895622,1789467895678,56,0003443A,FFFFFF9E,0001A21D,0000D1F1,0003443A,214074,214074,-98,107037,53745,0,0,0,0,0,1,1,NOT_AVAILABLE,NONE
DE5 [1-11.2],15,1,1789467896864,1789467896919,55,000367F6,FFFFFF72,0001B3FB,0000D350,000367F6,223222,223222,-142,111611,54096,0,0,0,0,0,1,1,NOT_AVAILABLE,NONE
DE5 [1-11.2],16,1,1789467898101,1789467898157,56,00038BBC,85,0001C75E,0000D381,00038EBC,232380,233148,133,116574,54145,0,0,0,1,0,0,1,NOT_AVAILABLE,EPOCH_CHANGED
DE5 [1-11.2],16,2,1789467898158,1789467898215,57,00038EBC,85,0001C75E,0000D381,00038EBC,233148,233148,133,116574,54145,0,0,0,0,0,1,1,NOT_AVAILABLE,NONE
DE5 [1-11.2],17,1,1789467899438,1789467899494,56,0003B56A,0000005B,0001DAB5,0000D39F,0003B56A,243050,243050,91,121525,54175,0,0,0,0,0,1,1,NOT_AVAILABLE,NONE
DE5 [1-11.2],18,1,1789467900674,1789467900730,56,0003D934,95,0001EC9A,0000D372,0003DC34,252212,252980,149,126106,54130,0,0,0,1,0,0,1,NOT_AVAILABLE,EPOCH_CHANGED
DE5 [1-11.2],18,2,1789467900731,1789467900787,56,0003DC34,0000001A,0001EE1A,0000D3A8,0003DC34,252980,252980,26,126490,54184,0,0,0,0,0,1,1,NOT_AVAILABLE,NONE
DE5 [1-11.2],19,1,1789467901998,1789467902055,57,0003FFF0,FFFFFFA4,20179,0000D41B,000402F2,262128,262898,-92,131449,54299,0,0,0,1,0,0,1,NOT_AVAILABLE,EPOCH_CHANGED
DE5 [1-11.2],19,2,1789467902057,1789467902114,57,000402F2,FFFFFFA4,20179,0000D41B,000402F2,262898,262898,-92,131449,54299,0,0,0,0,0,1,1,NOT_AVAILABLE,NONE
DE5 [1-11.2],20,1,1789467903360,1789467903418,58,000429B2,FFFFFF22,000214D9,0000D47C,000429B2,272818,272818,-222,136409,54396,0,0,0,0,0,1,1,NOT_AVAILABLE,NONE
DE5 [1-11.2],21,1,1789467904654,1789467904710,56,0004506C,FFFFFF59,22836,0000D568,0004506C,282732,282732,-167,141366,54632,0,0,0,0,0,1,1,NOT_AVAILABLE,NONE
DE5 [1-11.2],22,1,1789467905926,1789467905983,57,47720,FFFFFFB7,00023B90,0000D3E8,47720,292640,292640,-73,146320,54248,0,0,0,0,0,1,1,NOT_AVAILABLE,NONE
DE5 [1-11.2],23,1,1789467907202,1789467907258,56,00049ADE,FFFFFFC9,00024EF0,0000D4E7,00049DE0,301790,302560,-55,151280,54503,0,0,0,1,0,0,1,NOT_AVAILABLE,EPOCH_CHANGED
DE5 [1-11.2],23,2,1789467907259,1789467907317,58,00049DE0,FFFFFFC9,00024EF0,0000D4E7,00049DE0,302560,302560,-55,151280,54503,0,0,0,0,0,1,1,NOT_AVAILABLE,NONE
DE5 [1-11.2],24,1,1789467908810,1789467908867,57,0004CD98,FFFFFE90,000266CC,0000D5ED,0004CD98,314776,314776,-368,157388,54765,0,0,0,0,0,1,1,NOT_AVAILABLE,NONE
DE5 [1-11.2],25,1,1789467910337,1789467910394,57,0004FA46,FFFFFFE9,00027D23,0000D54B,0004FA46,326214,326214,-23,163107,54603,0,0,0,0,0,1,1,NOT_AVAILABLE,NONE
DE5 [1-11.2],26,1,1789467911625,1789467911681,56,52106,171,29083,0000D453,52106,336134,336134,369,168067,54355,0,0,0,0,0,1,1,NOT_AVAILABLE,NONE
DE5 [1-11.2],27,1,1789467912865,1789467912923,58,000544CC,0000007C,0002A266,0000D513,000547B8,345292,346040,124,172646,54547,0,0,0,1,0,0,1,NOT_AVAILABLE,EPOCH_CHANGED
DE5 [1-11.2],27,2,1789467912924,1789467912980,56,000547B8,0000003A,0002A3DC,0000D525,000547B8,346040,346040,58,173020,54565,0,0,0,0,0,1,1,NOT_AVAILABLE,NONE
DE5 [1-11.2],28,1,1789467914175,1789467914231,56,00056B86,FFFFFF88,0002B5C3,0000D5F5,5.6e+87,355206,355974,-120,177603,54773,0,0,0,1,0,0,1,NOT_AVAILABLE,EPOCH_CHANGED
DE5 [1-11.2],28,2,1789467914232,1789467914289,57,5.6e+87,FFFFFFC7,0002B743,0000D5E1,5.6e+87,355974,355974,-57,177987,54753,0,0,0,0,0,1,1,NOT_AVAILABLE,NONE
DE5 [1-11.2],29,1,1789467915534,1789467915590,56,0005953C,FFFFFFD9,0002CA9E,0000D5F3,0005953C,365884,365884,-39,182942,54771,0,0,0,0,0,1,1,NOT_AVAILABLE,NONE
DE5 [1-11.2],30,1,1789467916797,1789467916854,57,0005B8FC,73,0002DDFE,0000D59B,0005BBFC,375036,375804,115,187902,54683,0,0,0,1,0,0,1,NOT_AVAILABLE,EPOCH_CHANGED
DE5 [1-11.2],30,2,1789467916855,1789467916911,56,0005BBFC,73,0002DDFE,0000D59B,0005BBFC,375804,375804,115,187902,54683,0,0,0,0,0,1,1,NOT_AVAILABLE,NONE
DE5 [1-11.2],31,1,1789467918125,1789467918181,56,0005E2B6,FFFFFFF8,0002F15B,0000D636,0005E2B6,385718,385718,-8,192859,54838,0,0,0,0,0,1,1,NOT_AVAILABLE,NONE
DE5 [1-11.2],32,1,1789467919426,1789467919483,57,60972,FFFFFFC4,000304B9,0000D669,60972,395634,395634,-60,197817,54889,0,0,0,0,0,1,1,NOT_AVAILABLE,NONE
DE5 [1-11.2],33,1,1789467920686,1789467920743,57,00062D36,FFFFFFC6,0003169B,0000D6D4,63036,404790,405558,-58,202395,54996,0,0,0,1,0,0,1,NOT_AVAILABLE,EPOCH_CHANGED
DE5 [1-11.2],33,2,1789467920744,1789467920801,57,63036,FFFFFF6D,0003181B,0000D6D4,63036,405558,405558,-147,202779,54996,0,0,0,0,0,1,1,NOT_AVAILABLE,NONE
DE5 [1-11.2],34,1,1789467922006,1789467922062,56,000653EA,30,00032B75,0000D69B,000656EA,414698,415466,48,207733,54939,0,0,0,1,0,0,1,NOT_AVAILABLE,EPOCH_CHANGED
DE5 [1-11.2],34,2,1789467922063,1789467922120,57,000656EA,30,00032B75,0000D69B,000659EA,415466,416234,48,207733,54939,0,0,0,1,0,0,1,NOT_AVAILABLE,EPOCH_CHANGED
DE5 [1-11.2],34,3,1789467922121,1789467922177,56,000659EA,0000001C,00032CF5,0000D69F,000659EA,416234,416234,28,208117,54943,0,0,0,0,0,1,1,NOT_AVAILABLE,NONE
DE5 [1-11.2],35,1,1789467923381,1789467923436,55,00067DB2,57,00033ED9,0000D6C2,000680A6,425394,426150,87,212697,54978,0,0,0,1,0,0,1,NOT_AVAILABLE,EPOCH_CHANGED
DE5 [1-11.2],35,2,1789467923437,1789467923493,56,000680A6,13,34053,0000D6C2,000680A6,426150,426150,19,213075,54978,0,0,0,0,0,1,1,NOT_AVAILABLE,NONE
DE5 [1-11.2],36,1,1789467924725,1789467924781,56,0006A766,FFFFFF47,000353B3,0000D738,0006A766,436070,436070,-185,218035,55096,0,0,0,0,0,1,1,NOT_AVAILABLE,NONE
DE5 [1-11.2],37,1,1789467925991,1789467926048,57,0006CB20,35,36710,0000D7A1,0006CE20,445216,445984,53,222992,55201,0,0,0,1,0,0,1,NOT_AVAILABLE,EPOCH_CHANGED
DE5 [1-11.2],37,2,1789467926049,1789467926105,56,0006CE20,FFFFFFD7,36710,0000D7A1,0006CE20,445984,445984,-41,222992,55201,0,0,0,0,0,1,1,NOT_AVAILABLE,NONE
DE5 [1-11.2],38,1,1789467927321,1789467927378,57,0006F4DA,0000007E,00037A6D,0000D74B,0006F4DA,455898,455898,126,227949,55115,0,0,0,0,0,1,1,NOT_AVAILABLE,NONE
DE5 [1-11.2],39,1,1789467928624,1789467928681,57,00071BA6,FFFFFFC7,00038DD3,0000D7BD,00071BA6,465830,465830,-57,232915,55229,0,0,0,0,0,1,1,NOT_AVAILABLE,NONE
DE5 [1-11.2],40,1,1789467929891,1789467929948,57,00073F66,FFFFFFA3,0003A12B,0000D815,74256,474982,475734,-93,237867,55317,0,0,0,1,0,0,1,NOT_AVAILABLE,EPOCH_CHANGED
DE5 [1-11.2],40,2,1789467929949,1789467930007,58,74256,FFFFFFE3,0003A12B,0000D815,74256,475734,475734,-29,237867,55317,0,0,0,0,0,1,1,NOT_AVAILABLE,NONE
DE5 [1-11.2],41,1,1789467931215,1789467931271,56,76920,FFFFFFE6,0003B490,0000D82C,76920,485664,485664,-26,242832,55340,0,0,0,0,0,1,1,NOT_AVAILABLE,NONE
DE5 [1-11.2],42,1,1789467932515,1789467932571,56,00078FD6,74,0003C7EB,0000D80C,00078FD6,495574,495574,116,247787,55308,0,0,0,0,0,1,1,NOT_AVAILABLE,NONE
DE5 [1-11.2],43,1,1789467933777,1789467933834,57,0007B39A,FFFFFF66,0003D9CD,0000D832,0007B690,504730,505488,-154,252365,55346,0,0,0,1,0,0,1,NOT_AVAILABLE,EPOCH_CHANGED
DE5 [1-11.2],43,2,1789467933835,1789467933891,56,0007B690,FFFFFFAD,0003DB48,0000D832,0007B690,505488,505488,-83,252744,55346,0,0,0,0,0,1,1,NOT_AVAILABLE,NONE
DE5 [1-11.2],44,1,1789467935139,1789467935196,57,0007DD58,FFFFFF88,0003EEAC,0000D857,0007DD58,515416,515416,-120,257708,55383,0,0,0,0,0,1,1,NOT_AVAILABLE,NONE
DE5 [1-11.2],45,1,1789467936438,1789467936495,57,80416,6,0004020B,0000D852,80416,525334,525334,6,262667,55378,0,0,0,0,0,1,1,NOT_AVAILABLE,NONE
DE5 [1-11.2],46,1,1789467937735,1789467937792,57,00082ACC,FFFFFF64,41566,0000D910,00082ACC,535244,535244,-156,267622,55568,0,0,0,0,0,1,1,NOT_AVAILABLE,NONE
DE5 [1-11.2],47,1,1789467939010,1789467939066,56,85186,FFFFFF7F,000428C3,0000D8AB,85186,545158,545158,-129,272579,55467,0,0,0,0,0,1,1,NOT_AVAILABLE,NONE
DE5 [1-11.2],48,1,1789467940254,1789467940310,56,0008754C,FFFFFF99,00043AA6,0000D955,0008754C,554316,554316,-103,277158,55637,0,0,0,0,0,1,1,NOT_AVAILABLE,NONE
DE5 [1-11.2],49,1,1789467941505,1789467941563,58,0008990C,000000CF,44000000.0,0000D867,00089C0C,563468,564236,207,282118,55399,0,0,0,1,0,0,1,NOT_AVAILABLE,EPOCH_CHANGED
DE5 [1-11.2],49,2,1789467941564,1789467941621,57,00089C0C,000000CF,44000000.0,0000D867,00089F0C,564236,565004,207,282118,55399,0,0,0,1,0,0,1,NOT_AVAILABLE,EPOCH_CHANGED
DE5 [1-11.2],49,3,1789467941622,1789467941679,57,00089F0C,0000000E,00044F86,0000D8B8,00089F0C,565004,565004,14,282502,55480,0,0,0,0,0,1,1,NOT_AVAILABLE,NONE
DE5 [1-11.2],50,1,1789467942898,1789467942955,57,0008C2C2,FFFFFF16,462000.0,0000D9B3,0008C5C6,574146,574918,-234,287459,55731,0,0,0,1,0,0,1,NOT_AVAILABLE,EPOCH_CHANGED
DE5 [1-11.2],50,2,1789467942956,1789467943015,59,0008C5C6,FFFFFF16,462000.0,0000D9B3,0008C5C6,574918,574918,-234,287459,55731,0,0,0,0,0,1,1,NOT_AVAILABLE,NONE
DE5 [1-11.2],51,1,1789467944233,1789467944289,56,0008EC80,000000CD,47640,0000D912,0008EC80,584832,584832,205,292416,55570,0,0,0,0,0,1,1,NOT_AVAILABLE,NONE
DE5 [1-11.2],52,1,1789467945482,1789467945538,56,91040,67,48820,0000D922,91340,593984,594752,103,296992,55586,0,0,0,1,0,0,1,NOT_AVAILABLE,EPOCH_CHANGED
DE5 [1-11.2],52,2,1789467945540,1789467945597,57,91340,0000001D,000489A0,0000D922,91340,594752,594752,29,297376,55586,0,0,0,0,0,1,1,NOT_AVAILABLE,NONE
DE5 [1-11.2],53,1,1789467946807,1789467946865,58,000939F8,55,00049CFC,0000D918,000939F8,604664,604664,85,302332,55576,0,0,0,0,0,1,1,NOT_AVAILABLE,NONE
DE5 [1-11.2],54,1,1789467948065,1789467948121,56,00095DC6,0000002C,0004AEE3,0000D976,000960B4,613830,614580,44,306915,55670,0,0,0,1,0,0,1,NOT_AVAILABLE,EPOCH_CHANGED
DE5 [1-11.2],54,2,1789467948122,1789467948179,57,000960B4,FFFFFFF1,0004B05A,0000D995,000960B4,614580,614580,-15,307290,55701,0,0,0,0,0,1,1,NOT_AVAILABLE,NONE
DE5 [1-11.2],55,1,1789467949452,1789467949509,57,98776,0000001F,0004C3BB,0000D976,98776,624502,624502,31,312251,55670,0,0,0,0,0,1,1,NOT_AVAILABLE,NONE
DE5 [1-11.2],56,1,1789467950725,1789467950781,56,0009AE3A,8,0004D71D,0000D940,0009AE3A,634426,634426,8,317213,55616,0,0,0,0,0,1,1,NOT_AVAILABLE,NONE
DE5 [1-11.2],57,1,1789467952008,1789467952064,56,0009D1F6,0000005E,0004EA7B,0000D925,0009D4F6,643574,644342,94,322171,55589,0,0,0,1,0,0,1,NOT_AVAILABLE,EPOCH_CHANGED
DE5 [1-11.2],57,2,1789467952065,1789467952121,56,0009D4F6,0000005E,0004EA7B,0000D925,0009D7F6,644342,645110,94,322171,55589,0,0,0,1,0,0,1,NOT_AVAILABLE,EPOCH_CHANGED
DE5 [1-11.2],57,3,1789467952122,1789467952179,57,0009D7F6,FFFFFFAB,0004EBFB,0000D985,0009D7F6,645110,645110,-85,322555,55685,0,0,0,0,0,1,1,NOT_AVAILABLE,NONE
DE5 [1-11.2],58,1,1789467953430,1789467953487,57,0009FEAA,0000004F,0004FF55,0000D97A,0009FEAA,655018,655018,79,327509,55674,0,0,0,0,0,1,1,NOT_AVAILABLE,NONE
DE5 [1-11.2],59,1,1789467954738,1789467954794,56,000A2562,FFFFFF06,000512B1,0000DA6F,000A2562,664930,664930,-250,332465,55919,0,0,0,0,0,1,1,NOT_AVAILABLE,NONE
DE5 [1-11.2],60,1,1789467956016,1789467956072,56,000A4C20,0000002C,52610,0000D90A,000A4C20,674848,674848,44,337424,55562,0,0,0,0,0,1,1,NOT_AVAILABLE,NONE
DE5 [1-11.2],61,1,1789467957301,1789467957357,56,000A6FE8,41,53974,0000D9DF,000A72E8,684008,684776,65,342388,55775,0,0,0,1,0,0,1,NOT_AVAILABLE,EPOCH_CHANGED
DE5 [1-11.2],61,2,1789467957358,1789467957415,57,000A72E8,41,53974,0000D9DF,000A72E8,684776,684776,65,342388,55775,0,0,0,0,0,1,1,NOT_AVAILABLE,NONE
DE5 [1-11.2],62,1,1789467958657,1789467958713,56,000A99AC,43,00054CD6,0000DA00,000A99AC,694700,694700,67,347350,55808,0,0,0,0,0,1,1,NOT_AVAILABLE,NONE
DE5 [1-11.2],63,1,1789467959934,1789467959990,56,000AC066,23,56033,0000D984,000AC066,704614,704614,35,352307,55684,0,0,0,0,0,1,1,NOT_AVAILABLE,NONE
DE5 [1-11.2],64,1,1789467961223,1789467961280,57,000AE728,FFFFFFA1,57394,0000DA0A,000AE728,714536,714536,-95,357268,55818,0,0,0,0,0,1,1,NOT_AVAILABLE,NONE
DE5 [1-11.2],65,1,1789467962527,1789467962587,60,000B0DD4,0000011D,000586EA,0000D9CF,000B0DD4,724436,724436,285,362218,55759,0,0,0,0,0,1,1,NOT_AVAILABLE,NONE
DE5 [1-11.2],66,1,1789467963776,1789467963833,57,000B319C,FFFFFF9D,000598CE,0000DA2D,000B349C,733596,734364,-99,366798,55853,0,0,0,1,0,0,1,NOT_AVAILABLE,EPOCH_CHANGED
DE5 [1-11.2],66,2,1789467963834,1789467963891,57,000B349C,FFFFFFBF,00059A4E,0000DA2D,000B349C,734364,734364,-65,367182,55853,0,0,0,0,0,1,1,NOT_AVAILABLE,NONE
DE5 [1-11.2],67,1,1789467965151,1789467965207,56,000B5B52,FFFFFFB6,0005ADA9,0000DAD4,000B5B52,744274,744274,-74,372137,56020,0,0,0,0,0,1,1,NOT_AVAILABLE,NONE
DE5 [1-11.2],68,1,1789467966385,1789467966441,56,000B7F1E,79,0005BF8F,0000DA11,000B8210,753438,754192,121,376719,55825,0,0,0,1,0,0,1,NOT_AVAILABLE,EPOCH_CHANGED
DE5 [1-11.2],68,2,1789467966442,1789467966499,57,000B8210,66,0005C108,0000DA11,000B8210,754192,754192,102,377096,55825,0,0,0,0,0,1,1,NOT_AVAILABLE,NONE
DE5 [1-11.2],69,1,1789467967704,1789467967760,56,000BA5D6,FFFFFFAD,0005D46B,0000DA81,000BA8D6,763350,764118,-83,382059,55937,0,0,0,1,0,0,1,NOT_AVAILABLE,EPOCH_CHANGED
DE5 [1-11.2],69,2,1789467967761,1789467967818,57,000BA8D6,FFFFFFAD,0005D46B,0000DA81,000BA8D6,764118,764118,-83,382059,55937,0,0,0,0,0,1,1,NOT_AVAILABLE,NONE
DE5 [1-11.2],70,1,1789467969030,1789467969086,56,000BCF98,12,0005E7CC,0000DA36,000BCF98,774040,774040,18,387020,55862,0,0,0,0,0,1,1,NOT_AVAILABLE,NONE
DE5 [1-11.2],71,1,1789467970317,1789467970373,56,000BF64E,FFFFFF7F,0005FB27,0000DAF0,000BF64E,783950,783950,-129,391975,56048,0,0,0,0,0,1,1,NOT_AVAILABLE,NONE
DE5 [1-11.2],72,1,1789467971570,1789467971627,57,000C1A12,FFFFFFF1,00060D09,0000DA60,000C1D12,793106,793874,-15,396553,55904,0,0,0,1,0,0,1,NOT_AVAILABLE,EPOCH_CHANGED
DE5 [1-11.2],72,2,1789467971628,1789467971685,57,000C1D12,000000B3,6e+90,0000D9E6,000C1D12,793874,793874,179,396937,55782,0,0,0,0,0,1,1,NOT_AVAILABLE,NONE
DE5 [1-11.2],73,1,1789467972919,1789467972976,57,000C43D0,FFFFFFDC,62100000000.0,0000DA75,000C43D0,803792,803792,-36,401896,55925,0,0,0,0,0,1,1,NOT_AVAILABLE,NONE
DE5 [1-11.2],74,1,1789467974203,1789467974260,57,000C678C,75,63546,0000D9F9,000C6A8C,812940,813708,117,406854,55801,0,0,0,1,0,0,1,NOT_AVAILABLE,EPOCH_CHANGED
DE5 [1-11.2],74,2,1789467974261,1789467974318,57,000C6A8C,75,63546,0000D9F9,000C6A8C,813708,813708,117,406854,55801,0,0,0,0,0,1,1,NOT_AVAILABLE,NONE
DE5 [1-11.2],75,1,1789467975535,1789467975591,56,000C913C,0000011E,0006489E,0000D944,000C913C,823612,823612,286,411806,55620,0,0,0,0,0,1,1,NOT_AVAILABLE,NONE
DE5 [1-11.2],76,1,1789467976870,1789467976927,57,000CB80A,0000001B,00065C05,0000DAFE,000CBAF6,833546,834294,27,416773,56062,0,0,0,1,0,0,1,NOT_AVAILABLE,EPOCH_CHANGED
DE5 [1-11.2],76,2,1789467976928,1789467976985,57,000CBAF6,30,00065D7B,0000DAE7,000CBAF6,834294,834294,48,417147,56039,0,0,0,0,0,1,1,NOT_AVAILABLE,NONE
DE5 [1-11.2],77,1,1789467978200,1789467978257,57,000CDEBA,FFFFFFFD,000670DD,0000DB3F,000CE1BA,843450,844218,-3,422109,56127,0,0,0,1,0,0,1,NOT_AVAILABLE,EPOCH_CHANGED
DE5 [1-11.2],77,2,1789467978258,1789467978314,56,000CE1BA,FFFFFFFD,000670DD,0000DB3F,000CE1BA,844218,844218,-3,422109,56127,0,0,0,0,0,1,1,NOT_AVAILABLE,NONE
DE5 [1-11.2],78,1,1789467979512,1789467979567,55,000D0882,FFFFFF3A,68441,0000DBB6,000D0882,854146,854146,-198,427073,56246,0,0,0,0,0,1,1,NOT_AVAILABLE,NONE
DE5 [1-11.2],79,1,1789467981049,1789467981105,56,000D352C,12,00069A96,0000DADB,000D352C,865580,865580,18,432790,56027,0,0,0,0,0,1,1,NOT_AVAILABLE,NONE
DE5 [1-11.2],80,1,1789467982295,1789467982351,56,000D58E6,0000001B,0006ADF3,0000DAF7,000D5BE6,874726,875494,27,437747,56055,0,0,0,1,0,0,1,NOT_AVAILABLE,EPOCH_CHANGED
DE5 [1-11.2],80,2,1789467982352,1789467982409,57,000D5BE6,4,0006ADF3,0000DAF7,000D5BE6,875494,875494,4,437747,56055,0,0,0,0,0,1,1,NOT_AVAILABLE,NONE
DE5 [1-11.2],81,1,1789467983602,1789467983658,56,000D7FAA,FFFFFFC2,0006C156,0000DB5A,000D82AC,884650,885420,-62,442710,56154,0,0,0,1,0,0,1,NOT_AVAILABLE,EPOCH_CHANGED
DE5 [1-11.2],81,2,1789467983659,1789467983716,57,000D82AC,FFFFFFC2,0006C156,0000DB5A,000D82AC,885420,885420,-62,442710,56154,0,0,0,0,0,1,1,NOT_AVAILABLE,NONE
DE5 [1-11.2],82,1,1789467984932,1789467984989,57,000DA966,FFFFFFA3,0006D4B3,0000DBA6,000DA966,895334,895334,-93,447667,56230,0,0,0,0,0,1,1,NOT_AVAILABLE,NONE
DE5 [1-11.2],83,1,1789467986199,1789467986255,56,000DCD28,000000D5,0006E80E,0000DAD5,000DD01C,904488,905244,213,452622,56021,0,0,0,1,0,0,1,NOT_AVAILABLE,EPOCH_CHANGED
DE5 [1-11.2],83,2,1789467986256,1789467986313,57,000DD01C,000000D5,0006E80E,0000DAD5,000DD01C,905244,905244,213,452622,56021,0,0,0,0,0,1,1,NOT_AVAILABLE,NONE
DE5 [1-11.2],84,1,1789467987523,1789467987579,56,000DF6D8,99,0006FB6C,0000DB70,000DF6D8,915160,915160,153,457580,56176,0,0,0,0,0,1,1,NOT_AVAILABLE,NONE
DE5 [1-11.2],85,1,1789467988804,1789467988860,56,000E1A9C,FFFFFFD1,00070ECE,0000DBE0,000E1D9C,924316,925084,-47,462542,56288,0,0,0,1,0,0,1,NOT_AVAILABLE,EPOCH_CHANGED
DE5 [1-11.2],85,2,1789467988861,1789467988918,57,000E1D9C,FFFFFFD1,00070ECE,0000DBE0,000E1D9C,925084,925084,-47,462542,56288,0,0,0,0,0,1,1,NOT_AVAILABLE,NONE
DE5 [1-11.2],86,1,1789467990167,1789467990223,56,0.0,0000004B,72232,0000DB9F,0.0,935012,935764,75,467506,56223,0,0,0,1,0,0,1,NOT_AVAILABLE,EPOCH_CHANGED
DE5 [1-11.2],86,2,1789467990224,1789467990281,57,0.0,FFFFFFD4,000723AA,0000DBDF,0.0,935764,935764,-44,467882,56287,0,0,0,0,0,1,1,NOT_AVAILABLE,NONE
DE5 [1-11.2],87,1,1789467991539,1789467991596,57,000E6E0C,000000A4,73706,0000DB8D,000E6E0C,945676,945676,164,472838,56205,0,0,0,0,0,1,1,NOT_AVAILABLE,NONE
DE5 [1-11.2],88,1,1789467992833,1789467992890,57,000E94DA,FFFFFFCE,00074A6D,0000DD5B,000E94DA,955610,955610,-50,477805,56667,0,0,0,0,0,1,1,NOT_AVAILABLE,NONE
DE5 [1-11.2],89,1,1789467994086,1789467994143,57,000EB892,96,00075C49,0000DC9D,000EBB92,964754,965522,150,482377,56477,0,0,0,1,0,0,1,NOT_AVAILABLE,EPOCH_CHANGED
DE5 [1-11.2],89,2,1789467994144,1789467994201,57,000EBB92,000000AA,00075DC9,0000DC9D,000EBB92,965522,965522,170,482761,56477,0,0,0,0,0,1,1,NOT_AVAILABLE,NONE
DE5 [1-11.2],90,1,1789467995412,1789467995468,56,000EE254,0000005F,0007712A,0000DBA7,000EE254,975444,975444,95,487722,56231,0,0,0,0,0,1,1,NOT_AVAILABLE,NONE
DE5 [1-11.2],91,1,1789467996680,1789467996736,56,000F060E,000000C5,78307,0000DB0D,000F090E,984590,985358,197,492295,56077,0,0,0,1,0,0,1,NOT_AVAILABLE,EPOCH_CHANGED
DE5 [1-11.2],91,2,1789467996737,1789467996793,56,000F090E,119,78487,0000DB0D,000F090E,985358,985358,281,492679,56077,0,0,0,0,0,1,1,NOT_AVAILABLE,NONE
DE5 [1-11.2],92,1,1789467998017,1789467998074,57,000F2FD0,000000AE,79700000000.0,0000DB4C,000F2FD0,995280,995280,174,497640,56140,0,0,0,0,0,1,1,NOT_AVAILABLE,NONE
