BOARD,CYCLE,PROBE,COUNTER_GROUP,HOST_START_MS,HOST_END_MS,RAW_PACKED,MAIN_RAW,HELPER_RAW,MAIN_VALUE,HELPER_VALUE,VALID,COUNTER_WIDTH_BITS,SOURCE_SEMANTICS,READ_ATOMICITY,DELTA_POLICY
DE5 [1-11.2],1,54,START,1789467878880,1789467878881,161800001092,1092,1618,4242,5656,1,32,VERIFIED,WORD_ONLY,SAME_FIELD_TRUSTED_READS_ONLY
DE5 [1-11.2],1,55,COMPLETED,1789467878881,1789467878881,161700001092,1092,1617,4242,5655,1,32,VERIFIED,WORD_ONLY,SAME_FIELD_TRUSTED_READS_ONLY
DE5 [1-11.2],1,56,FAILED,1789467878881,1789467878881,0,0,0,0,0,1,32,VERIFIED,WORD_ONLY,SAME_FIELD_TRUSTED_READS_ONLY
DE5 [1-11.2],2,54,START,1789467880180,1789467880180,000016A4000013FD,000013FD,000016A4,5117,5796,1,32,VERIFIED,WORD_ONLY,SAME_FIELD_TRUSTED_READS_ONLY
DE5 [1-11.2],2,55,COMPLETED,1789467880180,1789467880181,000016A4000013FD,000013FD,000016A4,5117,5796,1,32,VERIFIED,WORD_ONLY,SAME_FIELD_TRUSTED_READS_ONLY
DE5 [1-11.2],2,56,FAILED,1789467880181,1789467880181,0,0,0,0,0,1,32,VERIFIED,WORD_ONLY,SAME_FIELD_TRUSTED_READS_ONLY
DE5 [1-11.2],3,54,START,1789467881456,1789467881457,000016F7000017AD,000017AD,000016F7,6061,5879,1,32,VERIFIED,WORD_ONLY,SAME_FIELD_TRUSTED_READS_ONLY
DE5 [1-11.2],3,55,COMPLETED,1789467881457,1789467881457,000016F7000017AD,000017AD,000016F7,6061,5879,1,32,VERIFIED,WORD_ONLY,SAME_FIELD_TRUSTED_READS_ONLY
DE5 [1-11.2],3,56,FAILED,1789467881457,1789467881457,0,0,0,0,0,1,32,VERIFIED,WORD_ONLY,SAME_FIELD_TRUSTED_READS_ONLY
DE5 [1-11.2],4,54,START,1789467882798,1789467882798,0000176300001B77,00001B77,1763,7031,5987,1,32,VERIFIED,WORD_ONLY,SAME_FIELD_TRUSTED_READS_ONLY
DE5 [1-11.2],4,55,COMPLETED,1789467882798,1789467882798,0000176300001B76,00001B76,1763,7030,5987,1,32,VERIFIED,WORD_ONLY,SAME_FIELD_TRUSTED_READS_ONLY
DE5 [1-11.2],4,56,FAILED,1789467882798,1789467882799,0,0,0,0,0,1,32,VERIFIED,WORD_ONLY,SAME_FIELD_TRUSTED_READS_ONLY
DE5 [1-11.2],5,54,START,1789467884080,1789467884080,0000179700001F47,00001F47,1797,8007,6039,1,32,VERIFIED,WORD_ONLY,SAME_FIELD_TRUSTED_READS_ONLY
DE5 [1-11.2],5,55,COMPLETED,1789467884080,1789467884080,0000179700001F47,00001F47,1797,8007,6039,1,32,VERIFIED,WORD_ONLY,SAME_FIELD_TRUSTED_READS_ONLY
DE5 [1-11.2],5,56,FAILED,1789467884080,1789467884081,0,0,0,0,0,1,32,VERIFIED,WORD_ONLY,SAME_FIELD_TRUSTED_READS_ONLY
DE5 [1-11.2],6,54,START,1789467885397,1789467885397,000017F5000022D7,000022D7,000017F5,8919,6133,1,32,VERIFIED,WORD_ONLY,SAME_FIELD_TRUSTED_READS_ONLY
DE5 [1-11.2],6,55,COMPLETED,1789467885397,1789467885397,000017F5000022D6,000022D6,000017F5,8918,6133,1,32,VERIFIED,WORD_ONLY,SAME_FIELD_TRUSTED_READS_ONLY
DE5 [1-11.2],6,56,FAILED,1789467885398,1789467885398,0,0,0,0,0,1,32,VERIFIED,WORD_ONLY,SAME_FIELD_TRUSTED_READS_ONLY
DE5 [1-11.2],7,54,START,1789467886680,1789467886680,0000184A0000268C,0000268C,0000184A,9868,6218,1,32,VERIFIED,WORD_ONLY,SAME_FIELD_TRUSTED_READS_ONLY
DE5 [1-11.2],7,55,COMPLETED,1789467886681,1789467886681,0000184A0000268B,0000268B,0000184A,9867,6218,1,32,VERIFIED,WORD_ONLY,SAME_FIELD_TRUSTED_READS_ONLY
DE5 [1-11.2],7,56,FAILED,1789467886681,1789467886681,0,0,0,0,0,1,32,VERIFIED,WORD_ONLY,SAME_FIELD_TRUSTED_READS_ONLY
DE5 [1-11.2],8,54,START,1789467887974,1789467887974,000018DF00002A0A,00002A0A,000018DF,10762,6367,1,32,VERIFIED,WORD_ONLY,SAME_FIELD_TRUSTED_READS_ONLY
DE5 [1-11.2],8,55,COMPLETED,1789467887974,1789467887974,000018DF00002A0A,00002A0A,000018DF,10762,6367,1,32,VERIFIED,WORD_ONLY,SAME_FIELD_TRUSTED_READS_ONLY
DE5 [1-11.2],8,56,FAILED,1789467887974,1789467887975,0,0,0,0,0,1,32,VERIFIED,WORD_ONLY,SAME_FIELD_TRUSTED_READS_ONLY
DE5 [1-11.2],9,54,START,1789467889270,1789467889271,0000196300002D9E,00002D9E,1963,11678,6499,1,32,VERIFIED,WORD_ONLY,SAME_FIELD_TRUSTED_READS_ONLY
DE5 [1-11.2],9,55,COMPLETED,1789467889271,1789467889271,0000196300002D9D,00002D9D,1963,11677,6499,1,32,VERIFIED,WORD_ONLY,SAME_FIELD_TRUSTED_READS_ONLY
DE5 [1-11.2],9,56,FAILED,1789467889271,1789467889271,0,0,0,0,0,1,32,VERIFIED,WORD_ONLY,SAME_FIELD_TRUSTED_READS_ONLY
DE5 [1-11.2],10,54,START,1789467890564,1789467890564,000019D800003140,3140,000019D8,12608,6616,1,32,VERIFIED,WORD_ONLY,SAME_FIELD_TRUSTED_READS_ONLY
DE5 [1-11.2],10,55,COMPLETED,1789467890564,1789467890565,000019D800003140,3140,000019D8,12608,6616,1,32,VERIFIED,WORD_ONLY,SAME_FIELD_TRUSTED_READS_ONLY
DE5 [1-11.2],10,56,FAILED,1789467890565,1789467890565,0,0,0,0,0,1,32,VERIFIED,WORD_ONLY,SAME_FIELD_TRUSTED_READS_ONLY
DE5 [1-11.2],11,54,START,1789467891889,1789467891890,00001A6E000034AF,000034AF,00001A6E,13487,6766,1,32,VERIFIED,WORD_ONLY,SAME_FIELD_TRUSTED_READS_ONLY
DE5 [1-11.2],11,55,COMPLETED,1789467891890,1789467891890,00001A6E000034AE,000034AE,00001A6E,13486,6766,1,32,VERIFIED,WORD_ONLY,SAME_FIELD_TRUSTED_READS_ONLY
DE5 [1-11.2],11,56,FAILED,1789467891890,1789467891890,0,0,0,0,0,1,32,VERIFIED,WORD_ONLY,SAME_FIELD_TRUSTED_READS_ONLY
DE5 [1-11.2],12,54,START,1789467893159,1789467893159,00001AC40000385A,0000385A,00001AC4,14426,6852,1,32,VERIFIED,WORD_ONLY,SAME_FIELD_TRUSTED_READS_ONLY
DE5 [1-11.2],12,55,COMPLETED,1789467893160,1789467893160,00001AC400003859,3859,00001AC4,14425,6852,1,32,VERIFIED,WORD_ONLY,SAME_FIELD_TRUSTED_READS_ONLY
DE5 [1-11.2],12,56,FAILED,1789467893160,1789467893160,0,0,0,0,0,1,32,VERIFIED,WORD_ONLY,SAME_FIELD_TRUSTED_READS_ONLY
DE5 [1-11.2],13,54,START,1789467894735,1789467894736,00001B5A00003CBA,00003CBA,00001B5A,15546,7002,1,32,VERIFIED,WORD_ONLY,SAME_FIELD_TRUSTED_READS_ONLY
DE5 [1-11.2],13,55,COMPLETED,1789467894736,1789467894736,00001B5900003CBA,00003CBA,00001B59,15546,7001,1,32,VERIFIED,WORD_ONLY,SAME_FIELD_TRUSTED_READS_ONLY
DE5 [1-11.2],13,56,FAILED,1789467894736,1789467894736,0,0,0,0,0,1,32,VERIFIED,WORD_ONLY,SAME_FIELD_TRUSTED_READS_ONLY
DE5 [1-11.2],14,54,START,1789467896047,1789467896048,00001BB500004083,4083,00001BB5,16515,7093,1,32,VERIFIED,WORD_ONLY,SAME_FIELD_TRUSTED_READS_ONLY
DE5 [1-11.2],14,55,COMPLETED,1789467896048,1789467896048,00001BB500004082,4082,00001BB5,16514,7093,1,32,VERIFIED,WORD_ONLY,SAME_FIELD_TRUSTED_READS_ONLY
DE5 [1-11.2],14,56,FAILED,1789467896048,1789467896048,0,0,0,0,0,1,32,VERIFIED,WORD_ONLY,SAME_FIELD_TRUSTED_READS_ONLY
DE5 [1-11.2],15,54,START,1789467897286,1789467897287,00001C24000043D9,000043D9,00001C24,17369,7204,1,32,VERIFIED,WORD_ONLY,SAME_FIELD_TRUSTED_READS_ONLY
DE5 [1-11.2],15,55,COMPLETED,1789467897287,1789467897287,00001C24000043D8,000043D8,00001C24,17368,7204,1,32,VERIFIED,WORD_ONLY,SAME_FIELD_TRUSTED_READS_ONLY
DE5 [1-11.2],15,56,FAILED,1789467897287,1789467897287,0,0,0,0,0,1,32,VERIFIED,WORD_ONLY,SAME_FIELD_TRUSTED_READS_ONLY
DE5 [1-11.2],16,54,START,1789467898605,1789467898605,00001C870000479D,0000479D,00001C87,18333,7303,1,32,VERIFIED,WORD_ONLY,SAME_FIELD_TRUSTED_READS_ONLY
DE5 [1-11.2],16,55,COMPLETED,1789467898605,1789467898605,00001C870000479C,0000479C,00001C87,18332,7303,1,32,VERIFIED,WORD_ONLY,SAME_FIELD_TRUSTED_READS_ONLY
DE5 [1-11.2],16,56,FAILED,1789467898605,1789467898606,0,0,0,0,0,1,32,VERIFIED,WORD_ONLY,SAME_FIELD_TRUSTED_READS_ONLY
DE5 [1-11.2],17,54,START,1789467899864,1789467899864,00001CEB00004B2C,00004B2C,00001CEB,19244,7403,1,32,VERIFIED,WORD_ONLY,SAME_FIELD_TRUSTED_READS_ONLY
DE5 [1-11.2],17,55,COMPLETED,1789467899864,1789467899864,00001CEB00004B2B,00004B2B,00001CEB,19243,7403,1,32,VERIFIED,WORD_ONLY,SAME_FIELD_TRUSTED_READS_ONLY
DE5 [1-11.2],17,56,FAILED,1789467899864,1789467899865,0,0,0,0,0,1,32,VERIFIED,WORD_ONLY,SAME_FIELD_TRUSTED_READS_ONLY
DE5 [1-11.2],18,54,START,1789467901173,1789467901174,00001D7D00004EBA,00004EBA,00001D7D,20154,7549,1,32,VERIFIED,WORD_ONLY,SAME_FIELD_TRUSTED_READS_ONLY
DE5 [1-11.2],18,55,COMPLETED,1789467901174,1789467901174,00001D7C00004EBA,00004EBA,00001D7C,20154,7548,1,32,VERIFIED,WORD_ONLY,SAME_FIELD_TRUSTED_READS_ONLY
DE5 [1-11.2],18,56,FAILED,1789467901174,1789467901174,0,0,0,0,0,1,32,VERIFIED,WORD_ONLY,SAME_FIELD_TRUSTED_READS_ONLY
DE5 [1-11.2],19,54,START,1789467902505,1789467902505,00001DF000005245,5245,00001DF0,21061,7664,1,32,VERIFIED,WORD_ONLY,SAME_FIELD_TRUSTED_READS_ONLY
DE5 [1-11.2],19,55,COMPLETED,1789467902505,1789467902506,00001DF000005244,5244,00001DF0,21060,7664,1,32,VERIFIED,WORD_ONLY,SAME_FIELD_TRUSTED_READS_ONLY
DE5 [1-11.2],19,56,FAILED,1789467902506,1789467902506,0,0,0,0,0,1,32,VERIFIED,WORD_ONLY,SAME_FIELD_TRUSTED_READS_ONLY
DE5 [1-11.2],20,54,START,1789467903785,1789467903785,00001E49000055F2,000055F2,1e+49,22002,7753,1,32,VERIFIED,WORD_ONLY,SAME_FIELD_TRUSTED_READS_ONLY
DE5 [1-11.2],20,55,COMPLETED,1789467903785,1789467903785,00001E49000055F1,000055F1,1e+49,22001,7753,1,32,VERIFIED,WORD_ONLY,SAME_FIELD_TRUSTED_READS_ONLY
DE5 [1-11.2],20,56,FAILED,1789467903785,1789467903786,0,0,0,0,0,1,32,VERIFIED,WORD_ONLY,SAME_FIELD_TRUSTED_READS_ONLY
DE5 [1-11.2],21,54,START,1789467905080,1789467905081,00001ED100005943,5943,00001ED1,22851,7889,1,32,VERIFIED,WORD_ONLY,SAME_FIELD_TRUSTED_READS_ONLY
DE5 [1-11.2],21,55,COMPLETED,1789467905081,1789467905081,00001ED100005942,5942,00001ED1,22850,7889,1,32,VERIFIED,WORD_ONLY,SAME_FIELD_TRUSTED_READS_ONLY
DE5 [1-11.2],21,56,FAILED,1789467905081,1789467905081,0,0,0,0,0,1,32,VERIFIED,WORD_ONLY,SAME_FIELD_TRUSTED_READS_ONLY
DE5 [1-11.2],22,54,START,1789467906374,1789467906375,00001F4C00005CDA,00005CDA,00001F4C,23770,8012,1,32,VERIFIED,WORD_ONLY,SAME_FIELD_TRUSTED_READS_ONLY
DE5 [1-11.2],22,55,COMPLETED,1789467906375,1789467906375,00001F4B00005CDA,00005CDA,00001F4B,23770,8011,1,32,VERIFIED,WORD_ONLY,SAME_FIELD_TRUSTED_READS_ONLY
DE5 [1-11.2],22,56,FAILED,1789467906375,1789467906375,0,0,0,0,0,1,32,VERIFIED,WORD_ONLY,SAME_FIELD_TRUSTED_READS_ONLY
DE5 [1-11.2],23,54,START,1789467907981,1789467907982,00001FC30000616F,0000616F,00001FC3,24943,8131,1,32,VERIFIED,WORD_ONLY,SAME_FIELD_TRUSTED_READS_ONLY
DE5 [1-11.2],23,55,COMPLETED,1789467907982,1789467907982,00001FC30000616F,0000616F,00001FC3,24943,8131,1,32,VERIFIED,WORD_ONLY,SAME_FIELD_TRUSTED_READS_ONLY
DE5 [1-11.2],23,56,FAILED,1789467907982,1789467907982,0,0,0,0,0,1,32,VERIFIED,WORD_ONLY,SAME_FIELD_TRUSTED_READS_ONLY
DE5 [1-11.2],24,54,START,1789467909236,1789467909236,00002023000064EF,000064EF,2023,25839,8227,1,32,VERIFIED,WORD_ONLY,SAME_FIELD_TRUSTED_READS_ONLY
DE5 [1-11.2],24,55,COMPLETED,1789467909236,1789467909237,00002023000064EF,000064EF,2023,25839,8227,1,32,VERIFIED,WORD_ONLY,SAME_FIELD_TRUSTED_READS_ONLY
DE5 [1-11.2],24,56,FAILED,1789467909237,1789467909237,0,0,0,0,0,1,32,VERIFIED,WORD_ONLY,SAME_FIELD_TRUSTED_READS_ONLY
DE5 [1-11.2],25,54,START,1789467910775,1789467910776,000020CF0000690B,0000690B,000020CF,26891,8399,1,32,VERIFIED,WORD_ONLY,SAME_FIELD_TRUSTED_READS_ONLY
DE5 [1-11.2],25,55,COMPLETED,1789467910776,1789467910776,000020CF0000690B,0000690B,000020CF,26891,8399,1,32,VERIFIED,WORD_ONLY,SAME_FIELD_TRUSTED_READS_ONLY
DE5 [1-11.2],25,56,FAILED,1789467910776,1789467910776,0,0,0,0,0,1,32,VERIFIED,WORD_ONLY,SAME_FIELD_TRUSTED_READS_ONLY
DE5 [1-11.2],26,54,START,1789467912044,1789467912045,0000214500006C91,00006C91,2145,27793,8517,1,32,VERIFIED,WORD_ONLY,SAME_FIELD_TRUSTED_READS_ONLY
DE5 [1-11.2],26,55,COMPLETED,1789467912045,1789467912045,0000214500006C91,00006C91,2145,27793,8517,1,32,VERIFIED,WORD_ONLY,SAME_FIELD_TRUSTED_READS_ONLY
DE5 [1-11.2],26,56,FAILED,1789467912045,1789467912045,0,0,0,0,0,1,32,VERIFIED,WORD_ONLY,SAME_FIELD_TRUSTED_READS_ONLY
DE5 [1-11.2],27,54,START,1789467913358,1789467913358,0000220900006FEF,00006FEF,2209,28655,8713,1,32,VERIFIED,WORD_ONLY,SAME_FIELD_TRUSTED_READS_ONLY
DE5 [1-11.2],27,55,COMPLETED,1789467913358,1789467913358,0000220900006FEE,00006FEE,2209,28654,8713,1,32,VERIFIED,WORD_ONLY,SAME_FIELD_TRUSTED_READS_ONLY
DE5 [1-11.2],27,56,FAILED,1789467913358,1789467913359,0,0,0,0,0,1,32,VERIFIED,WORD_ONLY,SAME_FIELD_TRUSTED_READS_ONLY
DE5 [1-11.2],28,54,START,1789467914669,1789467914670,0000229D0000737E,0000737E,0000229D,29566,8861,1,32,VERIFIED,WORD_ONLY,SAME_FIELD_TRUSTED_READS_ONLY
DE5 [1-11.2],28,55,COMPLETED,1789467914670,1789467914670,0000229D0000737D,0000737D,0000229D,29565,8861,1,32,VERIFIED,WORD_ONLY,SAME_FIELD_TRUSTED_READS_ONLY
DE5 [1-11.2],28,56,FAILED,1789467914670,1789467914670,0,0,0,0,0,1,32,VERIFIED,WORD_ONLY,SAME_FIELD_TRUSTED_READS_ONLY
DE5 [1-11.2],29,54,START,1789467915979,1789467915979,232900007710,7710,2329,30480,9001,1,32,VERIFIED,WORD_ONLY,SAME_FIELD_TRUSTED_READS_ONLY
DE5 [1-11.2],29,55,COMPLETED,1789467915979,1789467915980,232900007710,7710,2329,30480,9001,1,32,VERIFIED,WORD_ONLY,SAME_FIELD_TRUSTED_READS_ONLY
DE5 [1-11.2],29,56,FAILED,1789467915980,1789467915980,0,0,0,0,0,1,32,VERIFIED,WORD_ONLY,SAME_FIELD_TRUSTED_READS_ONLY
DE5 [1-11.2],30,54,START,1789467917303,1789467917303,0000239400007AA9,00007AA9,2394,31401,9108,1,32,VERIFIED,WORD_ONLY,SAME_FIELD_TRUSTED_READS_ONLY
DE5 [1-11.2],30,55,COMPLETED,1789467917303,1789467917303,0000239400007AA8,00007AA8,2394,31400,9108,1,32,VERIFIED,WORD_ONLY,SAME_FIELD_TRUSTED_READS_ONLY
DE5 [1-11.2],30,56,FAILED,1789467917303,1789467917304,0,0,0,0,0,1,32,VERIFIED,WORD_ONLY,SAME_FIELD_TRUSTED_READS_ONLY
DE5 [1-11.2],31,54,START,1789467918563,1789467918563,0000240A00007E26,7e+26,0000240A,32294,9226,1,32,VERIFIED,WORD_ONLY,SAME_FIELD_TRUSTED_READS_ONLY
DE5 [1-11.2],31,55,COMPLETED,1789467918563,1789467918564,0000240A00007E26,7e+26,0000240A,32294,9226,1,32,VERIFIED,WORD_ONLY,SAME_FIELD_TRUSTED_READS_ONLY
DE5 [1-11.2],31,56,FAILED,1789467918564,1789467918564,0,0,0,0,0,1,32,VERIFIED,WORD_ONLY,SAME_FIELD_TRUSTED_READS_ONLY
DE5 [1-11.2],32,54,START,1789467919861,1789467919862,000024780000819A,0000819A,2478,33178,9336,1,32,VERIFIED,WORD_ONLY,SAME_FIELD_TRUSTED_READS_ONLY
DE5 [1-11.2],32,55,COMPLETED,1789467919862,1789467919862,247800008199,8199,2478,33177,9336,1,32,VERIFIED,WORD_ONLY,SAME_FIELD_TRUSTED_READS_ONLY
DE5 [1-11.2],32,56,FAILED,1789467919862,1789467919862,0,0,0,0,0,1,32,VERIFIED,WORD_ONLY,SAME_FIELD_TRUSTED_READS_ONLY
DE5 [1-11.2],33,54,START,1789467921193,1789467921193,000024EE00008556,8556,000024EE,34134,9454,1,32,VERIFIED,WORD_ONLY,SAME_FIELD_TRUSTED_READS_ONLY
DE5 [1-11.2],33,55,COMPLETED,1789467921193,1789467921194,000024EE00008555,8555,000024EE,34133,9454,1,32,VERIFIED,WORD_ONLY,SAME_FIELD_TRUSTED_READS_ONLY
DE5 [1-11.2],33,56,FAILED,1789467921194,1789467921194,0,0,0,0,0,1,32,VERIFIED,WORD_ONLY,SAME_FIELD_TRUSTED_READS_ONLY
DE5 [1-11.2],34,54,START,1789467922562,1789467922563,0000257A00008917,8917,0000257A,35095,9594,1,32,VERIFIED,WORD_ONLY,SAME_FIELD_TRUSTED_READS_ONLY
DE5 [1-11.2],34,55,COMPLETED,1789467922563,1789467922563,0000257A00008917,8917,0000257A,35095,9594,1,32,VERIFIED,WORD_ONLY,SAME_FIELD_TRUSTED_READS_ONLY
DE5 [1-11.2],34,56,FAILED,1789467922563,1789467922563,0,0,0,0,0,1,32,VERIFIED,WORD_ONLY,SAME_FIELD_TRUSTED_READS_ONLY
DE5 [1-11.2],35,54,START,1789467923867,1789467923867,0000260000008CAE,00008CAE,2600,36014,9728,1,32,VERIFIED,WORD_ONLY,SAME_FIELD_TRUSTED_READS_ONLY
DE5 [1-11.2],35,55,COMPLETED,1789467923867,1789467923867,000025FF00008CAE,00008CAE,000025FF,36014,9727,1,32,VERIFIED,WORD_ONLY,SAME_FIELD_TRUSTED_READS_ONLY
DE5 [1-11.2],35,56,FAILED,1789467923867,1789467923867,0,0,0,0,0,1,32,VERIFIED,WORD_ONLY,SAME_FIELD_TRUSTED_READS_ONLY
DE5 [1-11.2],36,54,START,1789467925147,1789467925148,269600009007,9007,2696,36871,9878,1,32,VERIFIED,WORD_ONLY,SAME_FIELD_TRUSTED_READS_ONLY
DE5 [1-11.2],36,55,COMPLETED,1789467925148,1789467925148,269600009006,9006,2696,36870,9878,1,32,VERIFIED,WORD_ONLY,SAME_FIELD_TRUSTED_READS_ONLY
DE5 [1-11.2],36,56,FAILED,1789467925148,1789467925148,0,0,0,0,0,1,32,VERIFIED,WORD_ONLY,SAME_FIELD_TRUSTED_READS_ONLY
DE5 [1-11.2],37,54,START,1789467926487,1789467926487,00002716000093B7,000093B7,2716,37815,10006,1,32,VERIFIED,WORD_ONLY,SAME_FIELD_TRUSTED_READS_ONLY
DE5 [1-11.2],37,55,COMPLETED,1789467926488,1789467926488,00002715000093B7,000093B7,2715,37815,10005,1,32,VERIFIED,WORD_ONLY,SAME_FIELD_TRUSTED_READS_ONLY
DE5 [1-11.2],37,56,FAILED,1789467926488,1789467926488,0,0,0,0,0,1,32,VERIFIED,WORD_ONLY,SAME_FIELD_TRUSTED_READS_ONLY
DE5 [1-11.2],38,54,START,1789467927767,1789467927768,000027AD00009729,9729,000027AD,38697,10157,1,32,VERIFIED,WORD_ONLY,SAME_FIELD_TRUSTED_READS_ONLY
DE5 [1-11.2],38,55,COMPLETED,1789467927768,1789467927768,000027AD00009729,9729,000027AD,38697,10157,1,32,VERIFIED,WORD_ONLY,SAME_FIELD_TRUSTED_READS_ONLY
DE5 [1-11.2],38,56,FAILED,1789467927768,1789467927768,0,0,0,0,0,1,32,VERIFIED,WORD_ONLY,SAME_FIELD_TRUSTED_READS_ONLY
DE5 [1-11.2],39,54,START,1789467929067,1789467929068,0000283400009AB3,00009AB3,2834,39603,10292,1,32,VERIFIED,WORD_ONLY,SAME_FIELD_TRUSTED_READS_ONLY
DE5 [1-11.2],39,55,COMPLETED,1789467929068,1789467929068,0000283400009AB2,00009AB2,2834,39602,10292,1,32,VERIFIED,WORD_ONLY,SAME_FIELD_TRUSTED_READS_ONLY
DE5 [1-11.2],39,56,FAILED,1789467929068,1789467929068,0,0,0,0,0,1,32,VERIFIED,WORD_ONLY,SAME_FIELD_TRUSTED_READS_ONLY
DE5 [1-11.2],40,54,START,1789467930376,1789467930376,000028E900009E1D,00009E1D,28000000000.0,40477,10473,1,32,VERIFIED,WORD_ONLY,SAME_FIELD_TRUSTED_READS_ONLY
DE5 [1-11.2],40,55,COMPLETED,1789467930376,1789467930377,000028E900009E1C,00009E1C,28000000000.0,40476,10473,1,32,VERIFIED,WORD_ONLY,SAME_FIELD_TRUSTED_READS_ONLY
DE5 [1-11.2],40,56,FAILED,1789467930377,1789467930377,0,0,0,0,0,1,32,VERIFIED,WORD_ONLY,SAME_FIELD_TRUSTED_READS_ONLY
DE5 [1-11.2],41,54,START,1789467931646,1789467931646,000029910000A136,0000A136,2991,41270,10641,1,32,VERIFIED,WORD_ONLY,SAME_FIELD_TRUSTED_READS_ONLY
DE5 [1-11.2],41,55,COMPLETED,1789467931646,1789467931647,000029910000A135,0000A135,2991,41269,10641,1,32,VERIFIED,WORD_ONLY,SAME_FIELD_TRUSTED_READS_ONLY
DE5 [1-11.2],41,56,FAILED,1789467931647,1789467931647,0,0,0,0,0,1,32,VERIFIED,WORD_ONLY,SAME_FIELD_TRUSTED_READS_ONLY
DE5 [1-11.2],42,54,START,1789467932943,1789467932943,00002A030000A4DB,0000A4DB,00002A03,42203,10755,1,32,VERIFIED,WORD_ONLY,SAME_FIELD_TRUSTED_READS_ONLY
DE5 [1-11.2],42,55,COMPLETED,1789467932943,1789467932944,00002A030000A4DA,0000A4DA,00002A03,42202,10755,1,32,VERIFIED,WORD_ONLY,SAME_FIELD_TRUSTED_READS_ONLY
DE5 [1-11.2],42,56,FAILED,1789467932944,1789467932944,0,0,0,0,0,1,32,VERIFIED,WORD_ONLY,SAME_FIELD_TRUSTED_READS_ONLY
DE5 [1-11.2],43,54,START,1789467934283,1789467934283,00002A660000A8B0,0000A8B0,00002A66,43184,10854,1,32,VERIFIED,WORD_ONLY,SAME_FIELD_TRUSTED_READS_ONLY
DE5 [1-11.2],43,55,COMPLETED,1789467934283,1789467934284,00002A660000A8AF,0000A8AF,00002A66,43183,10854,1,32,VERIFIED,WORD_ONLY,SAME_FIELD_TRUSTED_READS_ONLY
DE5 [1-11.2],43,56,FAILED,1789467934284,1789467934284,0,0,0,0,0,1,32,VERIFIED,WORD_ONLY,SAME_FIELD_TRUSTED_READS_ONLY
DE5 [1-11.2],44,54,START,1789467935586,1789467935586,00002AD60000AC5B,0000AC5B,00002AD6,44123,10966,1,32,VERIFIED,WORD_ONLY,SAME_FIELD_TRUSTED_READS_ONLY
DE5 [1-11.2],44,55,COMPLETED,1789467935586,1789467935587,00002AD60000AC5A,0000AC5A,00002AD6,44122,10966,1,32,VERIFIED,WORD_ONLY,SAME_FIELD_TRUSTED_READS_ONLY
DE5 [1-11.2],44,56,FAILED,1789467935587,1789467935587,0,0,0,0,0,1,32,VERIFIED,WORD_ONLY,SAME_FIELD_TRUSTED_READS_ONLY
DE5 [1-11.2],45,54,START,1789467936885,1789467936886,00002B4B0000AFD9,0000AFD9,00002B4B,45017,11083,1,32,VERIFIED,WORD_ONLY,SAME_FIELD_TRUSTED_READS_ONLY
DE5 [1-11.2],45,55,COMPLETED,1789467936886,1789467936886,00002B4B0000AFD8,0000AFD8,00002B4B,45016,11083,1,32,VERIFIED,WORD_ONLY,SAME_FIELD_TRUSTED_READS_ONLY
DE5 [1-11.2],45,56,FAILED,1789467936886,1789467936887,0,0,0,0,0,1,32,VERIFIED,WORD_ONLY,SAME_FIELD_TRUSTED_READS_ONLY
DE5 [1-11.2],46,54,START,1789467938184,1789467938185,00002BD80000B361,0000B361,00002BD8,45921,11224,1,32,VERIFIED,WORD_ONLY,SAME_FIELD_TRUSTED_READS_ONLY
DE5 [1-11.2],46,55,COMPLETED,1789467938185,1789467938185,00002BD80000B360,0000B360,00002BD8,45920,11224,1,32,VERIFIED,WORD_ONLY,SAME_FIELD_TRUSTED_READS_ONLY
DE5 [1-11.2],46,56,FAILED,1789467938185,1789467938185,0,0,0,0,0,1,32,VERIFIED,WORD_ONLY,SAME_FIELD_TRUSTED_READS_ONLY
DE5 [1-11.2],47,54,START,1789467939432,1789467939433,00002C7B0000B6B0,0000B6B0,00002C7B,46768,11387,1,32,VERIFIED,WORD_ONLY,SAME_FIELD_TRUSTED_READS_ONLY
DE5 [1-11.2],47,55,COMPLETED,1789467939433,1789467939433,00002C7B0000B6AF,0000B6AF,00002C7B,46767,11387,1,32,VERIFIED,WORD_ONLY,SAME_FIELD_TRUSTED_READS_ONLY
DE5 [1-11.2],47,56,FAILED,1789467939433,1789467939433,0,0,0,0,0,1,32,VERIFIED,WORD_ONLY,SAME_FIELD_TRUSTED_READS_ONLY
DE5 [1-11.2],48,54,START,1789467940681,1789467940681,00002CDA0000BA3F,0000BA3F,00002CDA,47679,11482,1,32,VERIFIED,WORD_ONLY,SAME_FIELD_TRUSTED_READS_ONLY
DE5 [1-11.2],48,55,COMPLETED,1789467940681,1789467940681,00002CDA0000BA3E,0000BA3E,00002CDA,47678,11482,1,32,VERIFIED,WORD_ONLY,SAME_FIELD_TRUSTED_READS_ONLY
DE5 [1-11.2],48,56,FAILED,1789467940681,1789467940682,0,0,0,0,0,1,32,VERIFIED,WORD_ONLY,SAME_FIELD_TRUSTED_READS_ONLY
DE5 [1-11.2],49,54,START,1789467942071,1789467942071,00002D8B0000BDAE,0000BDAE,00002D8B,48558,11659,1,32,VERIFIED,WORD_ONLY,SAME_FIELD_TRUSTED_READS_ONLY
DE5 [1-11.2],49,55,COMPLETED,1789467942071,1789467942071,00002D8B0000BDAD,0000BDAD,00002D8B,48557,11659,1,32,VERIFIED,WORD_ONLY,SAME_FIELD_TRUSTED_READS_ONLY
DE5 [1-11.2],49,56,FAILED,1789467942071,1789467942072,0,0,0,0,0,1,32,VERIFIED,WORD_ONLY,SAME_FIELD_TRUSTED_READS_ONLY
DE5 [1-11.2],50,54,START,1789467943405,1789467943405,00002DDE0000C18B,0000C18B,00002DDE,49547,11742,1,32,VERIFIED,WORD_ONLY,SAME_FIELD_TRUSTED_READS_ONLY
DE5 [1-11.2],50,55,COMPLETED,1789467943405,1789467943406,00002DDE0000C18A,0000C18A,00002DDE,49546,11742,1,32,VERIFIED,WORD_ONLY,SAME_FIELD_TRUSTED_READS_ONLY
DE5 [1-11.2],50,56,FAILED,1789467943406,1789467943406,0,0,0,0,0,1,32,VERIFIED,WORD_ONLY,SAME_FIELD_TRUSTED_READS_ONLY
DE5 [1-11.2],51,54,START,1789467944657,1789467944657,00002E3F0000C519,0000C519,00002E3F,50457,11839,1,32,VERIFIED,WORD_ONLY,SAME_FIELD_TRUSTED_READS_ONLY
DE5 [1-11.2],51,55,COMPLETED,1789467944657,1789467944658,00002E3F0000C518,0000C518,00002E3F,50456,11839,1,32,VERIFIED,WORD_ONLY,SAME_FIELD_TRUSTED_READS_ONLY
DE5 [1-11.2],51,56,FAILED,1789467944658,1789467944658,0,0,0,0,0,1,32,VERIFIED,WORD_ONLY,SAME_FIELD_TRUSTED_READS_ONLY
DE5 [1-11.2],52,54,START,1789467945963,1789467945963,00002EA90000C8CE,0000C8CE,00002EA9,51406,11945,1,32,VERIFIED,WORD_ONLY,SAME_FIELD_TRUSTED_READS_ONLY
DE5 [1-11.2],52,55,COMPLETED,1789467945963,1789467945964,00002EA90000C8CD,0000C8CD,00002EA9,51405,11945,1,32,VERIFIED,WORD_ONLY,SAME_FIELD_TRUSTED_READS_ONLY
DE5 [1-11.2],52,56,FAILED,1789467945964,1789467945964,0,0,0,0,0,1,32,VERIFIED,WORD_ONLY,SAME_FIELD_TRUSTED_READS_ONLY
DE5 [1-11.2],53,54,START,1789467947241,1789467947242,00002F080000CC76,0000CC76,00002F08,52342,12040,1,32,VERIFIED,WORD_ONLY,SAME_FIELD_TRUSTED_READS_ONLY
DE5 [1-11.2],53,55,COMPLETED,1789467947242,1789467947242,00002F080000CC75,0000CC75,00002F08,52341,12040,1,32,VERIFIED,WORD_ONLY,SAME_FIELD_TRUSTED_READS_ONLY
DE5 [1-11.2],53,56,FAILED,1789467947242,1789467947242,0,0,0,0,0,1,32,VERIFIED,WORD_ONLY,SAME_FIELD_TRUSTED_READS_ONLY
DE5 [1-11.2],54,54,START,1789467948571,1789467948571,00002FD50000CFB7,0000CFB7,00002FD5,53175,12245,1,32,VERIFIED,WORD_ONLY,SAME_FIELD_TRUSTED_READS_ONLY
DE5 [1-11.2],54,55,COMPLETED,1789467948571,1789467948572,00002FD40000CFB7,0000CFB7,00002FD4,53175,12244,1,32,VERIFIED,WORD_ONLY,SAME_FIELD_TRUSTED_READS_ONLY
DE5 [1-11.2],54,56,FAILED,1789467948572,1789467948572,0,0,0,0,0,1,32,VERIFIED,WORD_ONLY,SAME_FIELD_TRUSTED_READS_ONLY
DE5 [1-11.2],55,54,START,1789467949886,1789467949887,000030500000D35E,0000D35E,3050,54110,12368,1,32,VERIFIED,WORD_ONLY,SAME_FIELD_TRUSTED_READS_ONLY
DE5 [1-11.2],55,55,COMPLETED,1789467949887,1789467949887,000030500000D35D,0000D35D,3050,54109,12368,1,32,VERIFIED,WORD_ONLY,SAME_FIELD_TRUSTED_READS_ONLY
DE5 [1-11.2],55,56,FAILED,1789467949887,1789467949887,0,0,0,0,0,1,32,VERIFIED,WORD_ONLY,SAME_FIELD_TRUSTED_READS_ONLY
DE5 [1-11.2],56,54,START,1789467951174,1789467951175,000031030000D6B9,0000D6B9,3103,54969,12547,1,32,VERIFIED,WORD_ONLY,SAME_FIELD_TRUSTED_READS_ONLY
DE5 [1-11.2],56,55,COMPLETED,1789467951175,1789467951175,000031030000D6B8,0000D6B8,3103,54968,12547,1,32,VERIFIED,WORD_ONLY,SAME_FIELD_TRUSTED_READS_ONLY
DE5 [1-11.2],56,56,FAILED,1789467951175,1789467951175,0,0,0,0,0,1,32,VERIFIED,WORD_ONLY,SAME_FIELD_TRUSTED_READS_ONLY
DE5 [1-11.2],57,54,START,1789467952563,1789467952563,000031950000DA82,0000DA82,3195,55938,12693,1,32,VERIFIED,WORD_ONLY,SAME_FIELD_TRUSTED_READS_ONLY
DE5 [1-11.2],57,55,COMPLETED,1789467952563,1789467952563,000031950000DA81,0000DA81,3195,55937,12693,1,32,VERIFIED,WORD_ONLY,SAME_FIELD_TRUSTED_READS_ONLY
DE5 [1-11.2],57,56,FAILED,1789467952564,1789467952564,0,0,0,0,0,1,32,VERIFIED,WORD_ONLY,SAME_FIELD_TRUSTED_READS_ONLY
DE5 [1-11.2],58,54,START,1789467953852,1789467953852,0000321B0000DDEA,0000DDEA,0000321B,56810,12827,1,32,VERIFIED,WORD_ONLY,SAME_FIELD_TRUSTED_READS_ONLY
DE5 [1-11.2],58,55,COMPLETED,1789467953852,1789467953853,0000321A0000DDEA,0000DDEA,0000321A,56810,12826,1,32,VERIFIED,WORD_ONLY,SAME_FIELD_TRUSTED_READS_ONLY
DE5 [1-11.2],58,56,FAILED,1789467953853,1789467953853,0,0,0,0,0,1,32,VERIFIED,WORD_ONLY,SAME_FIELD_TRUSTED_READS_ONLY
DE5 [1-11.2],59,54,START,1789467955182,1789467955183,000032D60000E15B,0000E15B,000032D6,57691,13014,1,32,VERIFIED,WORD_ONLY,SAME_FIELD_TRUSTED_READS_ONLY
DE5 [1-11.2],59,55,COMPLETED,1789467955183,1789467955183,000032D60000E15B,0000E15B,000032D6,57691,13014,1,32,VERIFIED,WORD_ONLY,SAME_FIELD_TRUSTED_READS_ONLY
DE5 [1-11.2],59,56,FAILED,1789467955183,1789467955183,0,0,0,0,0,1,32,VERIFIED,WORD_ONLY,SAME_FIELD_TRUSTED_READS_ONLY
DE5 [1-11.2],60,54,START,1789467956463,1789467956463,000033620000E4D8,0000E4D8,3362,58584,13154,1,32,VERIFIED,WORD_ONLY,SAME_FIELD_TRUSTED_READS_ONLY
DE5 [1-11.2],60,55,COMPLETED,1789467956463,1789467956463,000033620000E4D8,0000E4D8,3362,58584,13154,1,32,VERIFIED,WORD_ONLY,SAME_FIELD_TRUSTED_READS_ONLY
DE5 [1-11.2],60,56,FAILED,1789467956463,1789467956464,0,0,0,0,0,1,32,VERIFIED,WORD_ONLY,SAME_FIELD_TRUSTED_READS_ONLY
DE5 [1-11.2],61,54,START,1789467957799,1789467957799,000033B60000E8BA,0000E8BA,000033B6,59578,13238,1,32,VERIFIED,WORD_ONLY,SAME_FIELD_TRUSTED_READS_ONLY
DE5 [1-11.2],61,55,COMPLETED,1789467957799,1789467957800,000033B60000E8B9,0000E8B9,000033B6,59577,13238,1,32,VERIFIED,WORD_ONLY,SAME_FIELD_TRUSTED_READS_ONLY
DE5 [1-11.2],61,56,FAILED,1789467957800,1789467957800,0,0,0,0,0,1,32,VERIFIED,WORD_ONLY,SAME_FIELD_TRUSTED_READS_ONLY
DE5 [1-11.2],62,54,START,1789467959105,1789467959105,000034210000EC6C,0000EC6C,3421,60524,13345,1,32,VERIFIED,WORD_ONLY,SAME_FIELD_TRUSTED_READS_ONLY
DE5 [1-11.2],62,55,COMPLETED,1789467959105,1789467959106,000034210000EC6C,0000EC6C,3421,60524,13345,1,32,VERIFIED,WORD_ONLY,SAME_FIELD_TRUSTED_READS_ONLY
DE5 [1-11.2],62,56,FAILED,1789467959106,1789467959106,0,0,0,0,0,1,32,VERIFIED,WORD_ONLY,SAME_FIELD_TRUSTED_READS_ONLY
DE5 [1-11.2],63,54,START,1789467960376,1789467960376,0000346A0000F025,0000F025,0000346A,61477,13418,1,32,VERIFIED,WORD_ONLY,SAME_FIELD_TRUSTED_READS_ONLY
DE5 [1-11.2],63,55,COMPLETED,1789467960376,1789467960377,0000346A0000F024,0000F024,0000346A,61476,13418,1,32,VERIFIED,WORD_ONLY,SAME_FIELD_TRUSTED_READS_ONLY
DE5 [1-11.2],63,56,FAILED,1789467960377,1789467960377,0,0,0,0,0,1,32,VERIFIED,WORD_ONLY,SAME_FIELD_TRUSTED_READS_ONLY
DE5 [1-11.2],64,54,START,1789467961671,1789467961671,0000352D0000F364,0000F364,0000352D,62308,13613,1,32,VERIFIED,WORD_ONLY,SAME_FIELD_TRUSTED_READS_ONLY
DE5 [1-11.2],64,55,COMPLETED,1789467961671,1789467961671,0000352D0000F363,0000F363,0000352D,62307,13613,1,32,VERIFIED,WORD_ONLY,SAME_FIELD_TRUSTED_READS_ONLY
DE5 [1-11.2],64,56,FAILED,1789467961671,1789467961671,0,0,0,0,0,1,32,VERIFIED,WORD_ONLY,SAME_FIELD_TRUSTED_READS_ONLY
DE5 [1-11.2],65,54,START,1789467962955,1789467962956,000035860000F716,0000F716,3586,63254,13702,1,32,VERIFIED,WORD_ONLY,SAME_FIELD_TRUSTED_READS_ONLY
DE5 [1-11.2],65,55,COMPLETED,1789467962956,1789467962956,000035860000F716,0000F716,3586,63254,13702,1,32,VERIFIED,WORD_ONLY,SAME_FIELD_TRUSTED_READS_ONLY
DE5 [1-11.2],65,56,FAILED,1789467962956,1789467962956,0,0,0,0,0,1,32,VERIFIED,WORD_ONLY,SAME_FIELD_TRUSTED_READS_ONLY
DE5 [1-11.2],66,54,START,1789467964283,1789467964283,000036330000FA9A,0000FA9A,3633,64154,13875,1,32,VERIFIED,WORD_ONLY,SAME_FIELD_TRUSTED_READS_ONLY
DE5 [1-11.2],66,55,COMPLETED,1789467964283,1789467964283,000036330000FA99,0000FA99,3633,64153,13875,1,32,VERIFIED,WORD_ONLY,SAME_FIELD_TRUSTED_READS_ONLY
DE5 [1-11.2],66,56,FAILED,1789467964283,1789467964284,0,0,0,0,0,1,32,VERIFIED,WORD_ONLY,SAME_FIELD_TRUSTED_READS_ONLY
DE5 [1-11.2],67,54,START,1789467965570,1789467965570,000036E60000FDD8,0000FDD8,36000000.0,64984,14054,1,32,VERIFIED,WORD_ONLY,SAME_FIELD_TRUSTED_READS_ONLY
DE5 [1-11.2],67,55,COMPLETED,1789467965570,1789467965570,000036E60000FDD7,0000FDD7,36000000.0,64983,14054,1,32,VERIFIED,WORD_ONLY,SAME_FIELD_TRUSTED_READS_ONLY
DE5 [1-11.2],67,56,FAILED,1789467965570,1789467965571,0,0,0,0,0,1,32,VERIFIED,WORD_ONLY,SAME_FIELD_TRUSTED_READS_ONLY
DE5 [1-11.2],68,54,START,1789467966875,1789467966875,376300010179,10179,3763,65913,14179,1,32,VERIFIED,WORD_ONLY,SAME_FIELD_TRUSTED_READS_ONLY
DE5 [1-11.2],68,55,COMPLETED,1789467966875,1789467966875,376300010178,10178,3763,65912,14179,1,32,VERIFIED,WORD_ONLY,SAME_FIELD_TRUSTED_READS_ONLY
DE5 [1-11.2],68,56,FAILED,1789467966875,1789467966876,0,0,0,0,0,1,32,VERIFIED,WORD_ONLY,SAME_FIELD_TRUSTED_READS_ONLY
DE5 [1-11.2],69,54,START,1789467968185,1789467968185,000037EA00010514,10514,000037EA,66836,14314,1,32,VERIFIED,WORD_ONLY,SAME_FIELD_TRUSTED_READS_ONLY
DE5 [1-11.2],69,55,COMPLETED,1789467968185,1789467968185,inf,10514,37000000000.0,66836,14313,1,32,VERIFIED,WORD_ONLY,SAME_FIELD_TRUSTED_READS_ONLY
DE5 [1-11.2],69,56,FAILED,1789467968186,1789467968186,0,0,0,0,0,1,32,VERIFIED,WORD_ONLY,SAME_FIELD_TRUSTED_READS_ONLY
DE5 [1-11.2],70,54,START,1789467969462,1789467969463,00003836000108CB,000108CB,3836,67787,14390,1,32,VERIFIED,WORD_ONLY,SAME_FIELD_TRUSTED_READS_ONLY
DE5 [1-11.2],70,55,COMPLETED,1789467969463,1789467969463,00003836000108CB,000108CB,3836,67787,14390,1,32,VERIFIED,WORD_ONLY,SAME_FIELD_TRUSTED_READS_ONLY
DE5 [1-11.2],70,56,FAILED,1789467969463,1789467969463,0,0,0,0,0,1,32,VERIFIED,WORD_ONLY,SAME_FIELD_TRUSTED_READS_ONLY
DE5 [1-11.2],71,54,START,1789467970746,1789467970746,0000389B00010C4F,00010C4F,0000389B,68687,14491,1,32,VERIFIED,WORD_ONLY,SAME_FIELD_TRUSTED_READS_ONLY
DE5 [1-11.2],71,55,COMPLETED,1789467970746,1789467970747,0000389B00010C4E,00010C4E,0000389B,68686,14491,1,32,VERIFIED,WORD_ONLY,SAME_FIELD_TRUSTED_READS_ONLY
DE5 [1-11.2],71,56,FAILED,1789467970747,1789467970747,0,0,0,0,0,1,32,VERIFIED,WORD_ONLY,SAME_FIELD_TRUSTED_READS_ONLY
DE5 [1-11.2],72,54,START,1789467972053,1789467972054,0000394600010FC4,00010FC4,3946,69572,14662,1,32,VERIFIED,WORD_ONLY,SAME_FIELD_TRUSTED_READS_ONLY
DE5 [1-11.2],72,55,COMPLETED,1789467972054,1789467972054,0000394600010FC3,00010FC3,3946,69571,14662,1,32,VERIFIED,WORD_ONLY,SAME_FIELD_TRUSTED_READS_ONLY
DE5 [1-11.2],72,56,FAILED,1789467972054,1789467972054,0,0,0,0,0,1,32,VERIFIED,WORD_ONLY,SAME_FIELD_TRUSTED_READS_ONLY
DE5 [1-11.2],73,54,START,1789467973367,1789467973367,00003979000113B3,000113B3,3979,70579,14713,1,32,VERIFIED,WORD_ONLY,SAME_FIELD_TRUSTED_READS_ONLY
DE5 [1-11.2],73,55,COMPLETED,1789467973367,1789467973367,00003979000113B2,000113B2,3979,70578,14713,1,32,VERIFIED,WORD_ONLY,SAME_FIELD_TRUSTED_READS_ONLY
DE5 [1-11.2],73,56,FAILED,1789467973367,1789467973368,0,0,0,0,0,1,32,VERIFIED,WORD_ONLY,SAME_FIELD_TRUSTED_READS_ONLY
DE5 [1-11.2],74,54,START,1789467974709,1789467974709,000039C70001179B,0001179B,000039C7,71579,14791,1,32,VERIFIED,WORD_ONLY,SAME_FIELD_TRUSTED_READS_ONLY
DE5 [1-11.2],74,55,COMPLETED,1789467974709,1789467974710,000039C70001179B,0001179B,000039C7,71579,14791,1,32,VERIFIED,WORD_ONLY,SAME_FIELD_TRUSTED_READS_ONLY
DE5 [1-11.2],74,56,FAILED,1789467974710,1789467974710,0,0,0,0,0,1,32,VERIFIED,WORD_ONLY,SAME_FIELD_TRUSTED_READS_ONLY
DE5 [1-11.2],75,54,START,1789467975982,1789467975982,00003A3300011B30,00011B30,00003A33,72496,14899,1,32,VERIFIED,WORD_ONLY,SAME_FIELD_TRUSTED_READS_ONLY
DE5 [1-11.2],75,55,COMPLETED,1789467975982,1789467975983,00003A3300011B30,00011B30,00003A33,72496,14899,1,32,VERIFIED,WORD_ONLY,SAME_FIELD_TRUSTED_READS_ONLY
DE5 [1-11.2],75,56,FAILED,1789467975983,1789467975983,0,0,0,0,0,1,32,VERIFIED,WORD_ONLY,SAME_FIELD_TRUSTED_READS_ONLY
DE5 [1-11.2],76,54,START,1789467977353,1789467977353,00003AC300011EF6,00011EF6,00003AC3,73462,15043,1,32,VERIFIED,WORD_ONLY,SAME_FIELD_TRUSTED_READS_ONLY
DE5 [1-11.2],76,55,COMPLETED,1789467977353,1789467977353,00003AC300011EF5,00011EF5,00003AC3,73461,15043,1,32,VERIFIED,WORD_ONLY,SAME_FIELD_TRUSTED_READS_ONLY
DE5 [1-11.2],76,56,FAILED,1789467977353,1789467977354,0,0,0,0,0,1,32,VERIFIED,WORD_ONLY,SAME_FIELD_TRUSTED_READS_ONLY
DE5 [1-11.2],77,54,START,1789467978695,1789467978695,00003B5400012259,12259,00003B54,74329,15188,1,32,VERIFIED,WORD_ONLY,SAME_FIELD_TRUSTED_READS_ONLY
DE5 [1-11.2],77,55,COMPLETED,1789467978695,1789467978695,00003B5400012259,12259,00003B54,74329,15188,1,32,VERIFIED,WORD_ONLY,SAME_FIELD_TRUSTED_READS_ONLY
DE5 [1-11.2],77,56,FAILED,1789467978695,1789467978696,0,0,0,0,0,1,32,VERIFIED,WORD_ONLY,SAME_FIELD_TRUSTED_READS_ONLY
DE5 [1-11.2],78,54,START,1789467980227,1789467980227,00003BD6000126A9,000126A9,00003BD6,75433,15318,1,32,VERIFIED,WORD_ONLY,SAME_FIELD_TRUSTED_READS_ONLY
DE5 [1-11.2],78,55,COMPLETED,1789467980227,1789467980227,00003BD6000126A8,000126A8,00003BD6,75432,15318,1,32,VERIFIED,WORD_ONLY,SAME_FIELD_TRUSTED_READS_ONLY
DE5 [1-11.2],78,56,FAILED,1789467980227,1789467980228,0,0,0,0,0,1,32,VERIFIED,WORD_ONLY,SAME_FIELD_TRUSTED_READS_ONLY
DE5 [1-11.2],79,54,START,1789467981468,1789467981468,00003C6C000129FA,000129FA,00003C6C,76282,15468,1,32,VERIFIED,WORD_ONLY,SAME_FIELD_TRUSTED_READS_ONLY
DE5 [1-11.2],79,55,COMPLETED,1789467981468,1789467981469,00003C6C000129F9,000129F9,00003C6C,76281,15468,1,32,VERIFIED,WORD_ONLY,SAME_FIELD_TRUSTED_READS_ONLY
DE5 [1-11.2],79,56,FAILED,1789467981469,1789467981469,0,0,0,0,0,1,32,VERIFIED,WORD_ONLY,SAME_FIELD_TRUSTED_READS_ONLY
DE5 [1-11.2],80,54,START,1789467982776,1789467982777,00003CF200012D71,00012D71,00003CF2,77169,15602,1,32,VERIFIED,WORD_ONLY,SAME_FIELD_TRUSTED_READS_ONLY
DE5 [1-11.2],80,55,COMPLETED,1789467982777,1789467982777,00003CF200012D70,00012D70,00003CF2,77168,15602,1,32,VERIFIED,WORD_ONLY,SAME_FIELD_TRUSTED_READS_ONLY
DE5 [1-11.2],80,56,FAILED,1789467982777,1789467982777,0,0,0,0,0,1,32,VERIFIED,WORD_ONLY,SAME_FIELD_TRUSTED_READS_ONLY
DE5 [1-11.2],81,54,START,1789467984083,1789467984083,00003D580001311B,0001311B,00003D58,78107,15704,1,32,VERIFIED,WORD_ONLY,SAME_FIELD_TRUSTED_READS_ONLY
DE5 [1-11.2],81,55,COMPLETED,1789467984083,1789467984083,00003D580001311A,0001311A,00003D58,78106,15704,1,32,VERIFIED,WORD_ONLY,SAME_FIELD_TRUSTED_READS_ONLY
DE5 [1-11.2],81,56,FAILED,1789467984083,1789467984084,0,0,0,0,0,1,32,VERIFIED,WORD_ONLY,SAME_FIELD_TRUSTED_READS_ONLY
DE5 [1-11.2],82,54,START,1789467985373,1789467985373,00003DE20001349E,0001349E,00003DE2,79006,15842,1,32,VERIFIED,WORD_ONLY,SAME_FIELD_TRUSTED_READS_ONLY
DE5 [1-11.2],82,55,COMPLETED,1789467985373,1789467985373,00003DE20001349D,0001349D,00003DE2,79005,15842,1,32,VERIFIED,WORD_ONLY,SAME_FIELD_TRUSTED_READS_ONLY
DE5 [1-11.2],82,56,FAILED,1789467985373,1789467985374,0,0,0,0,0,1,32,VERIFIED,WORD_ONLY,SAME_FIELD_TRUSTED_READS_ONLY
DE5 [1-11.2],83,54,START,1789467986703,1789467986704,00003E740001383B,0001383B,3e+74,79931,15988,1,32,VERIFIED,WORD_ONLY,SAME_FIELD_TRUSTED_READS_ONLY
DE5 [1-11.2],83,55,COMPLETED,1789467986704,1789467986704,00003E740001383B,0001383B,3e+74,79931,15988,1,32,VERIFIED,WORD_ONLY,SAME_FIELD_TRUSTED_READS_ONLY
DE5 [1-11.2],83,56,FAILED,1789467986704,1789467986704,0,0,0,0,0,1,32,VERIFIED,WORD_ONLY,SAME_FIELD_TRUSTED_READS_ONLY
DE5 [1-11.2],84,54,START,1789467987966,1789467987966,00003F0900013BA4,00013BA4,00003F09,80804,16137,1,32,VERIFIED,WORD_ONLY,SAME_FIELD_TRUSTED_READS_ONLY
DE5 [1-11.2],84,55,COMPLETED,1789467987966,1789467987966,00003F0900013BA3,00013BA3,00003F09,80803,16137,1,32,VERIFIED,WORD_ONLY,SAME_FIELD_TRUSTED_READS_ONLY
DE5 [1-11.2],84,56,FAILED,1789467987966,1789467987967,0,0,0,0,0,1,32,VERIFIED,WORD_ONLY,SAME_FIELD_TRUSTED_READS_ONLY
DE5 [1-11.2],85,54,START,1789467989302,1789467989302,00003F9D00013F1D,00013F1D,00003F9D,81693,16285,1,32,VERIFIED,WORD_ONLY,SAME_FIELD_TRUSTED_READS_ONLY
DE5 [1-11.2],85,55,COMPLETED,1789467989302,1789467989302,00003F9D00013F1D,00013F1D,00003F9D,81693,16285,1,32,VERIFIED,WORD_ONLY,SAME_FIELD_TRUSTED_READS_ONLY
DE5 [1-11.2],85,56,FAILED,1789467989302,1789467989302,0,0,0,0,0,1,32,VERIFIED,WORD_ONLY,SAME_FIELD_TRUSTED_READS_ONLY
DE5 [1-11.2],86,54,START,1789467990663,1789467990664,400100014304,14304,4001,82692,16385,1,32,VERIFIED,WORD_ONLY,SAME_FIELD_TRUSTED_READS_ONLY
DE5 [1-11.2],86,55,COMPLETED,1789467990664,1789467990664,400100014304,14304,4001,82692,16385,1,32,VERIFIED,WORD_ONLY,SAME_FIELD_TRUSTED_READS_ONLY
DE5 [1-11.2],86,56,FAILED,1789467990664,1789467990664,0,0,0,0,0,1,32,VERIFIED,WORD_ONLY,SAME_FIELD_TRUSTED_READS_ONLY
DE5 [1-11.2],87,54,START,1789467991986,1789467991987,000040890001468E,0001468E,4089,83598,16521,1,32,VERIFIED,WORD_ONLY,SAME_FIELD_TRUSTED_READS_ONLY
DE5 [1-11.2],87,55,COMPLETED,1789467991987,1789467991987,000040890001468D,0001468D,4089,83597,16521,1,32,VERIFIED,WORD_ONLY,SAME_FIELD_TRUSTED_READS_ONLY
DE5 [1-11.2],87,56,FAILED,1789467991987,1789467991987,0,0,0,0,0,1,32,VERIFIED,WORD_ONLY,SAME_FIELD_TRUSTED_READS_ONLY
DE5 [1-11.2],88,54,START,1789467993260,1789467993260,000040D700014A44,00014A44,000040D7,84548,16599,1,32,VERIFIED,WORD_ONLY,SAME_FIELD_TRUSTED_READS_ONLY
DE5 [1-11.2],88,55,COMPLETED,1789467993260,1789467993260,000040D700014A43,00014A43,000040D7,84547,16599,1,32,VERIFIED,WORD_ONLY,SAME_FIELD_TRUSTED_READS_ONLY
DE5 [1-11.2],88,56,FAILED,1789467993260,1789467993261,0,0,0,0,0,1,32,VERIFIED,WORD_ONLY,SAME_FIELD_TRUSTED_READS_ONLY
DE5 [1-11.2],89,54,START,1789467994567,1789467994567,0000415D00014DDC,00014DDC,0000415D,85468,16733,1,32,VERIFIED,WORD_ONLY,SAME_FIELD_TRUSTED_READS_ONLY
DE5 [1-11.2],89,55,COMPLETED,1789467994567,1789467994567,0000415D00014DDB,00014DDB,0000415D,85467,16733,1,32,VERIFIED,WORD_ONLY,SAME_FIELD_TRUSTED_READS_ONLY
DE5 [1-11.2],89,56,FAILED,1789467994568,1789467994568,0,0,0,0,0,1,32,VERIFIED,WORD_ONLY,SAME_FIELD_TRUSTED_READS_ONLY
DE5 [1-11.2],90,54,START,1789467995838,1789467995838,000041C800015171,15171,000041C8,86385,16840,1,32,VERIFIED,WORD_ONLY,SAME_FIELD_TRUSTED_READS_ONLY
DE5 [1-11.2],90,55,COMPLETED,1789467995838,1789467995839,000041C800015171,15171,000041C8,86385,16840,1,32,VERIFIED,WORD_ONLY,SAME_FIELD_TRUSTED_READS_ONLY
DE5 [1-11.2],90,56,FAILED,1789467995839,1789467995839,0,0,0,0,0,1,32,VERIFIED,WORD_ONLY,SAME_FIELD_TRUSTED_READS_ONLY
DE5 [1-11.2],91,54,START,1789467997176,1789467997176,424700015526,15526,4247,87334,16967,1,32,VERIFIED,WORD_ONLY,SAME_FIELD_TRUSTED_READS_ONLY
DE5 [1-11.2],91,55,COMPLETED,1789467997176,1789467997177,424700015525,15525,4247,87333,16967,1,32,VERIFIED,WORD_ONLY,SAME_FIELD_TRUSTED_READS_ONLY
DE5 [1-11.2],91,56,FAILED,1789467997177,1789467997177,0,0,0,0,0,1,32,VERIFIED,WORD_ONLY,SAME_FIELD_TRUSTED_READS_ONLY
DE5 [1-11.2],92,54,START,1789467998459,1789467998460,000042A7000158CF,000158CF,000042A7,88271,17063,1,32,VERIFIED,WORD_ONLY,SAME_FIELD_TRUSTED_READS_ONLY
DE5 [1-11.2],92,55,COMPLETED,1789467998460,1789467998460,000042A7000158CE,000158CE,000042A7,88270,17063,1,32,VERIFIED,WORD_ONLY,SAME_FIELD_TRUSTED_READS_ONLY
DE5 [1-11.2],92,56,FAILED,1789467998460,1789467998460,0,0,0,0,0,1,32,VERIFIED,WORD_ONLY,SAME_FIELD_TRUSTED_READS_ONLY
