source_path	bytes	sha256	git_blob	classification	retained_or_matching_path	tar_files	tar_files_content_matched	checksum_sidecar
artifacts/EXP-S5-F1-HELPER-PI-RETUNE-KP4500-KI8-20260914-raw-transfer.tgz	20189	9f01fcfd133f5f094c2000e01c8eed95f0892acff354293baa13fb7c19f0eae0	f651c143ac361a707bda2f43da39a9ced9db21bb	archive-contents-already-present	experiments/legacy/exp-step5-softpll-lock/EXP-S5-F1-HELPER-PI-RETUNE-KP4500-KI8-20260914	15	15
artifacts/EXP-S5-F1A2-HELPER-PI-KP2250-KI2-20260914-raw-transfer.tgz	420039	9024e3df072481c5413cad5723256015f548653a3f42a37dd06e736603a0a67a	90738ef584b902d0ca419e00841859508ec00a77	archive-contents-already-present	experiments/legacy/exp-step5-softpll-lock/EXP-S5-F1A2-HELPER-PI-KP2250-KI2-20260914	17	17
artifacts/EXP-S5-F2-BOOTSTRAP-3860-KP2250-KI2-20260914-raw-transfer.tgz	15488	35f7fbdeb11d6ee3ac4e8c60aee666a11d460a8cd2b444b7d0e753b33aa649d2	8def428f16e207c4c0d27b3a4b60d23824b7db43	archive-contents-already-present	experiments/legacy/exp-step5-softpll-lock/EXP-S5-F2-BOOTSTRAP-3860-KP2250-KI2-20260914	16	16
artifacts/EXP-S5-F2B-BOOTSTRAP-3216-KP2250-KI2-20260915-raw-transfer.tgz	16359	4215c06411397a4d89f1f51596f8e8c05189038be35a5bb9499425f8ff8c4479	df0b716fe5f1648df01ceec9502bebfc06a8ece1	archive-contents-already-present	experiments/legacy/exp-step5-softpll-lock/EXP-S5-F2B-BOOTSTRAP-3216-KP2250-KI2-20260915	28	28
artifacts/EXP-S5-F3A-GUARD8S-BOOTSTRAP3388-KP2250-KI2-20260915-raw-transfer.tgz	410723	8855eb388518bfc3a0ad6854fe67a5abc92a866144117cf8a203dd65aee04e52	58c2aa43fddbe438f07b359be0a7d7b4467b0eb6	archive-contents-already-present	experiments/legacy/exp-step5-softpll-lock/EXP-S5-F3A-GUARD8S-BOOTSTRAP3388-KP2250-KI2-20260915	30	30
artifacts/EXP-S5-HPLL-DEMAND-MAIN-PROGRESS-CORRELATION-20260914.tgz	17633	e00be1a1078612885ec1420ca2089517ee5a2f6963480f315be8e50476a9bde0	a109ecb9545f3d14221fa551c6a05ba1298719a7	archive-contents-already-present	experiments/legacy/exp-step5-softpll-lock/EXP-S5-HPLL-DEMAND-MAIN-PROGRESS-CORRELATION-20260914	16	16
artifacts/EXP-S5-L2-TELEMETRY-CONTRACT-EDGE-AND-MASTER-WIRING-20260914-raw-transfer.tgz	33340	c8318a51f2f72f601eab4e09abbc1560370664ec3ee15beb863a7f6dbbf974b2	7e5bb3ad2948f73fac7bc39c8e832c896a48ab70	archive-contents-already-present	experiments/legacy/exp-step5-softpll-lock/EXP-S5-L2-TELEMETRY-CONTRACT-EDGE-AND-MASTER-WIRING-20260914	11	11
artifacts/EXP-S5-MASTER-WR-DEADLINE-60000-20260914-raw-transfer.tgz	33100	af5fa1b2ef39e2912790e9a87218b206b3cb57c2c4f4504505d65cce000fd034	ef351bc2ebe8e9ad7901c1bda93931092bf325bc	archive-contents-already-present	experiments/legacy/exp-step5-softpll-lock/EXP-S5-MASTER-WR-DEADLINE-60000-20260914	7	7
artifacts/EXP-S5-N2-STARTUP-WR-DEADLINE-PLL-20260914-raw-transfer.tgz	257282	cf0635cbe6d0f9ae9e88cd076d433d111b05caede23df3d43e2c8a828e2252e5	c23eff3484439e8b61daa436341f39a7ef86ecec	archive-contents-already-present	experiments/legacy/exp-step5-softpll-lock/EXP-S5-N2-STARTUP-WR-DEADLINE-PLL-20260914	29	29
artifacts/EXP-S5-RX2SYS-FIRST-STAGE-GC-SYNC-FFS-CONSTRAINT-FIX-20260920-raw.tgz	971330	10d0e77cab1df880e528428a36642a3c7afc82df181735511e9d8b3cfa5b5731	effed59a49866b083382bcb4e344adcb2639151d	archive-contents-already-present	experiments/legacy/exp-step5-softpll-lock/EXP-S5-RX2SYS-FIRST-STAGE-GC-SYNC-FFS-CONSTRAINT-FIX-20260920	86	86
artifacts/EXP-S5-SLOCK-POLL-CALIB-CAUSE-AUDIT-20260914-raw-transfer.tgz	102858	e4b87e44f39fe60ae0e90fee89c01298d37548ee7a39545a37184c56b6f5f229	4a0931422e7709427b9e34a7a7186b617e082bf5	archive-contents-already-present	experiments/legacy/exp-step5-softpll-lock/EXP-S5-SLOCK-POLL-CALIB-CAUSE-AUDIT-20260914	10	10
artifacts/EXP-WRPC-STEP5-HELPER-PHASE-GUARD-60S-1664-20260909-raw-transfer.tgz	366224	2fc1556ad3f355386148827b118c2628b2c5b6f3d2cbc72032ed3cce9cb27a68	25bfde6444230a27981b3ba87107e5941cbb3eee	archive-contents-already-present	experiments/legacy/exp-step5-softpll-lock/EXP-WRPC-STEP5-HELPER-PHASE-GUARD-60S-1664-20260909	15	15	present
artifacts/EXP-WRPC-STEP5-HELPER-PHASE-GUARD-60S-1664-20260909-raw-transfer.tgz.sha256	145	8455558be77b66b0c67e5fffca6b656810885d7e5991ad274143b1e1a718656b	c59ee08499ebcfe7c2d67ea5313f24ae2b39fe17	valid-sidecar-for-transfer-archive	sidecar verifies artifacts/EXP-WRPC-STEP5-HELPER-PHASE-GUARD-60S-1664-20260909-raw-transfer.tgz
artifacts/EXP-WRPC-STEP5-HELPER-PHASE-GUARD-60S-3072-20260909-raw-transfer.tgz	320348	76f851b46bf89ad0b3999660e87f1206c0a84ef111113c5e3740cbf07d5c868a	66d3b46808d596faa07eb276c99c8bfd683a166a	archive-contents-already-present	experiments/legacy/exp-step5-softpll-lock/EXP-WRPC-STEP5-HELPER-PHASE-GUARD-60S-3072-20260909	15	15	present
artifacts/EXP-WRPC-STEP5-HELPER-PHASE-GUARD-60S-3072-20260909-raw-transfer.tgz.sha256	145	42e2ce9cb787b1e69daf06412e95c83ee28a9596672695f036b5369667b3aada	2ff7955127973cac1dbbea56ffe6913876fc3871	valid-sidecar-for-transfer-archive	sidecar verifies artifacts/EXP-WRPC-STEP5-HELPER-PHASE-GUARD-60S-3072-20260909-raw-transfer.tgz
artifacts/EXP-WRPC-STEP5-HELPER-PI-LOCKSAMPLES1000-CODESTEP64-COOLDOWN0-3360-KP-MINUS150-THRESHOLD1200-20260909-raw-transfer.tgz	94235	e73a21643993c7131ce05b7722c13002d3ce65aad7655b0672001350e2b5d8bb	ebb5c0a361176af53236a1b609445d7068b1dde6	archive-contents-already-present	experiments/legacy/exp-step5-softpll-lock/EXP-WRPC-STEP5-HELPER-PI-LOCKSAMPLES1000-CODESTEP64-COOLDOWN0-3360-KP-MINUS150-THRESHOLD1200-20260909	9	9
artifacts/EXP-WRPC-STEP5-HELPER-PI-LOCKSAMPLES1000-CODESTEP64-COOLDOWN0-3360-KP-MINUS150-THRESHOLD2000-20260909-raw-transfer.tgz	95767	4727dcf2d4c8e9ae5651577f35439158f1da246bb54e5ebcc4b06ad7de44e946	dc7238678115f1c2fa614903c496ca3b42f58e8c	archive-contents-already-present	experiments/legacy/exp-step5-softpll-lock/EXP-WRPC-STEP5-HELPER-PI-LOCKSAMPLES1000-CODESTEP64-COOLDOWN0-3360-KP-MINUS150-THRESHOLD2000-20260909	10	10
artifacts/EXP-WRPC-STEP5-HPLL-6208-64-COHERENT-CLOSED-LOOP-TRAJECTORY-AUDIT/raw-20260830-coherent-closed-loop-1800samples-final.txt	1369657	b9fc9f5351d6033fdee02b32df137d0e3165042f456b5a1323bdc2a5ffe2a358	6bb0b4c56011128c55e9dd74623d5534187ad844	unique-file-to-preserve	experiments/legacy/exp-step5-softpll-lock/raw/EXP-WRPC-STEP5-HPLL-6208-64-COHERENT-CLOSED-LOOP-TRAJECTORY-AUDIT/artifact-import/raw-20260830-coherent-closed-loop-1800samples-final.txt
artifacts/EXP-WRPC-STEP5-HPLL-6208-64-COHERENT-CLOSED-LOOP-TRAJECTORY-AUDIT/raw-20260830-settled-dashboard-after-trajectory.txt	21383	aa9be7e5e7d027d6f10938fec48915f56e3a985a55e196805d627c460d011294	a00d978e575516430f512dd104360b803068ad94	unique-file-to-preserve	experiments/legacy/exp-step5-softpll-lock/raw/EXP-WRPC-STEP5-HPLL-6208-64-COHERENT-CLOSED-LOOP-TRAJECTORY-AUDIT/artifact-import/raw-20260830-settled-dashboard-after-trajectory.txt
artifacts/EXP-WRPC-STEP5-HPLL-6208-64-SPLL-REINIT-CAUSALITY-AUDIT/raw-20260830/reinit-causality-slave-1800samples-final-valid.log	1477854	cd27e8a3aac6e42ee076c94ae5dfca313b9232fbb7cb1859764031abbf78a26d	5018a5ba3b8708d04cb6b97facdbc20485414ce1	unique-file-to-preserve	experiments/legacy/exp-step5-softpll-lock/raw/EXP-WRPC-STEP5-HPLL-6208-64-SPLL-REINIT-CAUSALITY-AUDIT/artifact-import/raw-20260830/reinit-causality-slave-1800samples-final-valid.log
artifacts/EXP-WRPC-STEP5-HPLL-6208-64-WRPC-LOCKING-ENABLE-IDEMPOTENT-GUARD/build_info_jtag_master.txt	951	16f851cd4932a4f99cbf19e71e859b17319fda697107e9f3ccf266d36b4c5daa	bf718ba956277ac68f5deeca0876aeaacc6d1e09	unique-file-to-preserve	experiments/legacy/exp-step5-softpll-lock/raw/EXP-WRPC-STEP5-HPLL-6208-64-WRPC-LOCKING-ENABLE-IDEMPOTENT-GUARD/artifact-import/build_info_jtag_master.txt
artifacts/EXP-WRPC-STEP5-HPLL-6208-64-WRPC-LOCKING-ENABLE-IDEMPOTENT-GUARD/build_info_jtag_slave.txt	950	00adf66bc4690f0e3e306b970eeee78e73a600480cb2ba29ae8fca9beee5a19c	b86392198fd386839ce98ba342afa61e5a09e269	unique-file-to-preserve	experiments/legacy/exp-step5-softpll-lock/raw/EXP-WRPC-STEP5-HPLL-6208-64-WRPC-LOCKING-ENABLE-IDEMPOTENT-GUARD/artifact-import/build_info_jtag_slave.txt
artifacts/EXP-WRPC-STEP5-HPLL-6208-64-WRPC-LOCKING-ENABLE-IDEMPOTENT-GUARD/build_jtag_master.log	494213	13af0369bb1a2245ff0a0391d265162539358ed7f47ab34d2e8761a15e8ad1ea	012b0b1f2313a53c471c13fa595277223e062d4e	unique-file-to-preserve	experiments/legacy/exp-step5-softpll-lock/raw/EXP-WRPC-STEP5-HPLL-6208-64-WRPC-LOCKING-ENABLE-IDEMPOTENT-GUARD/artifact-import/build_jtag_master.log
artifacts/EXP-WRPC-STEP5-HPLL-6208-64-WRPC-LOCKING-ENABLE-IDEMPOTENT-GUARD/build_jtag_slave.log	507763	95e7b01e560962a39c01d6c4e089e678af805162f2ebf9b2a36ec40cb63e3c95	0572c63c2618efa9fc0603a9aec786ea4f526fae	unique-file-to-preserve	experiments/legacy/exp-step5-softpll-lock/raw/EXP-WRPC-STEP5-HPLL-6208-64-WRPC-LOCKING-ENABLE-IDEMPOTENT-GUARD/artifact-import/build_jtag_slave.log
artifacts/EXP-WRPC-STEP5-HPLL-6208-64-WRPC-LOCKING-ENABLE-IDEMPOTENT-GUARD/raw-20260830/program-jtag-master.log	2226	3f0c41b375e5a24dba06c6fa1ab7e912517a8dc90edc4306d751bade213c4a47	23cb711f1c25cd51202a6970180933d3a8929616	unique-file-to-preserve	experiments/legacy/exp-step5-softpll-lock/raw/EXP-WRPC-STEP5-HPLL-6208-64-WRPC-LOCKING-ENABLE-IDEMPOTENT-GUARD/artifact-import/raw-20260830/program-jtag-master.log
artifacts/EXP-WRPC-STEP5-HPLL-6208-64-WRPC-LOCKING-ENABLE-IDEMPOTENT-GUARD/raw-20260830/program-jtag-slave.log	2222	440deb9fcda1358d7b8a258cafa0abaa71fce6cab51253b580f528c7b9816418	5dfdf8f1eb9e51fc0daa5b7deb6ae9d7b5a296cf	unique-file-to-preserve	experiments/legacy/exp-step5-softpll-lock/raw/EXP-WRPC-STEP5-HPLL-6208-64-WRPC-LOCKING-ENABLE-IDEMPOTENT-GUARD/artifact-import/raw-20260830/program-jtag-slave.log
artifacts/EXP-WRPC-STEP5-HPLL-6208-64-WRPC-LOCKING-ENABLE-IDEMPOTENT-GUARD/raw-20260830/reinit-guard-smoke-1800samples.log	1514367	9bf20c6d8a1e3a6448419cd15120e2caa0465d3e910d6fc2e6c6321bb7fce369	73738f31d5c36568c879ad800814ab7972c22b70	unique-file-to-preserve	experiments/legacy/exp-step5-softpll-lock/raw/EXP-WRPC-STEP5-HPLL-6208-64-WRPC-LOCKING-ENABLE-IDEMPOTENT-GUARD/artifact-import/raw-20260830/reinit-guard-smoke-1800samples.log
artifacts/EXP-WRPC-STEP5-HPLL-6208-FIXED-ACTUATOR-COHERENT-DMTD-MEASUREMENT-AUDIT/raw-20260830-coherent-measurement-audit-180s.txt	950701	0ed6eaba6c503b369e63e669f44375cd9ac783162a1b05e935114c88c35ae32b	a23370c804a6ee61ba9670efac3e5d998782c67d	unique-file-to-preserve	experiments/legacy/exp-step5-softpll-lock/raw/EXP-WRPC-STEP5-HPLL-6208-FIXED-ACTUATOR-COHERENT-DMTD-MEASUREMENT-AUDIT/artifact-import/raw-20260830-coherent-measurement-audit-180s.txt
artifacts/EXP-WRPC-STEP5-HPLL-6208-FIXED-ACTUATOR-COHERENT-DMTD-MEASUREMENT-AUDIT/raw-20260830-coherent-smoke-10s-fixed.txt	6080	eb9b816c2f411e8bf0fac4343f53f9a5bf1fec598db7d5e0bb0884a87558df75	1c4ec62c5f990522183e7082e81c4276197afb00	unique-file-to-preserve	experiments/legacy/exp-step5-softpll-lock/raw/EXP-WRPC-STEP5-HPLL-6208-FIXED-ACTUATOR-COHERENT-DMTD-MEASUREMENT-AUDIT/artifact-import/raw-20260830-coherent-smoke-10s-fixed.txt
artifacts/EXP-WRPC-STEP5-HPLL-6208-FIXED-ACTUATOR-COHERENT-DMTD-MEASUREMENT-AUDIT/raw-20260830-coherent-smoke-10s.txt	8382	ac8ecbac54867723d01634eb49ca1c71e6ee306f23a3b6b642ee7d3a58e0fdf0	e9f017c680b8668252eff3e60412f7977a500fc5	unique-file-to-preserve	experiments/legacy/exp-step5-softpll-lock/raw/EXP-WRPC-STEP5-HPLL-6208-FIXED-ACTUATOR-COHERENT-DMTD-MEASUREMENT-AUDIT/artifact-import/raw-20260830-coherent-smoke-10s.txt
artifacts/EXP-WRPC-STEP5-HPLL-6208-FIXED-ACTUATOR-COHERENT-DMTD-MEASUREMENT-AUDIT/raw-20260830-coherent-smoke-staged.txt	8155	5e9115489c6a034ef1ee106270fc7e4c56dd8ee841cd99ad0b83b0318db6436d	9d57f5d7ac84d17869acc16355eb37d4bf69a478	unique-file-to-preserve	experiments/legacy/exp-step5-softpll-lock/raw/EXP-WRPC-STEP5-HPLL-6208-FIXED-ACTUATOR-COHERENT-DMTD-MEASUREMENT-AUDIT/artifact-import/raw-20260830-coherent-smoke-staged.txt
artifacts/EXP-WRPC-STEP5-HPLL-6208-FIXED-ACTUATOR-COHERENT-DMTD-MEASUREMENT-AUDIT/raw-20260830-crosscheck-correlation.txt	11687	c69333df4c16e07c45b16f2ca1354bf3a4da43ee9af36981e4d47820d34ff93b	0e37955c9e4c62f2a51230b1f4b68f822633a9fb	unique-file-to-preserve	experiments/legacy/exp-step5-softpll-lock/raw/EXP-WRPC-STEP5-HPLL-6208-FIXED-ACTUATOR-COHERENT-DMTD-MEASUREMENT-AUDIT/artifact-import/raw-20260830-crosscheck-correlation.txt
artifacts/EXP-WRPC-STEP5-HPLL-6208-FIXED-ACTUATOR-COHERENT-DMTD-MEASUREMENT-AUDIT/raw-20260830-settled-dashboard.txt	21381	64000118b6968c82354b802fe3cbe5c48484098b18fdbdfa6a8f8f54401ec411	fed3c0b3d55dd396237ac34d7e2af3281a1091ba	unique-file-to-preserve	experiments/legacy/exp-step5-softpll-lock/raw/EXP-WRPC-STEP5-HPLL-6208-FIXED-ACTUATOR-COHERENT-DMTD-MEASUREMENT-AUDIT/artifact-import/raw-20260830-settled-dashboard.txt
artifacts/EXP-WRPC-STEP5-HPLL-BOOTSTRAP-1664-REVERSE-20260909-raw-transfer.tgz	57986	056052dca20f615c012156b3b41e8842a3e48112b23524dace5ca2328d8dd0e3	eb554a878d1d06e3173d4ce8b10b306514bbed0b	archive-contents-already-present	experiments/legacy/exp-step5-softpll-lock/EXP-WRPC-STEP5-HPLL-BOOTSTRAP-1664-REVERSE-20260909	16	16
artifacts/EXP-WRPC-STEP5-HPLL-BOOTSTRAP-3072-REVERSE-20260909-raw-transfer.tgz	55104	16c3b35f133e0fec8f19fa9fd75f5bec8bb2b2af50795c51679d543fefbb8165	a484d4c0ab462db725769839a58c173905776e33	archive-contents-already-present	experiments/legacy/exp-step5-softpll-lock/EXP-WRPC-STEP5-HPLL-BOOTSTRAP-3072-REVERSE-20260909	10	10
artifacts/EXP-WRPC-STEP5-HPLL-BOOTSTRAP-3372-CALCULATED-ZERO-CROSSING-20260911-raw.tgz	243334	20f8c36590ff228d5fec1362acf1e28ac8feeab69630bb01ed3fc6e05b7489d8	b0d8fb7f688eb2926e48a66eae6f393ab6e0e1ec	archive-contents-already-present	experiments/legacy/exp-step5-softpll-lock/EXP-WRPC-STEP5-HPLL-BOOTSTRAP-3372-CALCULATED-ZERO-CROSSING-20260911	6	6
artifacts/EXP-WRPC-STEP5-HPLL-BOOTSTRAP-3388-CALCULATED-ZERO-CROSSING-20260912-raw.tgz	235499	b51e211aa9b8f7c4511022371f771a7a72bdc4050aa6b710381815d23cb38a86	4cad0282fe152742afd47336df71ba43970adbec	archive-contents-already-present	experiments/legacy/exp-step5-softpll-lock/EXP-WRPC-STEP5-HPLL-BOOTSTRAP-3388-CALCULATED-ZERO-CROSSING-20260912	7	7
artifacts/EXP-WRPC-STEP5-HPLL-BOOTSTRAP-5632-PLUS-64-MAIN-ABSOLUTE-TARGET-20260908-raw-transfer.tgz	56297	58ebe292b76ae6713a8e4ba106153665a0e4a9fd96e0c0086f247d17f8b39680	44bbce99e1d82f3df95fe9d222e35c045f1a7496	archive-contents-already-present	experiments/legacy/exp-step5-softpll-lock/EXP-WRPC-STEP5-HPLL-BOOTSTRAP-5632-PLUS-64-MAIN-ABSOLUTE-TARGET-20260908	12	12
artifacts/EXP-WRPC-STEP5-HPLL-BOOTSTRAP-5632-REVERSE-20260909-raw-transfer.tgz	53636	ff74d8991d8692221e88849c28969d956de95c4cfbbba4576ad61bcaf8ea772b	fdf95ad08a38fbbf8ba28766d26d57965643aa45	archive-contents-already-present	experiments/legacy/exp-step5-softpll-lock/EXP-WRPC-STEP5-HPLL-BOOTSTRAP-5632-REVERSE-20260909	9	9
artifacts/EXP-WRPC-STEP5-HPLL-BOOTSTRAP-6272-PLUS-64-MAIN-ABSOLUTE-TARGET-20260908-raw-transfer.tgz	56755	7ae2366c0d9df9d8cd0890d622a45af4ddbe0b08236e5e902fa5d84bf7164f23	13aeea0216f93f3fff7b9b42b26f0ec11dc18e6e	archive-contents-already-present	experiments/legacy/exp-step5-softpll-lock/EXP-WRPC-STEP5-HPLL-BOOTSTRAP-6272-PLUS-64-MAIN-ABSOLUTE-TARGET-20260908	12	12
artifacts/EXP-WRPC-STEP5-HPLL-BOOTSTRAP3388-HELPER-KP-MINUS75-20260912-raw.tgz	143627	1b282e39260e5f8eece02c66bb5834254c4002c7279cd1a179aad3c64272a0ee	a9774bab1b16d5e29fb68f52c16013e2644e19c8	archive-contents-already-present	experiments/legacy/exp-step5-softpll-lock/EXP-WRPC-STEP5-HPLL-BOOTSTRAP3388-HELPER-KP-MINUS75-20260912	10	10
artifacts/EXP-WRPC-STEP5-HPLL-BOOTSTRAP3388-HELPER-RESEED-BIAS63252-20260912-raw.tgz	142209	0d62394b001f9bcf3a91889799495ba07de2d14ead81ff96da2e6475120efa71	1813c64796bd01d1c418c07a882e6332766d6a4b	archive-contents-already-present	experiments/legacy/exp-step5-softpll-lock/EXP-WRPC-STEP5-HPLL-BOOTSTRAP3388-HELPER-RESEED-BIAS63252-20260912	11	11
artifacts/EXP-WRPC-STEP5-HPLL-BOOTSTRAP3388-HELPER-RESEED-BIAS63252-COLD-UPSTREAM-BLOCKED-20260912-raw.tgz	7310	38d58705c6cf391be3ca1baf0f19ce720ca20a6179f47058c48f65e7c52f5bb8	8d755a4c8adf4f0aa874abd25a440b9ef2cff7ca	archive-contents-already-present	experiments/legacy/exp-step5-softpll-lock/EXP-WRPC-STEP5-HPLL-BOOTSTRAP3388-HELPER-RESEED-BIAS63252-COLD-UPSTREAM-BLOCKED-20260912	9	9
artifacts/EXP-WRPC-STEP5-HPLL-DIRECTION-CORRECTED-5632-64-20260909-raw-transfer.tgz	55571	dd38cd4a4cb52f8be827c385f61564f050d082ee1237ca4c44003fff0663433a	71dcef527f2d8bc634491158a908c0011bd3ef5c	archive-contents-already-present	experiments/legacy/exp-step5-softpll-lock/EXP-WRPC-STEP5-HPLL-DIRECTION-CORRECTED-5632-64-20260909	10	10
artifacts/EXP-WRPC-STEP5-HPLL-DIRECTION-CORRECTED-CLOSED-LOOP-5632-64-20260909-raw-transfer.tgz	55516	f5ad0b94f3509db3ab7734e2365d75e1d7a74839ba23ec0ab31f1cbc8dfa83da	4a760824f68a7d81c04fb71613246e0d03db5e8b	archive-contents-already-present	experiments/legacy/exp-step5-softpll-lock/EXP-WRPC-STEP5-HPLL-DIRECTION-CORRECTED-CLOSED-LOOP-5632-64-20260909	10	10
artifacts/EXP-WRPC-STEP5-HPLL-NEAREST-QUANTIZED-STEP-20260909-raw-transfer.tgz	54386	de2a7ecd67ab2f39069459e8f75216ff96369f9c795e54b56af8e3cf6df8f982	c7096103902dc9263a29b7f532ac5c88186fa0d1	archive-contents-already-present	experiments/legacy/exp-step5-softpll-lock/EXP-WRPC-STEP5-HPLL-NEAREST-QUANTIZED-STEP-20260909	9	9
artifacts/EXP-WRPC-STEP5-HPLL-PHYSICAL-ZERO-CROSSING-SWEEP-20260830/raw/N00000_zero_point.log	12740	4ad37baea79b8f3215e30779dce45aa2f25f20a4fc0f4aa3e4d1bbade2ec44eb	fd0532171ae5a2d5c630a3840cac52b523a82f00	exact-git-blob-duplicate	experiments/legacy/exp-step5-softpll-lock/raw/EXP-WRPC-STEP5-HPLL-PHYSICAL-ZERO-CROSSING-SWEEP-20260830/N00000_zero_point.log
artifacts/EXP-WRPC-STEP5-HPLL-PHYSICAL-ZERO-CROSSING-SWEEP-20260830/raw/N00512_zero_point.log	24662	50e4cb2ef71d3a21bc0d3fb538261f498a69f4590da45e3fdce81603cf5353e4	c8d5e5f33356fbf11453d243ea2ec2094dded841	exact-git-blob-duplicate	experiments/legacy/exp-step5-softpll-lock/raw/EXP-WRPC-STEP5-HPLL-PHYSICAL-ZERO-CROSSING-SWEEP-20260830/N00512_zero_point.log
artifacts/EXP-WRPC-STEP5-HPLL-PHYSICAL-ZERO-CROSSING-SWEEP-20260830/raw/N00512_zero_point_recovery.log	12128	f5065e130b626b1e8eeb986e9e7dddc3e85d2d92458e29c9d0eb04474de7848e	b8d3fc3386cf3e675aa686f2b6c6852b5da50765	exact-git-blob-duplicate	experiments/legacy/exp-step5-softpll-lock/raw/EXP-WRPC-STEP5-HPLL-PHYSICAL-ZERO-CROSSING-SWEEP-20260830/N00512_zero_point_recovery.log
artifacts/EXP-WRPC-STEP5-HPLL-PHYSICAL-ZERO-CROSSING-SWEEP-20260830/raw/N01024_zero_point.log	12576	94920a3c29169ec5828d77fa189896f373a446d19a4cee75044bba5e31312eb6	b3be4ec3327dc3d6da6dc8c304d92c8a623aa2ff	exact-git-blob-duplicate	experiments/legacy/exp-step5-softpll-lock/raw/EXP-WRPC-STEP5-HPLL-PHYSICAL-ZERO-CROSSING-SWEEP-20260830/N01024_zero_point.log
artifacts/EXP-WRPC-STEP5-HPLL-PHYSICAL-ZERO-CROSSING-SWEEP-20260830/raw/N01536_zero_point.log	13761	d6fa03f1c6283580a3ce83116a736d469b4be2d8ca43a5733e6164c9edb6fc8a	3b3530b7dbc2535f1275a30b654f348d334e68dc	exact-git-blob-duplicate	experiments/legacy/exp-step5-softpll-lock/raw/EXP-WRPC-STEP5-HPLL-PHYSICAL-ZERO-CROSSING-SWEEP-20260830/N01536_zero_point.log
artifacts/EXP-WRPC-STEP5-HPLL-PHYSICAL-ZERO-CROSSING-SWEEP-20260830/raw/N01536_zero_point_repeat.log	12196	146eef14627b154c554c6cdc2f9e08a88030517192d41a0e7efc2691aae5a210	1d6418506d8bcd6085d40c0c21b341065635de56	exact-git-blob-duplicate	experiments/legacy/exp-step5-softpll-lock/raw/EXP-WRPC-STEP5-HPLL-PHYSICAL-ZERO-CROSSING-SWEEP-20260830/N01536_zero_point_repeat.log
artifacts/EXP-WRPC-STEP5-HPLL-PHYSICAL-ZERO-CROSSING-SWEEP-20260830/raw/N02048_zero_point.log	12174	14afa7e340c27c78349d20f6d0fc0580dc996056202f3ca5d526c9176d7886d0	346fe9abffef2eb279a98a34878f601410b08767	exact-git-blob-duplicate	experiments/legacy/exp-step5-softpll-lock/raw/EXP-WRPC-STEP5-HPLL-PHYSICAL-ZERO-CROSSING-SWEEP-20260830/N02048_zero_point.log
artifacts/EXP-WRPC-STEP5-HPLL-PHYSICAL-ZERO-CROSSING-SWEEP-20260830/raw/N04096_zero_point.log	14097	e6a0e07f51310f112dbeb5c813b9cdc74f1d5514192bacd8bed8ea57dcf6b35d	56d2293adbf6a36e1b5488d8ea52a002f5ea0ebc	exact-git-blob-duplicate	experiments/legacy/exp-step5-softpll-lock/raw/EXP-WRPC-STEP5-HPLL-PHYSICAL-ZERO-CROSSING-SWEEP-20260830/N04096_zero_point.log
artifacts/EXP-WRPC-STEP5-HPLL-PHYSICAL-ZERO-CROSSING-SWEEP-20260830/raw/N06144_zero_point.log	15663	866e44a975822ae674c01739c12f6bf1050332a8f79d8e11ddf5a0a516a79a47	d7d7418e13fd71fb31e24ff89708c0227f012618	exact-git-blob-duplicate	experiments/legacy/exp-step5-softpll-lock/raw/EXP-WRPC-STEP5-HPLL-PHYSICAL-ZERO-CROSSING-SWEEP-20260830/N06144_zero_point.log
artifacts/EXP-WRPC-STEP5-HPLL-PHYSICAL-ZERO-CROSSING-SWEEP-20260830/raw/N06272_zero_point.log	16430	ebaa66f9d8b90adb00059ace33511eff3bc570879e6628cd26b63669aebf67e1	09decf20ad6dd600b18758bdd1f9f67a5b948fda	exact-git-blob-duplicate	experiments/legacy/exp-step5-softpll-lock/raw/EXP-WRPC-STEP5-HPLL-PHYSICAL-ZERO-CROSSING-SWEEP-20260830/N06272_zero_point.log
artifacts/EXP-WRPC-STEP5-HPLL-PHYSICAL-ZERO-CROSSING-SWEEP-20260830/raw/N06336_zero_point.log	14068	30747eebe318dbacba60eb5133c3b2528f60fbd9a6ad708f17d836ad76cadf87	6a8711f0323484dc97ca78e2ea1921ad651264d1	exact-git-blob-duplicate	experiments/legacy/exp-step5-softpll-lock/raw/EXP-WRPC-STEP5-HPLL-PHYSICAL-ZERO-CROSSING-SWEEP-20260830/N06336_zero_point.log
artifacts/EXP-WRPC-STEP5-HPLL-PHYSICAL-ZERO-CROSSING-SWEEP-20260830/raw/N06336_zero_point_repeat.log	36985	e2cb2c3100d62530c7b5cd54c5d72a6ffaf795a294f16901dc7294bf59496bea	13095a1944f3d8967ef8bd7a3d16fa7ed7b4c1d0	exact-git-blob-duplicate	experiments/legacy/exp-step5-softpll-lock/raw/EXP-WRPC-STEP5-HPLL-PHYSICAL-ZERO-CROSSING-SWEEP-20260830/N06336_zero_point_repeat.log
artifacts/EXP-WRPC-STEP5-HPLL-PHYSICAL-ZERO-CROSSING-SWEEP-20260830/raw/N06336_zero_point_repeat_recovery.log	16447	50cf8f14a9a8f81873b7f168ce97ea2c719d8d109e037a9476a8e386c6cdc9bc	d2ba3e385ea08e5fc2660ad2547414542b7f9f36	exact-git-blob-duplicate	experiments/legacy/exp-step5-softpll-lock/raw/EXP-WRPC-STEP5-HPLL-PHYSICAL-ZERO-CROSSING-SWEEP-20260830/N06336_zero_point_repeat_recovery.log
artifacts/EXP-WRPC-STEP5-HPLL-PHYSICAL-ZERO-CROSSING-SWEEP-20260830/raw/N06336_zero_point_repeat_timed.log	15655	0504dd00d9bd62d7986fecb0afb43f5ca0e78963c0893c9ec2b78ecf702383dd	a6f0c828acf7819a79b15d06903302e2a20035e1	exact-git-blob-duplicate	experiments/legacy/exp-step5-softpll-lock/raw/EXP-WRPC-STEP5-HPLL-PHYSICAL-ZERO-CROSSING-SWEEP-20260830/N06336_zero_point_repeat_timed.log
artifacts/EXP-WRPC-STEP5-HPLL-PHYSICAL-ZERO-CROSSING-SWEEP-20260830/raw/N06400_zero_point.log	24662	547dd60246831cc62f85952d07e8533f2609ac874d3d4818dfadf9c69440e83f	faadb9faee38fcec2f76a6a3c91bb724df0b6a74	exact-git-blob-duplicate	experiments/legacy/exp-step5-softpll-lock/raw/EXP-WRPC-STEP5-HPLL-PHYSICAL-ZERO-CROSSING-SWEEP-20260830/N06400_zero_point.log
artifacts/EXP-WRPC-STEP5-HPLL-PHYSICAL-ZERO-CROSSING-SWEEP-20260830/raw/N06400_zero_point_recovery.log	16824	d335a338b5b9b6c1e3f7d847907092b39f0cba0935ebccbefe1ae62a55a841fb	e7230cebf0872f67fcf3617e15b291099bfffb8e	exact-git-blob-duplicate	experiments/legacy/exp-step5-softpll-lock/raw/EXP-WRPC-STEP5-HPLL-PHYSICAL-ZERO-CROSSING-SWEEP-20260830/N06400_zero_point_recovery.log
artifacts/EXP-WRPC-STEP5-HPLL-PHYSICAL-ZERO-CROSSING-SWEEP-20260830/raw/N06656_zero_point.log	15256	cab6fd03646e0cf07ee749c0ac1fa2ac75aeb41f811a753b9eaca84ee6ca1853	f0ab201f35c6a26aaf810803796c976c031ae5bc	exact-git-blob-duplicate	experiments/legacy/exp-step5-softpll-lock/raw/EXP-WRPC-STEP5-HPLL-PHYSICAL-ZERO-CROSSING-SWEEP-20260830/N06656_zero_point.log
artifacts/EXP-WRPC-STEP5-HPLL-PHYSICAL-ZERO-CROSSING-SWEEP-20260830/raw/build_info_jtag_master.txt	951	05470eb8956f07f1319fdf726a5bf02851e5acd8935577ef536c3fe2c5fc5010	6c6dc333a31c60badd5dcdfb17d9568fc7f5f74a	exact-git-blob-duplicate	experiments/legacy/exp-step5-softpll-lock/raw/EXP-WRPC-STEP5-HPLL-PHYSICAL-ZERO-CROSSING-SWEEP-20260830/build_info_jtag_master.txt
artifacts/EXP-WRPC-STEP5-HPLL-PHYSICAL-ZERO-CROSSING-SWEEP-20260830/raw/build_info_jtag_slave.txt	950	1f08eba2af2bcb9cf4ca2e425a7b783d7ab4367b72142be112decb545ee56fba	2f4fbc9493489cbbdfa9e0369d90c20b15ae2e47	exact-git-blob-duplicate	experiments/legacy/exp-step5-softpll-lock/raw/EXP-WRPC-STEP5-HPLL-PHYSICAL-ZERO-CROSSING-SWEEP-20260830/build_info_jtag_slave.txt
artifacts/EXP-WRPC-STEP5-HPLL-PHYSICAL-ZERO-CROSSING-SWEEP-20260830/raw/health_after_N00512_abort.log	19460	f7dcaf858f24e2f89f5fdf9778e0d17aeba36461383e49d52fadfbecc90c9068	5fd16d077e9d630032f1b171f2bf2ba6a5f8e0a8	exact-git-blob-duplicate	experiments/legacy/exp-step5-softpll-lock/raw/EXP-WRPC-STEP5-HPLL-PHYSICAL-ZERO-CROSSING-SWEEP-20260830/health_after_N00512_abort.log
artifacts/EXP-WRPC-STEP5-HPLL-PHYSICAL-ZERO-CROSSING-SWEEP-20260830/raw/health_after_repeat_recovery.log	19451	9fc8fabd0f44dc47011457e9e41ef7673f9ba95ef99c9046086c0b8b38cdf19f	b9a1f84dc6137d48803f1690e8be861f451a89bf	exact-git-blob-duplicate	experiments/legacy/exp-step5-softpll-lock/raw/EXP-WRPC-STEP5-HPLL-PHYSICAL-ZERO-CROSSING-SWEEP-20260830/health_after_repeat_recovery.log
artifacts/EXP-WRPC-STEP5-HPLL-PHYSICAL-ZERO-CROSSING-SWEEP-20260830/raw/health_after_slave_reprogram.log	7801	c25583e1a788f94051f1c9ef96864334809b3cdf4b94d84040aa0b3968afa79b	5e30135b3f34fb118aa53b3d0624a7134b54e957	exact-git-blob-duplicate	experiments/legacy/exp-step5-softpll-lock/raw/EXP-WRPC-STEP5-HPLL-PHYSICAL-ZERO-CROSSING-SWEEP-20260830/health_after_slave_reprogram.log
artifacts/EXP-WRPC-STEP5-HPLL-PHYSICAL-ZERO-CROSSING-SWEEP-20260830/raw/program_N00000_master.log	2226	d78888229b64c2af5bdcc8ab6db910663d45aeda0c8b9b0c4341bda9c3704170	f7b7dc0c16698d48ad015e819077ae798203f2bd	exact-git-blob-duplicate	experiments/legacy/exp-step5-softpll-lock/raw/EXP-WRPC-STEP5-HPLL-PHYSICAL-ZERO-CROSSING-SWEEP-20260830/program_N00000_master.log
artifacts/EXP-WRPC-STEP5-HPLL-PHYSICAL-ZERO-CROSSING-SWEEP-20260830/raw/program_N00000_slave.log	2222	23ec749a6c893fa53a0007b35956162b36ba33af13768aef9f6586943e69e49c	4735b811a4a28013fcb08655bc362eb4ce435e5e	exact-git-blob-duplicate	experiments/legacy/exp-step5-softpll-lock/raw/EXP-WRPC-STEP5-HPLL-PHYSICAL-ZERO-CROSSING-SWEEP-20260830/program_N00000_slave.log
artifacts/EXP-WRPC-STEP5-HPLL-PHYSICAL-ZERO-CROSSING-SWEEP-20260830/raw/program_N00512_master.log	2226	33a28f8a39e8c5f1fd34ca977d1894ebd621e8858940b65084e579660e413a9c	44e59930281272f8330eb352119e466f0a5f8b42	exact-git-blob-duplicate	experiments/legacy/exp-step5-softpll-lock/raw/EXP-WRPC-STEP5-HPLL-PHYSICAL-ZERO-CROSSING-SWEEP-20260830/program_N00512_master.log
artifacts/EXP-WRPC-STEP5-HPLL-PHYSICAL-ZERO-CROSSING-SWEEP-20260830/raw/program_N00512_recovery_master.log	2226	2846358618d495d1c219355b3c739fa66f6f40abdf8da57088c7e921270ece74	f0beaf75ce6aeec742ddd4c492b04c05d48ee2f9	exact-git-blob-duplicate	experiments/legacy/exp-step5-softpll-lock/raw/EXP-WRPC-STEP5-HPLL-PHYSICAL-ZERO-CROSSING-SWEEP-20260830/program_N00512_recovery_master.log
artifacts/EXP-WRPC-STEP5-HPLL-PHYSICAL-ZERO-CROSSING-SWEEP-20260830/raw/program_N00512_recovery_slave.log	2222	01459567187584ba8320feab31a153f87cf8263eb55b8bfe6a2086d2b595df9c	93194f63d53c56a103d5dbbf96425aabc5b0a115	exact-git-blob-duplicate	experiments/legacy/exp-step5-softpll-lock/raw/EXP-WRPC-STEP5-HPLL-PHYSICAL-ZERO-CROSSING-SWEEP-20260830/program_N00512_recovery_slave.log
artifacts/EXP-WRPC-STEP5-HPLL-PHYSICAL-ZERO-CROSSING-SWEEP-20260830/raw/program_N00512_slave.log	2222	24ad1dd2b19833d30a3977345571ec1a473fcb8dc52fddb789591dd31bae3120	a5f08732db1ec5672f1949922fd0d1c33ee490f6	exact-git-blob-duplicate	experiments/legacy/exp-step5-softpll-lock/raw/EXP-WRPC-STEP5-HPLL-PHYSICAL-ZERO-CROSSING-SWEEP-20260830/program_N00512_slave.log
artifacts/EXP-WRPC-STEP5-HPLL-PHYSICAL-ZERO-CROSSING-SWEEP-20260830/raw/program_N01024_master.log	2226	24f45dca54787f0566ab815ba8f65ffaccd8ce087789aa11315346a722f766f6	eaf6fbcf72305ed9e32085e0e508bacf7eb8bf38	exact-git-blob-duplicate	experiments/legacy/exp-step5-softpll-lock/raw/EXP-WRPC-STEP5-HPLL-PHYSICAL-ZERO-CROSSING-SWEEP-20260830/program_N01024_master.log
artifacts/EXP-WRPC-STEP5-HPLL-PHYSICAL-ZERO-CROSSING-SWEEP-20260830/raw/program_N01024_slave.log	2222	dcd704172969c8ff4dd9690e9c130f11c26f35de9c996f7261579dd7b950ee53	50bd0f877bd947cbdcd7a9eed7621611aed95f6b	exact-git-blob-duplicate	experiments/legacy/exp-step5-softpll-lock/raw/EXP-WRPC-STEP5-HPLL-PHYSICAL-ZERO-CROSSING-SWEEP-20260830/program_N01024_slave.log
artifacts/EXP-WRPC-STEP5-HPLL-PHYSICAL-ZERO-CROSSING-SWEEP-20260830/raw/program_N01536_master.log	2226	31b8f2c110fee614a77c247bac0206e0c96ac7b66eee6f14a0efae6c25a599fc	ec37c8dbe68d55d1e7a139b6585917b51e7c6c9b	exact-git-blob-duplicate	experiments/legacy/exp-step5-softpll-lock/raw/EXP-WRPC-STEP5-HPLL-PHYSICAL-ZERO-CROSSING-SWEEP-20260830/program_N01536_master.log
artifacts/EXP-WRPC-STEP5-HPLL-PHYSICAL-ZERO-CROSSING-SWEEP-20260830/raw/program_N01536_repeat_master.log	2226	7d671646941fa3f8b2fb08526acef9b4b5a2791d1f0c5df7e6a10f069abca466	e28cf868e865fdf224eb87fa8b87afc6ccb84da1	exact-git-blob-duplicate	experiments/legacy/exp-step5-softpll-lock/raw/EXP-WRPC-STEP5-HPLL-PHYSICAL-ZERO-CROSSING-SWEEP-20260830/program_N01536_repeat_master.log
artifacts/EXP-WRPC-STEP5-HPLL-PHYSICAL-ZERO-CROSSING-SWEEP-20260830/raw/program_N01536_repeat_slave.log	2222	e9233c8ecf4abc36dff91361a6848303979a0760a0428b591b2b005465ea4719	f796eb53cac0c46b34d44c963b16bac2b318e461	exact-git-blob-duplicate	experiments/legacy/exp-step5-softpll-lock/raw/EXP-WRPC-STEP5-HPLL-PHYSICAL-ZERO-CROSSING-SWEEP-20260830/program_N01536_repeat_slave.log
artifacts/EXP-WRPC-STEP5-HPLL-PHYSICAL-ZERO-CROSSING-SWEEP-20260830/raw/program_N01536_slave.log	2222	6d6f486913e56825b3d5f3b067cb40ec3c19817d6e5dbcc771c106560ea41cde	97c36b5fe376e1414faa7e1243cdca20de861653	exact-git-blob-duplicate	experiments/legacy/exp-step5-softpll-lock/raw/EXP-WRPC-STEP5-HPLL-PHYSICAL-ZERO-CROSSING-SWEEP-20260830/program_N01536_slave.log
artifacts/EXP-WRPC-STEP5-HPLL-PHYSICAL-ZERO-CROSSING-SWEEP-20260830/raw/program_N02048_master.log	2226	7b4052f9261952b56840dddb6e13b02f47fab498df684423d3ce2ea15cdd102e	dccab912891119161a3080b563cb3f5722e2de4b	exact-git-blob-duplicate	experiments/legacy/exp-step5-softpll-lock/raw/EXP-WRPC-STEP5-HPLL-PHYSICAL-ZERO-CROSSING-SWEEP-20260830/program_N02048_master.log
artifacts/EXP-WRPC-STEP5-HPLL-PHYSICAL-ZERO-CROSSING-SWEEP-20260830/raw/program_N02048_slave.log	2222	6db26263ed11cf4d8a536e8d919aa463943eefcac61caacc8895dc4e8415b476	df55f32049f555df8aee3fa876c6e1e18fe861c8	exact-git-blob-duplicate	experiments/legacy/exp-step5-softpll-lock/raw/EXP-WRPC-STEP5-HPLL-PHYSICAL-ZERO-CROSSING-SWEEP-20260830/program_N02048_slave.log
artifacts/EXP-WRPC-STEP5-HPLL-PHYSICAL-ZERO-CROSSING-SWEEP-20260830/raw/program_N04096_master.log	2226	ba3db37ffbe6cfd8cf241c4ad151a03834dd2d958e3bd83574e896ef64f2f10b	8ea0e1b919a58b26a3b60ad50ce0069d119183a7	exact-git-blob-duplicate	experiments/legacy/exp-step5-softpll-lock/raw/EXP-WRPC-STEP5-HPLL-PHYSICAL-ZERO-CROSSING-SWEEP-20260830/program_N04096_master.log
artifacts/EXP-WRPC-STEP5-HPLL-PHYSICAL-ZERO-CROSSING-SWEEP-20260830/raw/program_N04096_slave.log	2222	690f6e9f7654cdf26120d2fd947b76dedb9ea0176f06121de6c1aa157019f594	487c94da97146cc0b41b36ad014c1b2ade352059	exact-git-blob-duplicate	experiments/legacy/exp-step5-softpll-lock/raw/EXP-WRPC-STEP5-HPLL-PHYSICAL-ZERO-CROSSING-SWEEP-20260830/program_N04096_slave.log
artifacts/EXP-WRPC-STEP5-HPLL-PHYSICAL-ZERO-CROSSING-SWEEP-20260830/raw/program_N06144_master.log	2226	64200e0f9de60eb6179a171bb94d1f1bc0adec5ec4112979bebbfeca5c6e7962	e9545f8c38e26e7e932c784c87107551f1b136d6	exact-git-blob-duplicate	experiments/legacy/exp-step5-softpll-lock/raw/EXP-WRPC-STEP5-HPLL-PHYSICAL-ZERO-CROSSING-SWEEP-20260830/program_N06144_master.log
artifacts/EXP-WRPC-STEP5-HPLL-PHYSICAL-ZERO-CROSSING-SWEEP-20260830/raw/program_N06144_slave.log	2222	933258c6db2a50d13845fc0bf75e8363f4d99d6ce5e1793e77358d6ab68c2bc2	1dc7215e12fc867bfae607419e314f0c03283e2e	exact-git-blob-duplicate	experiments/legacy/exp-step5-softpll-lock/raw/EXP-WRPC-STEP5-HPLL-PHYSICAL-ZERO-CROSSING-SWEEP-20260830/program_N06144_slave.log
artifacts/EXP-WRPC-STEP5-HPLL-PHYSICAL-ZERO-CROSSING-SWEEP-20260830/raw/program_N06272_master.log	2226	ef22082df37ef88b07342c3b89badb1e97bdc62d2dedec9910e4866250deb996	9e44e013fb0852b6cbf43537f4357c2598f459ee	exact-git-blob-duplicate	experiments/legacy/exp-step5-softpll-lock/raw/EXP-WRPC-STEP5-HPLL-PHYSICAL-ZERO-CROSSING-SWEEP-20260830/program_N06272_master.log
artifacts/EXP-WRPC-STEP5-HPLL-PHYSICAL-ZERO-CROSSING-SWEEP-20260830/raw/program_N06272_slave.log	2222	833f206080d1f1a07697bd0a50d102f1c9401d0d933fcf8e589f335cc828a8af	44479637e21c4c11ab3c73871cab4aed9d6cb196	exact-git-blob-duplicate	experiments/legacy/exp-step5-softpll-lock/raw/EXP-WRPC-STEP5-HPLL-PHYSICAL-ZERO-CROSSING-SWEEP-20260830/program_N06272_slave.log
artifacts/EXP-WRPC-STEP5-HPLL-PHYSICAL-ZERO-CROSSING-SWEEP-20260830/raw/program_N06336_master.log	2226	a66c51048cce3680ea770818d6509330088880277e7b9dba2f5084e6e4b46d88	ba235d091f392a08b9d263b056a411e938f8c538	exact-git-blob-duplicate	experiments/legacy/exp-step5-softpll-lock/raw/EXP-WRPC-STEP5-HPLL-PHYSICAL-ZERO-CROSSING-SWEEP-20260830/program_N06336_master.log
artifacts/EXP-WRPC-STEP5-HPLL-PHYSICAL-ZERO-CROSSING-SWEEP-20260830/raw/program_N06336_repeat_master.log	2226	d114bc577d8915608b892ae53960a71a2e9ac9168d4aa7fde84a2f1efd75a00f	33909e98784db5e59b4c629859b8234b962d36fa	exact-git-blob-duplicate	experiments/legacy/exp-step5-softpll-lock/raw/EXP-WRPC-STEP5-HPLL-PHYSICAL-ZERO-CROSSING-SWEEP-20260830/program_N06336_repeat_master.log
artifacts/EXP-WRPC-STEP5-HPLL-PHYSICAL-ZERO-CROSSING-SWEEP-20260830/raw/program_N06336_repeat_slave.log	2222	a7204994bc4b10da3bc458590bc2f6c3fff76946cc8298932108ca4e5970407c	5eaec1059ac4bb1898acfd2ff531c1951e4efb10	exact-git-blob-duplicate	experiments/legacy/exp-step5-softpll-lock/raw/EXP-WRPC-STEP5-HPLL-PHYSICAL-ZERO-CROSSING-SWEEP-20260830/program_N06336_repeat_slave.log
artifacts/EXP-WRPC-STEP5-HPLL-PHYSICAL-ZERO-CROSSING-SWEEP-20260830/raw/program_N06336_repeat_slave_recovery.log	2222	0d6ed24efc1c93163487816e2081547b6ab597a338fa37d58e0f537c0b50df60	bf8012a1698ea4450b729f29da2f3616bb1d4b10	exact-git-blob-duplicate	experiments/legacy/exp-step5-softpll-lock/raw/EXP-WRPC-STEP5-HPLL-PHYSICAL-ZERO-CROSSING-SWEEP-20260830/program_N06336_repeat_slave_recovery.log
artifacts/EXP-WRPC-STEP5-HPLL-PHYSICAL-ZERO-CROSSING-SWEEP-20260830/raw/program_N06336_repeat_timed_master.log	2226	ceb9a09e6d000f0340a75ef3a31d7713a38be56eee1efd37a1f9ec14c455240a	3829d0b8a795317c5a670e5d146a6e73d4c75f35	exact-git-blob-duplicate	experiments/legacy/exp-step5-softpll-lock/raw/EXP-WRPC-STEP5-HPLL-PHYSICAL-ZERO-CROSSING-SWEEP-20260830/program_N06336_repeat_timed_master.log
artifacts/EXP-WRPC-STEP5-HPLL-PHYSICAL-ZERO-CROSSING-SWEEP-20260830/raw/program_N06336_repeat_timed_slave.log	2222	ca3796fe0e47d57edc01b3bb14bd34ce5ab4f245b796e2c831c48f8110bec13c	30db07e511f8bae32cf9d32b6ba843bf01854a88	exact-git-blob-duplicate	experiments/legacy/exp-step5-softpll-lock/raw/EXP-WRPC-STEP5-HPLL-PHYSICAL-ZERO-CROSSING-SWEEP-20260830/program_N06336_repeat_timed_slave.log
artifacts/EXP-WRPC-STEP5-HPLL-PHYSICAL-ZERO-CROSSING-SWEEP-20260830/raw/program_N06336_slave.log	2222	34ecca554ab4b8ccec5af05452a41de9aa548a7deb367dbaee8de54cea0e3a27	138623710ed9961349c7a7501d8854ceefd2d5a1	exact-git-blob-duplicate	experiments/legacy/exp-step5-softpll-lock/raw/EXP-WRPC-STEP5-HPLL-PHYSICAL-ZERO-CROSSING-SWEEP-20260830/program_N06336_slave.log
artifacts/EXP-WRPC-STEP5-HPLL-PHYSICAL-ZERO-CROSSING-SWEEP-20260830/raw/program_N06400_master.log	2226	0484fa14d947f563af3f8c99ec476fb6a07a0431e00878a200f07a770edf1241	8d7a0dfa67b218a4471944f8b4663f94060009e0	exact-git-blob-duplicate	experiments/legacy/exp-step5-softpll-lock/raw/EXP-WRPC-STEP5-HPLL-PHYSICAL-ZERO-CROSSING-SWEEP-20260830/program_N06400_master.log
artifacts/EXP-WRPC-STEP5-HPLL-PHYSICAL-ZERO-CROSSING-SWEEP-20260830/raw/program_N06400_recovery_slave.log	2222	d8e44caa1111643457e5cb66e9c9a51bf561b49a0be88b919d0f40d2a5b3dfe5	187928063f839f52e9377d22e67539ab0fa2c947	exact-git-blob-duplicate	experiments/legacy/exp-step5-softpll-lock/raw/EXP-WRPC-STEP5-HPLL-PHYSICAL-ZERO-CROSSING-SWEEP-20260830/program_N06400_recovery_slave.log
artifacts/EXP-WRPC-STEP5-HPLL-PHYSICAL-ZERO-CROSSING-SWEEP-20260830/raw/program_N06400_slave.log	2222	b2d0aea4405cbaf92db94de13e899fba424f4af642ee7b45717898eb306cf972	61561b103254c60ad210443b6bd2f15cdb1bc40a	exact-git-blob-duplicate	experiments/legacy/exp-step5-softpll-lock/raw/EXP-WRPC-STEP5-HPLL-PHYSICAL-ZERO-CROSSING-SWEEP-20260830/program_N06400_slave.log
artifacts/EXP-WRPC-STEP5-HPLL-PHYSICAL-ZERO-CROSSING-SWEEP-20260830/raw/program_N06656_master.log	2226	bdf008cbc59955eba8e8ee9114eaf3ff31796a88271a55386aa31e32c1e5f26a	9be69fa22f9ba78682ac5b25e97b7dfee1b2cf4f	exact-git-blob-duplicate	experiments/legacy/exp-step5-softpll-lock/raw/EXP-WRPC-STEP5-HPLL-PHYSICAL-ZERO-CROSSING-SWEEP-20260830/program_N06656_master.log
artifacts/EXP-WRPC-STEP5-HPLL-PHYSICAL-ZERO-CROSSING-SWEEP-20260830/raw/program_N06656_slave.log	2222	09e93a7f1b695f23c8da40998b137ae2b7cf4f1a52619997ca261cb98f1dceaf	f74694435045d9f6650cb14234257a599d3f214c	exact-git-blob-duplicate	experiments/legacy/exp-step5-softpll-lock/raw/EXP-WRPC-STEP5-HPLL-PHYSICAL-ZERO-CROSSING-SWEEP-20260830/program_N06656_slave.log
artifacts/EXP-WRPC-STEP5-HPLL-PHYSICAL-ZERO-CROSSING-SWEEP-20260830/raw/program_recovery_slave.log	2222	18d02c18b80526e50b678e7104b134097229fab3098de37b8fda5ef36cb573bf	d70e2206e01428a325b77f24d7751871cc4fc4f6	exact-git-blob-duplicate	experiments/legacy/exp-step5-softpll-lock/raw/EXP-WRPC-STEP5-HPLL-PHYSICAL-ZERO-CROSSING-SWEEP-20260830/program_recovery_slave.log
artifacts/EXP-WRPC-STEP5-HPLL-PLANT-ID-5632-20260909-raw-transfer.tgz	35339	07d5563bc5697bc53dce2a3f8626df7d25bd8c59fd8b6d6d8984a66383d4d73f	98a6dc1ff1581ccfd8ab43cebe8336537a92916b	archive-contents-already-present	experiments/legacy/exp-step5-softpll-lock/EXP-WRPC-STEP5-HPLL-PLANT-ID-5632-20260909	15	15
artifacts/EXP-WRPC-STEP5-HPLL-WIDE-PHASE-ACCUMULATOR-REVERSE-BOOTSTRAP-1024-20260909-raw-transfer-valid.tgz	110671	ed39096941d2f0204f1d7c5ca7e289821bdb67c6baff0677723c3165ffb4d079	d8353d3196542ab540307c05001e4462825d305b	archive-contents-already-present	experiments/legacy/exp-step5-softpll-lock/EXP-WRPC-STEP5-HPLL-WIDE-PHASE-ACCUMULATOR-REVERSE-BOOTSTRAP-1024-20260909	20	20
artifacts/EXP-WRPC-STEP5-HPLL-WIDE-PHASE-ACCUMULATOR-REVERSE-BOOTSTRAP-1024-20260909-raw-transfer.tgz	56983	5375c7f1444d3b1e810fbbcc7dd5a43bc628611e47a675412f77df3251556c37	63322bf09e5b555c9cf4a98466bc196ac68d9bbc	archive-contents-already-present	experiments/legacy/exp-step5-softpll-lock/EXP-WRPC-STEP5-HPLL-WIDE-PHASE-ACCUMULATOR-REVERSE-BOOTSTRAP-1024-20260909	11	11
artifacts/EXP-WRPC-STEP5-HPLL-ZERO-CROSSING-3360-KI-ZERO-PHASE-GUARD-20260909-raw-transfer.tgz	142657	77413dbb6e766b9db35e162601bebe1e75ae0fd2953cb2b9a380c4870238a73c	7d0127ed30502a8fd9407d6e6a9db55fd80777ea	archive-contents-already-present	experiments/legacy/exp-step5-softpll-lock/EXP-WRPC-STEP5-HPLL-ZERO-CROSSING-3360-KI-ZERO-PHASE-GUARD-20260909	12	12	present
artifacts/EXP-WRPC-STEP5-HPLL-ZERO-CROSSING-3360-KI-ZERO-PHASE-GUARD-20260909-raw-transfer.tgz.sha256	161	f936eeea7df0145d0dd1402a736857700d9f919690de8888f5d9beea9cd46163	df3862ea71a52f789a588698bff7e16959958f55	valid-sidecar-for-transfer-archive	sidecar verifies artifacts/EXP-WRPC-STEP5-HPLL-ZERO-CROSSING-3360-KI-ZERO-PHASE-GUARD-20260909-raw-transfer.tgz
artifacts/EXP-WRPC-STEP5-HPLL-ZERO-CROSSING-3360-KP-MINUS150-COOLDOWN16-PHASE-GUARD-20260909-raw-transfer.tgz	231163	46e58fc4924b53f40c5959871cba26b9cd9379aa565ad99f682eec3e52971efe	4fa2e0c724890b1f6d6614f09ca707579eb13b51	archive-contents-already-present	experiments/legacy/exp-step5-softpll-lock/EXP-WRPC-STEP5-HPLL-ZERO-CROSSING-3360-KP-MINUS150-COOLDOWN16-PHASE-GUARD-20260909	13	13	present
artifacts/EXP-WRPC-STEP5-HPLL-ZERO-CROSSING-3360-KP-MINUS150-COOLDOWN16-PHASE-GUARD-20260909-raw-transfer.tgz.sha256	176	c5d6e91a7243f619b533cbe09eae986e8557a89bd23d0d44b95ecc40c2ba772d	9297cf4a7b3bf8ee1d409b6ef2d0d37f75397dad	valid-sidecar-for-transfer-archive	sidecar verifies artifacts/EXP-WRPC-STEP5-HPLL-ZERO-CROSSING-3360-KP-MINUS150-COOLDOWN16-PHASE-GUARD-20260909-raw-transfer.tgz
artifacts/EXP-WRPC-STEP5-HPLL-ZERO-CROSSING-3360-KP-MINUS150-COOLDOWN256-PHASE-GUARD-20260909-raw-transfer.tgz	4464	34229126b880bf5fdbfa847e287a718074804a6a46fdec8d86fd04737af3defc	7f3e8a83bdca973f8fd31397643c521515e47085	archive-contents-already-present	experiments/legacy/exp-step5-softpll-lock/EXP-WRPC-STEP5-HPLL-ZERO-CROSSING-3360-KP-MINUS150-COOLDOWN256-PHASE-GUARD-20260909	10	10	present
artifacts/EXP-WRPC-STEP5-HPLL-ZERO-CROSSING-3360-KP-MINUS150-COOLDOWN256-PHASE-GUARD-20260909-raw-transfer.tgz.sha256	177	e900861738bda81bb1c9744e0897568654e59e142f5dbe2beb598203ae47eba1	4fe1f39e02086fd1db6c3c4653bf67982cad3370	valid-sidecar-for-transfer-archive	sidecar verifies artifacts/EXP-WRPC-STEP5-HPLL-ZERO-CROSSING-3360-KP-MINUS150-COOLDOWN256-PHASE-GUARD-20260909-raw-transfer.tgz
artifacts/EXP-WRPC-STEP5-HPLL-ZERO-CROSSING-3360-KP-MINUS150-COOLDOWN256-PHASE-GUARD-20260909-recovery-raw-transfer.tgz	149298	2ecd320a9cf4ec54deff6e5565162d0b917e52cffb7cb0b46ac8d02e70647d8e	fc8f61e3047c97522eb4f5c6b33b665cbf28398b	archive-contents-already-present	experiments/legacy/exp-step5-softpll-lock/EXP-WRPC-STEP5-HPLL-ZERO-CROSSING-3360-KP-MINUS150-COOLDOWN256-PHASE-GUARD-20260909	23	23	present
artifacts/EXP-WRPC-STEP5-HPLL-ZERO-CROSSING-3360-KP-MINUS150-COOLDOWN256-PHASE-GUARD-20260909-recovery-raw-transfer.tgz.sha256	186	31739d6b242bb8c9bafd25913f6ae682d8d7978d5738a3b5863a608748050552	87f124173faa499e92cfcb57ed65399df4b448d0	valid-sidecar-for-transfer-archive	sidecar verifies artifacts/EXP-WRPC-STEP5-HPLL-ZERO-CROSSING-3360-KP-MINUS150-COOLDOWN256-PHASE-GUARD-20260909-recovery-raw-transfer.tgz
artifacts/EXP-WRPC-STEP5-HPLL-ZERO-CROSSING-3360-KP-MINUS150-COOLDOWN32-PHASE-GUARD-20260909-raw-transfer.tgz	234112	14c2bd3958a85f2852ece7e55790d16a89e2d6b4521f4e04de1e0fde8b477105	54fa5b7f74173efaeab7dfea67757ceb55167406	archive-contents-already-present	experiments/legacy/exp-step5-softpll-lock/EXP-WRPC-STEP5-HPLL-ZERO-CROSSING-3360-KP-MINUS150-COOLDOWN32-PHASE-GUARD-20260909	10	10	present
artifacts/EXP-WRPC-STEP5-HPLL-ZERO-CROSSING-3360-KP-MINUS150-COOLDOWN32-PHASE-GUARD-20260909-raw-transfer.tgz.sha256	176	ef19e08998acbeb4d3270161b370afa29c4ab3df84e9642ecc7d19f2e17b090d	a0057386079bfe3dfece42b334237e1d7e199dfe	valid-sidecar-for-transfer-archive	sidecar verifies artifacts/EXP-WRPC-STEP5-HPLL-ZERO-CROSSING-3360-KP-MINUS150-COOLDOWN32-PHASE-GUARD-20260909-raw-transfer.tgz
artifacts/EXP-WRPC-STEP5-HPLL-ZERO-CROSSING-3360-KP-MINUS150-COOLDOWN64-PHASE-GUARD-20260909-raw-transfer.tgz	200989	09efd414f1fff576816e3fb21fcb84027ca9286f44f224b75fd6d43e8d3a104a	2e426ec8ae74b499743bb7cff4ee4d07e406d392	archive-contents-already-present	experiments/legacy/exp-step5-softpll-lock/EXP-WRPC-STEP5-HPLL-ZERO-CROSSING-3360-KP-MINUS150-COOLDOWN64-PHASE-GUARD-20260909	10	10	present
artifacts/EXP-WRPC-STEP5-HPLL-ZERO-CROSSING-3360-KP-MINUS150-COOLDOWN64-PHASE-GUARD-20260909-raw-transfer.tgz.sha256	176	b9ec3f862af1bde919674f8f022ba56d0e216a753ce53f9dcdf10630a5625557	502bddc5f76720cad9d5d0c0d23698c73c4a6ea3	valid-sidecar-for-transfer-archive	sidecar verifies artifacts/EXP-WRPC-STEP5-HPLL-ZERO-CROSSING-3360-KP-MINUS150-COOLDOWN64-PHASE-GUARD-20260909-raw-transfer.tgz
artifacts/EXP-WRPC-STEP5-HPLL-ZERO-CROSSING-3360-KP-MINUS150-PHASE-GUARD-20260909-raw-transfer.tgz	230468	75c2de513d8fa596a7a1cca30562e40d521129caacc90619247cf63647b7b514	b9fbfa5180ce75b3f5bc811b915932932034ee39	archive-contents-already-present	experiments/legacy/exp-step5-softpll-lock/EXP-WRPC-STEP5-HPLL-ZERO-CROSSING-3360-KP-MINUS150-PHASE-GUARD-20260909	12	12	present
artifacts/EXP-WRPC-STEP5-HPLL-ZERO-CROSSING-3360-KP-MINUS150-PHASE-GUARD-20260909-raw-transfer.tgz.sha256	165	03cccfd052782330681d2b951c7ce08edb1b7d420b157b9640cb76c4c129b11c	bd39cde2a3990bec70d6faa2dcd0beb0c7f1830b	valid-sidecar-for-transfer-archive	sidecar verifies artifacts/EXP-WRPC-STEP5-HPLL-ZERO-CROSSING-3360-KP-MINUS150-PHASE-GUARD-20260909-raw-transfer.tgz
artifacts/EXP-WRPC-STEP5-HPLL-ZERO-CROSSING-3360-KP-MINUS150-STEP32-PHASE-GUARD-20260909-raw-transfer.tgz	242621	0f64b8c9a766259050eda01f35c81090adc55ef1b7b6311bf0e0fc72b841fd3e	fe9f9c1abe5795368c9bafdd99ee8c6e7f9251e1	archive-contents-already-present	experiments/legacy/exp-step5-softpll-lock/EXP-WRPC-STEP5-HPLL-ZERO-CROSSING-3360-KP-MINUS150-STEP32-PHASE-GUARD-20260909	12	12	present
artifacts/EXP-WRPC-STEP5-HPLL-ZERO-CROSSING-3360-KP-MINUS150-STEP32-PHASE-GUARD-20260909-raw-transfer.tgz.sha256	172	092c2a4160aa8291275eff8f0350ce17843fdd1bb4b452140a6dea98d7088b95	5fc83201afc2a5c87c41434b4c8c69e623fa7379	valid-sidecar-for-transfer-archive	sidecar verifies artifacts/EXP-WRPC-STEP5-HPLL-ZERO-CROSSING-3360-KP-MINUS150-STEP32-PHASE-GUARD-20260909-raw-transfer.tgz
artifacts/EXP-WRPC-STEP5-HPLL-ZERO-CROSSING-3360-KP-MINUS75-PHASE-GUARD-20260909-raw-transfer.tgz	235001	1a39434ddaa85eb70d6dce41437310beff4f31fe72b1a1924c5206cc727a901c	0f87c9de5b0edce1d4b135555c563052fb0f86a4	archive-contents-already-present	experiments/legacy/exp-step5-softpll-lock/EXP-WRPC-STEP5-HPLL-ZERO-CROSSING-3360-KP-MINUS75-PHASE-GUARD-20260909	12	12	present
artifacts/EXP-WRPC-STEP5-HPLL-ZERO-CROSSING-3360-KP-MINUS75-PHASE-GUARD-20260909-raw-transfer.tgz.sha256	164	0fba99308d0c23c7c7fbb491fda094f0c1aad821bf8ba9ac7c3c81ce601b9033	6fb2d39acc1766be05156e87da82ea729b26f2ed	valid-sidecar-for-transfer-archive	sidecar verifies artifacts/EXP-WRPC-STEP5-HPLL-ZERO-CROSSING-3360-KP-MINUS75-PHASE-GUARD-20260909-raw-transfer.tgz
artifacts/EXP-WRPC-STEP5-HPLL-ZERO-CROSSING-3360-PHASE-GUARD-20260909-raw-transfer.tgz	312307	18254c0950eea0108914e517eb9d35cd5aea04110b2f7599e2d6a862205e45b6	b4c38e036568a12d139120699b673ca86d738d36	archive-contents-already-present	experiments/legacy/exp-step5-softpll-lock/EXP-WRPC-STEP5-HPLL-ZERO-CROSSING-3360-PHASE-GUARD-20260909	14	14	present
artifacts/EXP-WRPC-STEP5-HPLL-ZERO-CROSSING-3360-PHASE-GUARD-20260909-raw-transfer.tgz.sha256	153	a168bd3165babbea2620f0f04e9366b30fe60a92e6a2f492519c0e83f1c4b0e7	25c6acb1d591eaefc6a423cc191a13fd5eed671d	valid-sidecar-for-transfer-archive	sidecar verifies artifacts/EXP-WRPC-STEP5-HPLL-ZERO-CROSSING-3360-PHASE-GUARD-20260909-raw-transfer.tgz
artifacts/EXP-WRPC-STEP5-I2C-PROVENANCE-128-FINC-20260908.tar.gz	31472	2c9191385e9fba27bb570463d48d30c9902519c41e2223302f7c1b6bf87f035f	96fca00bcb03c2a4feb91ee96e9d0bb93c47628f	exact-git-blob-duplicate	experiments/legacy/exp-step5-softpll-lock/EXP-WRPC-STEP5-I2C-PROVENANCE-128-FINC-20260908/raw/EXP-WRPC-STEP5-I2C-PROVENANCE-128-FINC-20260908.tar.gz
artifacts/EXP-WRPC-STEP5-I2C-SEQUENCE-128-FINC-20260908.tar.gz	32206	53b74ebdad54915f52923dc8621ea1e27ca6819e3b2600d212b97ed2a33822ef	e2e30bfd29c3d9386c708ffab0eef4c578e48d30	exact-git-blob-duplicate	experiments/legacy/exp-step5-softpll-lock/EXP-WRPC-STEP5-I2C-SEQUENCE-128-FINC-20260908/raw/EXP-WRPC-STEP5-I2C-SEQUENCE-128-FINC-20260908.tar.gz
artifacts/EXP-WRPC-STEP5-ISOLATED-NO-BOOTSTRAP-20260908.tar.gz	26566	e86175653aaa61aa16b73ee790c5a5dc03bb1cbfbef2e5c01a4958b30330c919	76ae9d444f1275f4ca67d32e941532262d6136c1	exact-git-blob-duplicate	experiments/legacy/exp-step5-softpll-lock/EXP-WRPC-STEP5-ISOLATED-NO-BOOTSTRAP-20260908/raw/EXP-WRPC-STEP5-ISOLATED-NO-BOOTSTRAP-20260908.tar.gz
artifacts/EXP-WRPC-STEP5-ISOLATED-REVERSE-PERSISTENT-1024-20260908.tar.gz	117591	eb1551e8a7a004cd728424e178e4f95d5acfbd94c694ce87e65051d3bb60ab80	a9dbea99d7e7260dc362cd81c557b48b9b2183a1	exact-git-blob-duplicate	experiments/legacy/exp-step5-softpll-lock/EXP-WRPC-STEP5-ISOLATED-REVERSE-PERSISTENT-1024-20260908/raw/EXP-WRPC-STEP5-ISOLATED-REVERSE-PERSISTENT-1024-20260908.tar.gz
artifacts/EXP-WRPC-STEP5-ISOLATED-STATIC-FORWARD-1024-20260908.tar.gz	25693	8a0d31545758d29c35a00e96255626178847ef86477f168726bc17d68eff560f	ce4c78f1e661f04743efd2eafc36ed49608c9fdf	exact-git-blob-duplicate	experiments/legacy/exp-step5-softpll-lock/EXP-WRPC-STEP5-ISOLATED-STATIC-FORWARD-1024-20260908/raw/EXP-WRPC-STEP5-ISOLATED-STATIC-FORWARD-1024-20260908.tar.gz
artifacts/EXP-WRPC-STEP5-ISOLATED-STATIC-REVERSE-1024-20260908.tar.gz	81036	07b2de60da3482ef025f7dbc36d492be660a934ed32dd1d0c9620a3191b73cc4	733fb249f11e3335f47a884924790ca9157c4e13	exact-git-blob-duplicate	experiments/legacy/exp-step5-softpll-lock/EXP-WRPC-STEP5-ISOLATED-STATIC-REVERSE-1024-20260908/raw/EXP-WRPC-STEP5-ISOLATED-STATIC-REVERSE-1024-20260908.tar.gz
artifacts/EXP-WRPC-STEP5-MAIN-ABSOLUTE-TARGET-FDEC5632-20260908-raw-transfer.tgz	85544	91190cb00cc62f303551f0c2ca6441d9e7ebd003a9d26201f3b1037816910c6d	e8a7939093f2522133635dddf18becc34994959b	archive-contents-already-present	experiments/legacy/exp-step5-softpll-lock/EXP-WRPC-STEP5-MAIN-ABSOLUTE-TARGET-FDEC5632-20260908	24	24
artifacts/EXP-WRPC-STEP5-MAIN-FREQ-DELOCK-FLOOR10-3372-COLD-POWERCYCLE-20260912-HELPER-HIGH-RAIL-raw.tgz	142123	c75a761e88156c30b81ab4c1f073f711312eb8bcc9b21de6168cd8a5a5021f8d	cd2e0511925b675326383db5975b6f56f08e3882	archive-contents-already-present	experiments/legacy/exp-step5-softpll-lock/EXP-WRPC-STEP5-MAIN-FREQ-DELOCK-FLOOR10-3372-COLD-POWERCYCLE-20260912-HELPER-HIGH-RAIL	12	12
artifacts/EXP-WRPC-STEP5-MAIN-FREQ-DELOCK-FLOOR10-3372-UPSTREAM-RECOVERY-BLOCKED-20260911-raw.tgz	6521	d7f591ce6192892ad96a48def54ba0281d8bc8b67637eb4157f4639e0a649481	e9f053928e0c32e0ce79b7e01277f726d2c11462	archive-contents-already-present	experiments/legacy/exp-step5-softpll-lock/EXP-WRPC-STEP5-MAIN-FREQ-DELOCK-FLOOR10-3372-UPSTREAM-RECOVERY-BLOCKED-20260911	8	8
artifacts/EXP-WRPC-STEP5-MAIN-FREQ-POLARITY-PLUS1100-PLUS30-STARTUP-FAIL-20260909-raw-transfer.tgz	6107	da1094a8c3142f4990f0fc873f56bc86c51a6bc825794f599bef1ee68f2f3208	268427329281056ae816b55ef9e57b7424f5479b	archive-contents-already-present	experiments/legacy/exp-step5-softpll-lock/EXP-WRPC-STEP5-MAIN-FREQ-POLARITY-PLUS1100-PLUS30-STARTUP-FAIL-20260909	9	9
artifacts/EXP-WRPC-STEP5-MAIN-FREQ-POLARITY-PLUS1100-PLUS30-VALID-20260909-raw.tgz	20546	61c903f65e00c2dbf005cd5df594607771066deaaa394dc392cf5c94eed11443	02a71648bc73bc9b945dfe5fb971467267b6798d	archive-contents-already-present	experiments/legacy/exp-step5-softpll-lock/EXP-WRPC-STEP5-MAIN-FREQ-POLARITY-PLUS1100-PLUS30-VALID-20260909	9	9
artifacts/EXP-WRPC-STEP5-MAIN-FREQ-PRELOCK-3360-CODESTEP64-KP-MINUS150-HELPERTHRESHOLD2000-20260909-raw-transfer.tgz	19949	aea6d92d28d6dc4e4c1efcda2c3f60e42c318ea7d74057c0a89e75503337f7b9	5263576e03c7d9a22cfc267e9ed6c7b323ed3509	archive-contents-already-present	experiments/legacy/exp-step5-softpll-lock/EXP-WRPC-STEP5-MAIN-FREQ-PRELOCK-3360-CODESTEP64-KP-MINUS150-HELPERTHRESHOLD2000-20260909	9	9
artifacts/EXP-WRPC-STEP5-MAIN-PI-PLUS150-PLUS1-COHERENT-WARM3M-PHASE-WAIT-20260909-raw.tgz	30392	3eb7db877775b0925e33eb94c053f7739506f609a38c25002269533bbd6ad9b2	78bb5889b615078e1e616d4218cbc35c5bfba072	archive-contents-already-present	experiments/legacy/exp-step5-softpll-lock/EXP-WRPC-STEP5-MAIN-PI-PLUS150-PLUS1-COHERENT-WARM3M-PHASE-WAIT-20260909	10	10
artifacts/EXP-WRPC-STEP5-MAIN-PI-PLUS150-PLUS1-FREQ-LOCK-PHASE-WAIT-20260909-raw.tgz	26881	cbba5ec57da44e5c5bbf3ab383e1b183cfb79206564c440c0f5fb0869541db01	48731f5b88f10cf12b36732fba5a2d446daed8e4	archive-contents-already-present	experiments/legacy/exp-step5-softpll-lock/EXP-WRPC-STEP5-MAIN-PI-PLUS150-PLUS1-FREQ-LOCK-PHASE-WAIT-20260909	8	8
artifacts/EXP-WRPC-STEP5-MAIN-PI-PLUS150-PLUS1-OBSERVER-FIX-1500-HELPER-RAIL-20260911-raw-v2.tgz	82326	df5e8d629f3c5e8631134cb4efa3927984befd445d7ba5b3d5fef2ede7377876	4826a6d3aba7be98d17a4116f0e92a5c3e8daa42	archive-contents-already-present	experiments/legacy/exp-step5-softpll-lock/EXP-WRPC-STEP5-MAIN-PI-PLUS150-PLUS1-OBSERVER-FIX-1500-HELPER-RAIL-20260911	8	8
artifacts/EXP-WRPC-STEP5-MAIN-PI-PLUS150-PLUS1-OBSERVER-FIX-1500-HELPER-RAIL-20260911-raw.tgz	69568	cbad4ed40114ffc786be2d28014d65c32fe8dd36617f72e56e93b9bb4cf52ab1	835ca891a24e7b6638084896e2ff75ff6eeda223	archive-contents-already-present	experiments/legacy/exp-step5-softpll-lock/EXP-WRPC-STEP5-MAIN-PI-PLUS150-PLUS1-OBSERVER-FIX-1500-HELPER-RAIL-20260911	7	7
artifacts/EXP-WRPC-STEP5-STATIC-BOOTSTRAP-128-FINC-20260908.tar.gz	29145	afa9c40f062e89d4b12a64c3f122107a1fc5840f81d64aad85d72f4d4402b1bc	d1c043fdecbdf5e3f0412dc44131ffa6a2a5c003	exact-git-blob-duplicate	experiments/legacy/exp-step5-softpll-lock/EXP-WRPC-STEP5-STATIC-BOOTSTRAP-128-FINC-20260908/raw/EXP-WRPC-STEP5-STATIC-BOOTSTRAP-128-FINC-20260908.tar.gz
artifacts/EXP-WRPC-STEP5-STATIC-COARSE-FORWARD-4096-20260908.tar.gz	31661	101ed0dd90ff43d0f75e46bdde5104c858395482aea0fa5540570690f31f42a4	8c350c81be5b23d776621930caf29a053b721043	exact-git-blob-duplicate	experiments/legacy/exp-step5-softpll-lock/EXP-WRPC-STEP5-STATIC-COARSE-FORWARD-4096-20260908/raw/EXP-WRPC-STEP5-STATIC-COARSE-FORWARD-4096-20260908.tar.gz			present
artifacts/EXP-WRPC-STEP5-STATIC-COARSE-FORWARD-4096-20260908.tar.gz.sha256	134	676e54cfdade2f1db9bf9a66d51ffbf729c8996bd56a1d9b67f7d04843c19646	5d4415edc7d18e8e25daa797cfa63eb06ff70276	exact-git-blob-duplicate	experiments/legacy/exp-step5-softpll-lock/EXP-WRPC-STEP5-STATIC-COARSE-FORWARD-4096-20260908/raw/EXP-WRPC-STEP5-STATIC-COARSE-FORWARD-4096-20260908.tar.gz.sha256
artifacts/EXP-WRPC-STEP5-STATIC-COARSE-REVERSE-4096-20260908.tar.gz	32238	df0b49ae7143c44f29b31f3b69fd3f74314ee43c80cd34933ab92c7d6a1bd38d	0bead84ea2afa6a59a2cc01aa139e109f3cc69c0	exact-git-blob-duplicate	experiments/legacy/exp-step5-softpll-lock/EXP-WRPC-STEP5-STATIC-COARSE-REVERSE-4096-20260908/raw/EXP-WRPC-STEP5-STATIC-COARSE-REVERSE-4096-20260908.tar.gz			present
artifacts/EXP-WRPC-STEP5-STATIC-COARSE-REVERSE-4096-20260908.tar.gz.sha256	134	3637288260778b3a29f2a70527d19c49612786f6df36546b6792d83719105cde	34b7ffde4800a88d326708592261422281ddd9d9	exact-git-blob-duplicate	experiments/legacy/exp-step5-softpll-lock/EXP-WRPC-STEP5-STATIC-COARSE-REVERSE-4096-20260908/raw/EXP-WRPC-STEP5-STATIC-COARSE-REVERSE-4096-20260908.tar.gz.sha256
artifacts/EXP-WRPC-STEP5-STATIC-NO-BOOTSTRAP-BASELINE-20260908.tar.gz	34769	6db5692b2e7b7592f395ad66a9115a2eed9acc6701e7d97f9d80b17789999bd5	1d0cf5396815e3a28f1675f9bebfca4c81a8d5a8	exact-git-blob-duplicate	experiments/legacy/exp-step5-softpll-lock/EXP-WRPC-STEP5-STATIC-NO-BOOTSTRAP-BASELINE-20260908/raw/EXP-WRPC-STEP5-STATIC-NO-BOOTSTRAP-BASELINE-20260908.tar.gz			present
artifacts/EXP-WRPC-STEP5-STATIC-NO-BOOTSTRAP-BASELINE-20260908.tar.gz.sha256	136	4342413d82a8789f24450d08e69b56ad9cd87c890ba6db4794400bb7f13b90ff	b84fe940529f1a85b46c2c9077182cae845493ee	exact-git-blob-duplicate	experiments/legacy/exp-step5-softpll-lock/EXP-WRPC-STEP5-STATIC-NO-BOOTSTRAP-BASELINE-20260908/raw/EXP-WRPC-STEP5-STATIC-NO-BOOTSTRAP-BASELINE-20260908.tar.gz.sha256
artifacts/EXP-WRPC-STEP5-STATIC-POLARITY-TELEMETRY-CLEAN-FINC-20260908.tar.gz	30143	bc5450c4f92397054f23071ba8e8284b1603873561713812fb9f8568e44af159	799aeb47cedebab48e4b42e64262b02e5167e0ac	exact-git-blob-duplicate	experiments/legacy/exp-step5-softpll-lock/EXP-WRPC-STEP5-STATIC-POLARITY-TELEMETRY-CLEAN-FINC-20260908/raw/EXP-WRPC-STEP5-STATIC-POLARITY-TELEMETRY-CLEAN-FINC-20260908.tar.gz
artifacts/EXP-WRPC-STEP5-STATIC-POLARITY-TELEMETRY-FRESH-POWER-20260908.tar.gz	28402	dc296c60673e9ef300d91121826766d3e1b3fe5f40d5470212b972b535e8db24	617d1565042ca178bd79d5c3d5b515a33fb07590	exact-git-blob-duplicate	experiments/legacy/exp-step5-softpll-lock/EXP-WRPC-STEP5-STATIC-POLARITY-TELEMETRY-FRESH-POWER-20260908/raw/EXP-WRPC-STEP5-STATIC-POLARITY-TELEMETRY-FRESH-POWER-20260908.tar.gz
artifacts/metadata_template.md	747	840c914fd67f2809252b03f2df9807f14d170ce15d12133e0925f80948125185	079ade490d66ff35b9c4e481712596ee07a1383e	unique-file-to-preserve	experiments/legacy/artifact-inventory/metadata_template.md
artifacts/preserved-before-d8a4d3f/EXP-WRPC-STEP5-HPLL-6208-16-FROZEN-FIT-FRESH-REPROGRAM-MAIN-DAC-FULL-RANGE-AUTHORITY-IDENTIFICATION-20260902/sof-sha256-after-program.txt	482	9ec5ffabd009aec05cd971e4d71343d519be76f103d37024eae7c74684d929f5	62887040eb05e2e61276f82deee069a014256446	exact-git-blob-duplicate	experiments/legacy/exp-step5-softpll-lock/raw/EXP-WRPC-STEP5-HPLL-6208-16-FROZEN-FIT-COLD-POWER-CYCLE-HELPER-REACQUISITION-600S-20260902/sof-sha256.txt
artifacts/preserved-before-d8a4d3f/EXP-WRPC-STEP5-HPLL-6208-16-FROZEN-FIT-FRESH-REPROGRAM-MAIN-DAC-FULL-RANGE-AUTHORITY-IDENTIFICATION-20260902/sof-sha256.txt	482	9ec5ffabd009aec05cd971e4d71343d519be76f103d37024eae7c74684d929f5	62887040eb05e2e61276f82deee069a014256446	exact-git-blob-duplicate	experiments/legacy/exp-step5-softpll-lock/raw/EXP-WRPC-STEP5-HPLL-6208-16-FROZEN-FIT-COLD-POWER-CYCLE-HELPER-REACQUISITION-600S-20260902/sof-sha256.txt
artifacts/preserved-cold-before-e45e423-20260905/sof-sha256.txt	482	9ec5ffabd009aec05cd971e4d71343d519be76f103d37024eae7c74684d929f5	62887040eb05e2e61276f82deee069a014256446	exact-git-blob-duplicate	experiments/legacy/exp-step5-softpll-lock/raw/EXP-WRPC-STEP5-HPLL-6208-16-FROZEN-FIT-COLD-POWER-CYCLE-HELPER-REACQUISITION-600S-20260902/sof-sha256.txt
artifacts/preserved-first-cold-before-warm-20260905/metadata.txt	301	a861c22d8bd8484b83ddd846f314dec00ea9f393a0163d0d91c45fb151115e17	b547b7af22d2ed33e732845f364144e937a28cad	exact-git-blob-duplicate	experiments/legacy/exp-step5-softpll-lock/raw/EXP-WRPC-COLD-BOOT-PROGRAM-ORDER-MASTER-THEN-SLAVE-UPSTREAM-RECOVERY-20260904/metadata.txt
artifacts/preserved-first-cold-before-warm-20260905/sof-sha256.txt	482	f3797e9da0df24d2c1bfde6b8063eaa21993c24051919fa87c2a3fdde9474f0a	9e0cbd44d994fc3cd6f717456fea849387383bd8	exact-git-blob-duplicate	experiments/legacy/exp-step5-softpll-lock/raw/EXP-WRPC-COLD-BOOT-PROGRAM-ORDER-MASTER-THEN-SLAVE-UPSTREAM-RECOVERY-20260904/sof-sha256.txt
artifacts/preserved-remote-step5-raw-20260830/EXP-WRPC-STEP5-HPLL-32STEP-POLARITY-DRIFT-CANCELLED-AB-20260830/build-info-master.txt	141	47e7167d4c94226675c0cce224318dbdaa77c340e5dbbc0e27453b2ff62e615f	496098e37d02b32bf63d6a6b6c4848b19cbeaa3f	exact-git-blob-duplicate	experiments/legacy/exp-step5-softpll-lock/raw/EXP-WRPC-STEP5-HPLL-32STEP-POLARITY-DRIFT-CANCELLED-AB-20260830/build-info-master.txt
artifacts/preserved-remote-step5-raw-20260830/EXP-WRPC-STEP5-HPLL-32STEP-POLARITY-DRIFT-CANCELLED-AB-20260830/build-info-slave.txt	139	9cb497c2b53c7aa35d50aea71bc2c07a8f768dead2fddc3427afc104dd1609b0	d79b892ed428c3e5e4b1ef80da5b69d4e50fa928	exact-git-blob-duplicate	experiments/legacy/exp-step5-softpll-lock/raw/EXP-WRPC-STEP5-HPLL-32STEP-POLARITY-DRIFT-CANCELLED-AB-20260830/build-info-slave.txt
artifacts/preserved-step5-baseline-20260829/raw-untracked/EXP-WRPC-STEP5-HPLL-SAME-CODE-ONE-STEP-AB-20260830-from-remote/build-info-master.txt	951	6b629f41e263d4edb1cdf09e4e83e720894574bbf967369493bcd19ef81840bd	e81a45c395c56156aed07de89f75080e6225cef6	exact-git-blob-duplicate	experiments/legacy/exp-step5-softpll-lock/raw/EXP-WRPC-STEP5-HPLL-SAME-CODE-ONE-STEP-AB-20260830/build-info-master.txt
artifacts/preserved-step5-baseline-20260829/raw-untracked/EXP-WRPC-STEP5-HPLL-SAME-CODE-ONE-STEP-AB-20260830-from-remote/build-info-slave.txt	949	28bb4c43c5f1c724bff975ac4ecffc9dde06df60aa66ef240113be41c76991c4	452ad90bede0ba893ca31c03fbe50808526cd9d2	exact-git-blob-duplicate	experiments/legacy/exp-step5-softpll-lock/raw/EXP-WRPC-STEP5-HPLL-SAME-CODE-ONE-STEP-AB-20260830/build-info-slave.txt
artifacts/sof-sha256-overlay-ownership.txt	280	384068170a2adeec104b8f54d8bc9ee614de2714a952076aee7ff90f6a528de6	d149d0488df8e8849c99a94026b035e7e2c58252	unique-file-to-preserve	experiments/legacy/artifact-inventory/sof-sha256-overlay-ownership.txt
artifacts/sof-sha256.txt	280	231a54eaad8da8edea3e653f259fa3ea7e1bb1a7f21030b13a3427380c8b317b	20ae818163f00206df0e77e0f1b6421ed134e926	unique-file-to-preserve	experiments/legacy/artifact-inventory/sof-sha256.txt
