source_path	bytes	sha256	classification	matching_path	proposed_destination
artifacts/EXP-BASELINE-RS422/master.sof	36763650	9238740e35f2b48915d1fa7ee6d2dca9d443438f197f1226720dde9dd5e1892b	unique-ignored-payload-to-preserve		experiments/legacy/rejected-rs422-step1-candidate/EXP-BASELINE-RS422/master.sof
artifacts/EXP-BASELINE-RS422/slave.sof	36763643	44251d6911c021e0d6fb12083034ec870a7d06a4374e435d27caa5e9efb36f15	unique-ignored-payload-to-preserve		experiments/legacy/rejected-rs422-step1-candidate/EXP-BASELINE-RS422/slave.sof
artifacts/EXP-S5-MAIN-FREQ-THRESH20-PHASE-KI1-F4L-STABILITY-300S-20260920/DE5a_wr_master_jtag.sof	36809340	a2945df48fe86038fdff138f4b6368a777fa3df13f98ac9620fb30baa1ee0129	unique-ignored-payload-to-preserve		experiments/legacy/exp-step5-softpll-lock/artifact-import/EXP-S5-MAIN-FREQ-THRESH20-PHASE-KI1-F4L-STABILITY-300S-20260920/DE5a_wr_master_jtag.sof
artifacts/EXP-S5-MAIN-FREQ-THRESH20-PHASE-KI1-F4L-STABILITY-300S-20260920/DE5a_wr_slave_jtag.sof	36824228	7462d94a521f52e7660295a6873de5141658fbf5392d90a4d4ade7d4e5f36f50	unique-ignored-payload-to-preserve		experiments/legacy/exp-step5-softpll-lock/artifact-import/EXP-S5-MAIN-FREQ-THRESH20-PHASE-KI1-F4L-STABILITY-300S-20260920/DE5a_wr_slave_jtag.sof
artifacts/EXP-S6-UNCALIBRATED-SLOCK-RESTART-PRESENT-20260923/DE5a_wr_master_jtag.sof	36818596	6521eb861051ce2fbe283269169992ecb88e093d734012a97500682d74329845	unique-ignored-payload-to-preserve		experiments/legacy/exp-step6-global-time/artifact-import/EXP-S6-UNCALIBRATED-SLOCK-RESTART-PRESENT-20260923/DE5a_wr_master_jtag.sof
artifacts/EXP-S6-UNCALIBRATED-SLOCK-RESTART-PRESENT-20260923/DE5a_wr_slave_jtag.sof	36831150	4775de6007af90e2049bcff573fa4173d843c4d84d25b88490c89a8635adc5ca	unique-ignored-payload-to-preserve		experiments/legacy/exp-step6-global-time/artifact-import/EXP-S6-UNCALIBRATED-SLOCK-RESTART-PRESENT-20260923/DE5a_wr_slave_jtag.sof
artifacts/EXP-S6-UNCALIBRATED-SLOCK-RESTART-PRESENT-20260923/metadata.md	1205	ca623afd37b1d8dccfc6784d5fb35a3bb85e78aaf12bf7832fbe9bcd6da19ad5	unique-ignored-payload-to-preserve		experiments/legacy/exp-step6-global-time/artifact-import/EXP-S6-UNCALIBRATED-SLOCK-RESTART-PRESENT-20260923/metadata.md
artifacts/EXP-S6-UNCALIBRATED-SLOCK-RESTART-PRESENT-20260923/wrc_master.mif	831301	00cf52190ae60392fce14fcb23ffac6adcb82b3a9ca4de5d1e968d21e3c68681	unique-ignored-payload-to-preserve		experiments/legacy/exp-step6-global-time/artifact-import/EXP-S6-UNCALIBRATED-SLOCK-RESTART-PRESENT-20260923/wrc_master.mif
artifacts/EXP-S6-UNCALIBRATED-SLOCK-RESTART-PRESENT-20260923/wrc_slave.mif	831301	066761f51af3cc279923bd1e349b33d2d311faa7d2fa23e43745d9a1da3ca33c	unique-ignored-payload-to-preserve		experiments/legacy/exp-step6-global-time/artifact-import/EXP-S6-UNCALIBRATED-SLOCK-RESTART-PRESENT-20260923/wrc_slave.mif
artifacts/EXP-STEP4B-F4B-ARBITRATION-CONTROL-20260915/DE5a_wr_master_jtag.sof	36809226	ae017c25ca628f7c7d35636d27079f85e8f5543aa8f712e122f984f5a6932400	unique-ignored-payload-to-preserve		experiments/legacy/exp-step4b-slave-softpll-startup/artifact-import/EXP-STEP4B-F4B-ARBITRATION-CONTROL-20260915/DE5a_wr_master_jtag.sof
artifacts/EXP-STEP4B-F4B-ARBITRATION-CONTROL-20260915/DE5a_wr_slave_jtag.sof	36824114	ec4be4bd6390ce2cbe3c603c99b337fb501d60da37e58c2cf2b5bfca1de5f092	unique-ignored-payload-to-preserve		experiments/legacy/exp-step4b-slave-softpll-startup/artifact-import/EXP-STEP4B-F4B-ARBITRATION-CONTROL-20260915/DE5a_wr_slave_jtag.sof
artifacts/exp-step5-code16-20260902/sof-sha256.txt	280	d60b4d4cb683c3a94edcdde317c91f8371ac5c7232e65c3e9f065cf7ee6bc62c	byte-identical-copy-already-retained	experiments/legacy/exp-step5-softpll-lock/raw/EXP-WRPC-STEP5-HPLL-6208-16-KP-MINUS300-KI-MINUS1-LANE2-TRUSTED-ACTUATOR-AUTHORITY-CLOSED-LOOP-600S-20260902/sof-sha256.txt	experiments/legacy/exp-step5-softpll-lock/artifact-import/exp-step5-code16-20260902/sof-sha256.txt
artifacts/exp-step5-code16-20260902/source-commit.txt	41	d8cc6592efc371569f7650204658097b2d0d29a7c102f717670a66b83b46823a	byte-identical-copy-already-retained	experiments/legacy/exp-step5-softpll-lock/raw/EXP-WRPC-STEP5-HPLL-6208-16-KP-MINUS300-KI-MINUS1-LANE2-TRUSTED-ACTUATOR-AUTHORITY-CLOSED-LOOP-600S-20260902/source-commit.txt	experiments/legacy/exp-step5-softpll-lock/artifact-import/exp-step5-code16-20260902/source-commit.txt
artifacts/exp-step5-code32-20260902/sof-sha256.txt	280	67775508d7c85a423b76b99366f27b38b44d8fb7c841f10b5ada02a2a687c599	byte-identical-copy-already-retained	experiments/legacy/exp-step5-softpll-lock/raw/EXP-WRPC-STEP5-HPLL-6208-32-KP-MINUS300-KI-MINUS1-LANE2-TRUSTED-ACTUATOR-AUTHORITY-CLOSED-LOOP-600S-20260902/sof-sha256.txt	experiments/legacy/exp-step5-softpll-lock/artifact-import/exp-step5-code32-20260902/sof-sha256.txt
artifacts/exp-step5-code32-20260902/source-commit.txt	41	daa0938d8a7e437cf8c6fe8a676631df114612d5521b77fb6c1aca1b8d9aac77	byte-identical-copy-already-retained	experiments/legacy/exp-step5-softpll-lock/raw/EXP-WRPC-STEP5-HPLL-6208-32-KP-MINUS300-KI-MINUS1-LANE2-TRUSTED-ACTUATOR-AUTHORITY-CLOSED-LOOP-600S-20260902/source-commit.txt	experiments/legacy/exp-step5-softpll-lock/artifact-import/exp-step5-code32-20260902/source-commit.txt
artifacts/exp-step5-code64-20260902/sof-sha256.txt	280	929ff8be184892af23e7aacae54b88143b36079d4a39c4d55c02d9071423d9ee	byte-identical-copy-already-retained	experiments/legacy/exp-step5-softpll-lock/raw/EXP-WRPC-STEP5-HPLL-6208-64-KP-MINUS300-KI-MINUS1-LANE2-TRUSTED-ACTUATOR-AUTHORITY-CLOSED-LOOP-600S-20260902/sof-sha256.txt	experiments/legacy/exp-step5-softpll-lock/artifact-import/exp-step5-code64-20260902/sof-sha256.txt
artifacts/exp-step5-code64-20260902/source-commit.txt	41	1533a9297f8c0579a9340db7e5e6b301cccc0f455885880844d98a4b5caec9af	byte-identical-copy-already-retained	experiments/legacy/exp-step5-softpll-lock/raw/EXP-WRPC-STEP5-HPLL-6208-64-KP-MINUS300-KI-MINUS1-LANE2-TRUSTED-ACTUATOR-AUTHORITY-CLOSED-LOOP-600S-20260902/source-commit.txt	experiments/legacy/exp-step5-softpll-lock/artifact-import/exp-step5-code64-20260902/source-commit.txt
artifacts/exp-step5-frozen-fit-20260902/004f439-fit-sta-after.sha256	472	d729d7837f0601d1ce324e8239de0617b06d6987f4e7acadc4abc84d9bc99cc3	byte-identical-copy-already-retained	experiments/legacy/exp-step5-softpll-lock/raw/step5-004f439-preflight-20260902/004f439-fit-sta-after.sha256	experiments/legacy/exp-step5-softpll-lock/artifact-import/exp-step5-frozen-fit-20260902/004f439-fit-sta-after.sha256
artifacts/exp-step5-frozen-fit-20260902/004f439-fit-sta-before.sha256	472	d729d7837f0601d1ce324e8239de0617b06d6987f4e7acadc4abc84d9bc99cc3	byte-identical-copy-already-retained	experiments/legacy/exp-step5-softpll-lock/raw/step5-004f439-preflight-20260902/004f439-fit-sta-after.sha256	experiments/legacy/exp-step5-softpll-lock/artifact-import/exp-step5-frozen-fit-20260902/004f439-fit-sta-before.sha256
artifacts/exp-step5-frozen-fit-20260902/004f439-image-sha256.txt	419	6bf4e45ceb971251243d3cbcd02bfdda9544d72adec0c24a8f0b540aaa81ef31	byte-identical-copy-already-retained	experiments/legacy/exp-step5-softpll-lock/raw/step5-004f439-preflight-20260902/004f439-image-sha256.txt	experiments/legacy/exp-step5-softpll-lock/artifact-import/exp-step5-frozen-fit-20260902/004f439-image-sha256.txt
artifacts/exp-step5-frozen-fit-20260902/observer-kp300.tcl	94183	5c0e91627e2688d083c49aafd55dbcc6558b20514461f307737261abcd834927	byte-identical-copy-already-retained	experiments/legacy/exp-step5-softpll-lock/EXP-S5-FROZEN-FIT-SOURCE-OBSERVER-ARCHIVE-20260924/raw/observer/observer-kp300.tcl	experiments/legacy/exp-step5-softpll-lock/artifact-import/exp-step5-frozen-fit-20260902/observer-kp300.tcl
artifacts/exp-step5-frozen-fit-20260902/observer-kp301.tcl	94183	41ccaeed1ebd7ecb2d27c2f3699ecc11303d48243a9b24289d5436c37a2aba9d	byte-identical-copy-already-retained	experiments/legacy/exp-step5-softpll-lock/EXP-S5-FROZEN-FIT-SOURCE-OBSERVER-ARCHIVE-20260924/raw/observer/observer-kp301.tcl	experiments/legacy/exp-step5-softpll-lock/artifact-import/exp-step5-frozen-fit-20260902/observer-kp301.tcl
artifacts/EXP-S5-N2-STARTUP-WR-DEADLINE-PLL-20260914/raw/checksums.sha256	2698	f446ec4d4e2ca817ea3a3d14b013b3e26eebaf4ded22c0a79735540fa25444cf	byte-identical-copy-already-retained	experiments/legacy/exp-step5-softpll-lock/EXP-S5-N2-STARTUP-WR-DEADLINE-PLL-20260914/raw/checksums.sha256	experiments/legacy/exp-step5-softpll-lock/artifact-import/EXP-S5-N2-STARTUP-WR-DEADLINE-PLL-20260914/raw/checksums.sha256
artifacts/EXP-S5-N2-STARTUP-WR-DEADLINE-PLL-20260914/raw/preflight-wb-runtime-raw.log	19701	3db539295dbe85a3ce40275eedb7e7ad98ef9348357688951dbc9ae3b9504df1	byte-identical-copy-already-retained	experiments/legacy/exp-step5-softpll-lock/EXP-S5-N2-STARTUP-WR-DEADLINE-PLL-20260914/raw/preflight-wb-runtime-raw.log	experiments/legacy/exp-step5-softpll-lock/artifact-import/EXP-S5-N2-STARTUP-WR-DEADLINE-PLL-20260914/raw/preflight-wb-runtime-raw.log
artifacts/EXP-S5-N2-STARTUP-WR-DEADLINE-PLL-20260914/raw/preflight-wb-runtime-rerun.log	19689	2d51f805ccf440c3b9c561218ded79e8b19cabbdd0e46b6c4dc63d719c7d912c	byte-identical-copy-already-retained	experiments/legacy/exp-step5-softpll-lock/EXP-S5-N2-STARTUP-WR-DEADLINE-PLL-20260914/raw/preflight-wb-runtime-rerun.log	experiments/legacy/exp-step5-softpll-lock/artifact-import/EXP-S5-N2-STARTUP-WR-DEADLINE-PLL-20260914/raw/preflight-wb-runtime-rerun.log
artifacts/EXP-S5-N2-STARTUP-WR-DEADLINE-PLL-20260914/raw/program-master-rerun.log	2228	ecce39630bd1e14aa3a781eb5c8d63eabba21e9b45e3bb8d0449edefcde64a5f	byte-identical-copy-already-retained	experiments/legacy/exp-step5-softpll-lock/EXP-S5-N2-STARTUP-WR-DEADLINE-PLL-20260914/raw/program-master-rerun.log	experiments/legacy/exp-step5-softpll-lock/artifact-import/EXP-S5-N2-STARTUP-WR-DEADLINE-PLL-20260914/raw/program-master-rerun.log
artifacts/EXP-S5-N2-STARTUP-WR-DEADLINE-PLL-20260914/raw/program-master.log	2228	7a9590759f2654d4cdf03854744bb5a37dc85d4891a2451d9705010d08d05a18	byte-identical-copy-already-retained	experiments/legacy/exp-step5-softpll-lock/EXP-S5-N2-STARTUP-WR-DEADLINE-PLL-20260914/raw/program-master.log	experiments/legacy/exp-step5-softpll-lock/artifact-import/EXP-S5-N2-STARTUP-WR-DEADLINE-PLL-20260914/raw/program-master.log
artifacts/EXP-S5-N2-STARTUP-WR-DEADLINE-PLL-20260914/raw/program-slave-rerun.log	2224	b42166d5b8ec930dd78e3f0ff2342b4677db2176c3d0f3c304e53ea04e9f8bcd	byte-identical-copy-already-retained	experiments/legacy/exp-step5-softpll-lock/EXP-S5-N2-STARTUP-WR-DEADLINE-PLL-20260914/raw/program-slave-rerun.log	experiments/legacy/exp-step5-softpll-lock/artifact-import/EXP-S5-N2-STARTUP-WR-DEADLINE-PLL-20260914/raw/program-slave-rerun.log
artifacts/EXP-S5-N2-STARTUP-WR-DEADLINE-PLL-20260914/raw/program-slave.log	2224	40ff7ad744f63911cf505040be23cb88d5f9677ad165d81180adc10fe190648e	byte-identical-copy-already-retained	experiments/legacy/exp-step5-softpll-lock/EXP-S5-N2-STARTUP-WR-DEADLINE-PLL-20260914/raw/program-slave.log	experiments/legacy/exp-step5-softpll-lock/artifact-import/EXP-S5-N2-STARTUP-WR-DEADLINE-PLL-20260914/raw/program-slave.log
artifacts/EXP-S5-N2-STARTUP-WR-DEADLINE-PLL-20260914/raw/startup-timeline-final.log	512222	6eb85be9722a14e4a53ce58614ee92a9fcb830cecf422495af1c9e594bc568de	byte-identical-copy-already-retained	experiments/legacy/exp-step5-softpll-lock/EXP-S5-N2-STARTUP-WR-DEADLINE-PLL-20260914/raw/startup-timeline-final.log	experiments/legacy/exp-step5-softpll-lock/artifact-import/EXP-S5-N2-STARTUP-WR-DEADLINE-PLL-20260914/raw/startup-timeline-final.log
artifacts/EXP-S5-N2-STARTUP-WR-DEADLINE-PLL-20260914/raw/startup-timeline-rerun.log	512222	6eb85be9722a14e4a53ce58614ee92a9fcb830cecf422495af1c9e594bc568de	byte-identical-copy-already-retained	experiments/legacy/exp-step5-softpll-lock/EXP-S5-N2-STARTUP-WR-DEADLINE-PLL-20260914/raw/startup-timeline-final.log	experiments/legacy/exp-step5-softpll-lock/artifact-import/EXP-S5-N2-STARTUP-WR-DEADLINE-PLL-20260914/raw/startup-timeline-rerun.log
artifacts/EXP-S5-N2-STARTUP-WR-DEADLINE-PLL-20260914/raw/startup-timeline-v1-summary-format-error.log	486147	f24088055e77366e3d4e407d90e5000dcd1bf8a67f197504bc4f4d81f486f08f	byte-identical-copy-already-retained	experiments/legacy/exp-step5-softpll-lock/EXP-S5-N2-STARTUP-WR-DEADLINE-PLL-20260914/raw/startup-timeline-v1-summary-format-error.log	experiments/legacy/exp-step5-softpll-lock/artifact-import/EXP-S5-N2-STARTUP-WR-DEADLINE-PLL-20260914/raw/startup-timeline-v1-summary-format-error.log
artifacts/EXP-S5-N2-STARTUP-WR-DEADLINE-PLL-20260914/raw/startup-timeline.log	486147	f24088055e77366e3d4e407d90e5000dcd1bf8a67f197504bc4f4d81f486f08f	byte-identical-copy-already-retained	experiments/legacy/exp-step5-softpll-lock/EXP-S5-N2-STARTUP-WR-DEADLINE-PLL-20260914/raw/startup-timeline-v1-summary-format-error.log	experiments/legacy/exp-step5-softpll-lock/artifact-import/EXP-S5-N2-STARTUP-WR-DEADLINE-PLL-20260914/raw/startup-timeline.log
artifacts/EXP-S5-N2-STARTUP-WR-DEADLINE-PLL-20260914/raw/build/build-info-master.txt	930	cfab0d28acf13053b67a46c96195d9e564cdf300bd2c4630f4605d329390f43b	byte-identical-copy-already-retained	experiments/legacy/exp-step5-softpll-lock/EXP-S5-N2-STARTUP-WR-DEADLINE-PLL-20260914/raw/build/build-info-master.txt	experiments/legacy/exp-step5-softpll-lock/artifact-import/EXP-S5-N2-STARTUP-WR-DEADLINE-PLL-20260914/raw/build/build-info-master.txt
artifacts/EXP-S5-N2-STARTUP-WR-DEADLINE-PLL-20260914/raw/build/build-info-slave.txt	927	e425d32ef573a7b805cf808f9446e7498d22bb6329efec7cdbf43e7a6ca47a98	byte-identical-copy-already-retained	experiments/legacy/exp-step5-softpll-lock/EXP-S5-N2-STARTUP-WR-DEADLINE-PLL-20260914/raw/build/build-info-slave.txt	experiments/legacy/exp-step5-softpll-lock/artifact-import/EXP-S5-N2-STARTUP-WR-DEADLINE-PLL-20260914/raw/build/build-info-slave.txt
artifacts/EXP-S5-N2-STARTUP-WR-DEADLINE-PLL-20260914/raw/build/image-sha256.txt	471	ef4f2beab75aca8b71b4dd0fbace980ddfd64237e4ba4d6de9b4e416a871bed7	byte-identical-copy-already-retained	experiments/legacy/exp-step5-softpll-lock/EXP-S5-N2-STARTUP-WR-DEADLINE-PLL-20260914/raw/build/image-sha256.txt	experiments/legacy/exp-step5-softpll-lock/artifact-import/EXP-S5-N2-STARTUP-WR-DEADLINE-PLL-20260914/raw/build/image-sha256.txt
artifacts/EXP-S5-N2-STARTUP-WR-DEADLINE-PLL-20260914/raw/build/jtag-master.log	519637	e1173ff738f6a71b77e2ce1db98dd0ce475b2ba85fa12f6dc8199416a7ec659b	byte-identical-copy-already-retained	experiments/legacy/exp-step5-softpll-lock/EXP-S5-N2-STARTUP-WR-DEADLINE-PLL-20260914/raw/build/jtag-master.log	experiments/legacy/exp-step5-softpll-lock/artifact-import/EXP-S5-N2-STARTUP-WR-DEADLINE-PLL-20260914/raw/build/jtag-master.log
artifacts/EXP-S5-N2-STARTUP-WR-DEADLINE-PLL-20260914/raw/build/jtag-slave.log	571554	b881e883f93245f407ee21cafda889297a46dfe3eefd2843c6d2a674c64c93ae	byte-identical-copy-already-retained	experiments/legacy/exp-step5-softpll-lock/EXP-S5-N2-STARTUP-WR-DEADLINE-PLL-20260914/raw/build/jtag-slave.log	experiments/legacy/exp-step5-softpll-lock/artifact-import/EXP-S5-N2-STARTUP-WR-DEADLINE-PLL-20260914/raw/build/jtag-slave.log
artifacts/EXP-S5-N2-STARTUP-WR-DEADLINE-PLL-20260914/raw/build/master-build_hashes.sha256	694	c25bcdf633ba8417ba69b454a682426ffe549da7c6fe348b2a9c42f53d2d3d53	byte-identical-copy-already-retained	experiments/legacy/exp-step5-softpll-lock/EXP-S5-N2-STARTUP-WR-DEADLINE-PLL-20260914/raw/build/master-build_hashes.sha256	experiments/legacy/exp-step5-softpll-lock/artifact-import/EXP-S5-N2-STARTUP-WR-DEADLINE-PLL-20260914/raw/build/master-build_hashes.sha256
artifacts/EXP-S5-N2-STARTUP-WR-DEADLINE-PLL-20260914/raw/build/master-firmware.log	93610	8e7fb4d1b890ecd0ecc85aa6afb1071151d33f8bddb126e397963332751014cb	byte-identical-copy-already-retained	experiments/legacy/exp-step5-softpll-lock/EXP-S5-N2-STARTUP-WR-DEADLINE-PLL-20260914/raw/build/master-firmware.log	experiments/legacy/exp-step5-softpll-lock/artifact-import/EXP-S5-N2-STARTUP-WR-DEADLINE-PLL-20260914/raw/build/master-firmware.log
artifacts/EXP-S5-N2-STARTUP-WR-DEADLINE-PLL-20260914/raw/build/slave-build_hashes.sha256	689	b6a866c6c4a26790c78704c1ac85830cc23198aaaa5c30b33ac0b0b8ef9e8f48	byte-identical-copy-already-retained	experiments/legacy/exp-step5-softpll-lock/EXP-S5-N2-STARTUP-WR-DEADLINE-PLL-20260914/raw/build/slave-build_hashes.sha256	experiments/legacy/exp-step5-softpll-lock/artifact-import/EXP-S5-N2-STARTUP-WR-DEADLINE-PLL-20260914/raw/build/slave-build_hashes.sha256
artifacts/EXP-S5-N2-STARTUP-WR-DEADLINE-PLL-20260914/raw/build/slave-firmware.log	93434	77a7064ef4564dbec01ca3ac7480168c468d81a6d205b9cabfba116d987ae23f	byte-identical-copy-already-retained	experiments/legacy/exp-step5-softpll-lock/EXP-S5-N2-STARTUP-WR-DEADLINE-PLL-20260914/raw/build/slave-firmware.log	experiments/legacy/exp-step5-softpll-lock/artifact-import/EXP-S5-N2-STARTUP-WR-DEADLINE-PLL-20260914/raw/build/slave-firmware.log
artifacts/EXP-S5-N2-STARTUP-WR-DEADLINE-PLL-20260914/raw/build-rerun/build-info-master.txt	930	76d08944819fcc26879b4f16712aa3624d22bb441bf7c2a36ac99b8fe0cf10d6	byte-identical-copy-already-retained	experiments/legacy/exp-step5-softpll-lock/EXP-S5-N2-STARTUP-WR-DEADLINE-PLL-20260914/raw/build-rerun/build-info-master.txt	experiments/legacy/exp-step5-softpll-lock/artifact-import/EXP-S5-N2-STARTUP-WR-DEADLINE-PLL-20260914/raw/build-rerun/build-info-master.txt
artifacts/EXP-S5-N2-STARTUP-WR-DEADLINE-PLL-20260914/raw/build-rerun/build-info-slave.txt	927	2a48a2c7ce51fa6f6b766e8af9b2914278d8cf737c697f3c0e3afcb116f3e691	byte-identical-copy-already-retained	experiments/legacy/exp-step5-softpll-lock/EXP-S5-N2-STARTUP-WR-DEADLINE-PLL-20260914/raw/build-rerun/build-info-slave.txt	experiments/legacy/exp-step5-softpll-lock/artifact-import/EXP-S5-N2-STARTUP-WR-DEADLINE-PLL-20260914/raw/build-rerun/build-info-slave.txt
artifacts/EXP-S5-N2-STARTUP-WR-DEADLINE-PLL-20260914/raw/build-rerun/image-sha256.txt	471	e6a80ec541c4947ebdc0ba9e499d9531b8b20fbd5f79900d40214879abfbfd7b	byte-identical-copy-already-retained	experiments/legacy/exp-step5-softpll-lock/EXP-S5-N2-STARTUP-WR-DEADLINE-PLL-20260914/raw/build-rerun/image-sha256.txt	experiments/legacy/exp-step5-softpll-lock/artifact-import/EXP-S5-N2-STARTUP-WR-DEADLINE-PLL-20260914/raw/build-rerun/image-sha256.txt
artifacts/EXP-S5-N2-STARTUP-WR-DEADLINE-PLL-20260914/raw/build-rerun/jtag-master.log	519637	26718a909550b6829d50bbd89ecf7138b67beb03e845008be33513a0a6d6bce3	byte-identical-copy-already-retained	experiments/legacy/exp-step5-softpll-lock/EXP-S5-N2-STARTUP-WR-DEADLINE-PLL-20260914/raw/build-rerun/jtag-master.log	experiments/legacy/exp-step5-softpll-lock/artifact-import/EXP-S5-N2-STARTUP-WR-DEADLINE-PLL-20260914/raw/build-rerun/jtag-master.log
artifacts/EXP-S5-N2-STARTUP-WR-DEADLINE-PLL-20260914/raw/build-rerun/jtag-slave.log	571554	59dfbdcea4d9fd46fd2c4e2fa96b7bc11cfb0a6de65224260d2723b23d0f52ce	byte-identical-copy-already-retained	experiments/legacy/exp-step5-softpll-lock/EXP-S5-N2-STARTUP-WR-DEADLINE-PLL-20260914/raw/build-rerun/jtag-slave.log	experiments/legacy/exp-step5-softpll-lock/artifact-import/EXP-S5-N2-STARTUP-WR-DEADLINE-PLL-20260914/raw/build-rerun/jtag-slave.log
artifacts/EXP-S5-N2-STARTUP-WR-DEADLINE-PLL-20260914/raw/build-rerun/master-build_hashes.sha256	694	624f78fafae9e6cdc014cbe0d9beefb126802f936d0065bf252622b0cc6ff2c3	byte-identical-copy-already-retained	experiments/legacy/exp-step5-softpll-lock/EXP-S5-N2-STARTUP-WR-DEADLINE-PLL-20260914/raw/build-rerun/master-build_hashes.sha256	experiments/legacy/exp-step5-softpll-lock/artifact-import/EXP-S5-N2-STARTUP-WR-DEADLINE-PLL-20260914/raw/build-rerun/master-build_hashes.sha256
artifacts/EXP-S5-N2-STARTUP-WR-DEADLINE-PLL-20260914/raw/build-rerun/master-firmware.log	93610	218139d24c3565ec41a63cb40a535019ef4e99c9b075d06649431f5a40a7f713	byte-identical-copy-already-retained	experiments/legacy/exp-step5-softpll-lock/EXP-S5-N2-STARTUP-WR-DEADLINE-PLL-20260914/raw/build-rerun/master-firmware.log	experiments/legacy/exp-step5-softpll-lock/artifact-import/EXP-S5-N2-STARTUP-WR-DEADLINE-PLL-20260914/raw/build-rerun/master-firmware.log
artifacts/EXP-S5-N2-STARTUP-WR-DEADLINE-PLL-20260914/raw/build-rerun/slave-build_hashes.sha256	689	dcd2e0fa249379b0f6d34f25bf43fe87df17c9067908d355c6e4b8cd3f638a83	byte-identical-copy-already-retained	experiments/legacy/exp-step5-softpll-lock/EXP-S5-N2-STARTUP-WR-DEADLINE-PLL-20260914/raw/build-rerun/slave-build_hashes.sha256	experiments/legacy/exp-step5-softpll-lock/artifact-import/EXP-S5-N2-STARTUP-WR-DEADLINE-PLL-20260914/raw/build-rerun/slave-build_hashes.sha256
artifacts/EXP-S5-N2-STARTUP-WR-DEADLINE-PLL-20260914/raw/build-rerun/slave-firmware.log	93434	54bbfe19547e5ed1155fa22b16154132f15537492d1391564dd0d9b0a5ee2456	byte-identical-copy-already-retained	experiments/legacy/exp-step5-softpll-lock/EXP-S5-N2-STARTUP-WR-DEADLINE-PLL-20260914/raw/build-rerun/slave-firmware.log	experiments/legacy/exp-step5-softpll-lock/artifact-import/EXP-S5-N2-STARTUP-WR-DEADLINE-PLL-20260914/raw/build-rerun/slave-firmware.log
artifacts/exp-step5-frozen-fit-20260902/canonical-004f439-before-mif/DE5a_wr_master_jtag.qpf	1319	0885ab6140e881bb747dbade7ec3dc9af834c3e54cb690891b812e83a02e7e01	byte-identical-copy-already-retained	artifacts/milestones/step1_phy_link/source/quartus/DE5a_wr_master_jtag.qpf	experiments/legacy/exp-step5-softpll-lock/artifact-import/exp-step5-frozen-fit-20260902/canonical-004f439-before-mif/DE5a_wr_master_jtag.qpf
artifacts/exp-step5-frozen-fit-20260902/canonical-004f439-before-mif/DE5a_wr_master_jtag.qsf	36296	6d28fc359e96aac128490afbc8487d8efab730f22b1a071c5fb8d0fa5e6a5a38	byte-identical-copy-already-retained	experiments/legacy/exp-step5-softpll-lock/EXP-S5-FROZEN-FIT-SOURCE-OBSERVER-ARCHIVE-20260924/raw/source/DE5a_wr_master_jtag.qsf	experiments/legacy/exp-step5-softpll-lock/artifact-import/exp-step5-frozen-fit-20260902/canonical-004f439-before-mif/DE5a_wr_master_jtag.qsf
artifacts/exp-step5-frozen-fit-20260902/canonical-004f439-before-mif/DE5a_wr_master_jtag.sdc	396	921e0918187eece1e2445e59e1220d3bba4795bb17111f29b63b16ba54d9095b	byte-identical-copy-already-retained	experiments/legacy/exp-step5-softpll-lock/EXP-S5-FROZEN-FIT-SOURCE-OBSERVER-ARCHIVE-20260924/raw/source/DE5a_wr_master_jtag.sdc	experiments/legacy/exp-step5-softpll-lock/artifact-import/exp-step5-frozen-fit-20260902/canonical-004f439-before-mif/DE5a_wr_master_jtag.sdc
artifacts/exp-step5-frozen-fit-20260902/canonical-004f439-before-mif/DE5a_wr_master_jtag.vhd	72265	0fe191ad963cc5c5fea4eeb57a240d3d0dff4d730753bf6ace908870ec5ec0e7	byte-identical-copy-already-retained	experiments/legacy/exp-step5-softpll-lock/EXP-S5-FROZEN-FIT-SOURCE-OBSERVER-ARCHIVE-20260924/raw/source/DE5a_wr_master_jtag.vhd	experiments/legacy/exp-step5-softpll-lock/artifact-import/exp-step5-frozen-fit-20260902/canonical-004f439-before-mif/DE5a_wr_master_jtag.vhd
artifacts/exp-step5-frozen-fit-20260902/canonical-004f439-before-mif/DE5a_wr_slave_jtag.qpf	1318	e8f6d590ebf5c8fec62e47b768a371b3d4e2c8a017490f9e775d227343ddc3f3	byte-identical-copy-already-retained	artifacts/milestones/step1_phy_link/source/quartus/DE5a_wr_slave_jtag.qpf	experiments/legacy/exp-step5-softpll-lock/artifact-import/exp-step5-frozen-fit-20260902/canonical-004f439-before-mif/DE5a_wr_slave_jtag.qpf
artifacts/exp-step5-frozen-fit-20260902/canonical-004f439-before-mif/DE5a_wr_slave_jtag.qsf	36257	2d86e2eef4c1ebc28c5e5b8e1df4485f61afb925724b8aeb4086501ed9beeb5c	byte-identical-copy-already-retained	experiments/legacy/exp-step5-softpll-lock/EXP-S5-FROZEN-FIT-SOURCE-OBSERVER-ARCHIVE-20260924/raw/source/DE5a_wr_slave_jtag.qsf	experiments/legacy/exp-step5-softpll-lock/artifact-import/exp-step5-frozen-fit-20260902/canonical-004f439-before-mif/DE5a_wr_slave_jtag.qsf
artifacts/exp-step5-frozen-fit-20260902/canonical-004f439-before-mif/DE5a_wr_slave_jtag.sdc	396	921e0918187eece1e2445e59e1220d3bba4795bb17111f29b63b16ba54d9095b	byte-identical-copy-already-retained	experiments/legacy/exp-step5-softpll-lock/EXP-S5-FROZEN-FIT-SOURCE-OBSERVER-ARCHIVE-20260924/raw/source/DE5a_wr_master_jtag.sdc	experiments/legacy/exp-step5-softpll-lock/artifact-import/exp-step5-frozen-fit-20260902/canonical-004f439-before-mif/DE5a_wr_slave_jtag.sdc
artifacts/exp-step5-frozen-fit-20260902/canonical-004f439-before-mif/DE5a_wr_slave_jtag.vhd	86344	f818185046e3220ab9a4d2e9a5948a793a763585a02570026e9dd40c79738b9e	byte-identical-copy-already-retained	experiments/legacy/exp-step5-softpll-lock/EXP-S5-FROZEN-FIT-SOURCE-OBSERVER-ARCHIVE-20260924/raw/source/DE5a_wr_slave_jtag.vhd	experiments/legacy/exp-step5-softpll-lock/artifact-import/exp-step5-frozen-fit-20260902/canonical-004f439-before-mif/DE5a_wr_slave_jtag.vhd
artifacts/exp-step5-frozen-fit-20260902/canonical-004f439-before-mif/i2c_bus_controller_dco.v	15945	d04cac3f4eb9785d3552cf9f78ae85765a604fa730c78fc89cbe7eb11b9bf3cc	byte-identical-copy-already-retained	artifacts/milestones/step2_endpoint_ptp/source/quartus/i2c_bus_controller_dco.v	experiments/legacy/exp-step5-softpll-lock/artifact-import/exp-step5-frozen-fit-20260902/canonical-004f439-before-mif/i2c_bus_controller_dco.v
artifacts/exp-step5-frozen-fit-20260902/canonical-004f439-before-mif/si5340a_controller_dco.v	29133	04a664b9f74c777809488a9f6edb45bb2fc26ec14e0c4add6101b52a280eaea5	byte-identical-copy-already-retained	experiments/legacy/exp-step5-softpll-lock/EXP-S5-FROZEN-FIT-SOURCE-OBSERVER-ARCHIVE-20260924/raw/source/si5340a_controller_dco.v	experiments/legacy/exp-step5-softpll-lock/artifact-import/exp-step5-frozen-fit-20260902/canonical-004f439-before-mif/si5340a_controller_dco.v
artifacts/exp-step5-frozen-fit-20260902/canonical-004f439-before-mif/si5340a_i2c_reg_controller_dco.v	31448	04d4feb68e498a10a76f0e3e2df08926d158483ad932bda5169103c24a17c2c0	byte-identical-copy-already-retained	experiments/legacy/exp-step4-softpll-enable/raw/EXP-WRPC-STEP4-STATIC-FSM-IDLE-COMPLETION-GATE-FIX-20260828/si5340a_i2c_reg_controller_dco.v	experiments/legacy/exp-step5-softpll-lock/artifact-import/exp-step5-frozen-fit-20260902/canonical-004f439-before-mif/si5340a_i2c_reg_controller_dco.v
artifacts/exp-step5-frozen-fit-20260902/canonical-004f439-before-mif/wr_jtag_wb_mailbox.vhd	5134	a884ff11045626826fe182fe54b51f78f91749346e8cb2b940d4d53049a3c13c	byte-identical-copy-already-retained	artifacts/milestones/step1_phy_link/source/quartus/wr_jtag_wb_mailbox.vhd	experiments/legacy/exp-step5-softpll-lock/artifact-import/exp-step5-frozen-fit-20260902/canonical-004f439-before-mif/wr_jtag_wb_mailbox.vhd
artifacts/exp-step5-frozen-fit-20260902/canonical-004f439-before-mif/wr_sys_clk_625.vhd	6098	122b0749a9a3a65540c5945833375ddbd58b09de5a5beed0371c1eee5b0e13e6	byte-identical-copy-already-retained	artifacts/milestones/step2_endpoint_ptp/source/quartus/wr_sys_clk_625.vhd	experiments/legacy/exp-step5-softpll-lock/artifact-import/exp-step5-frozen-fit-20260902/canonical-004f439-before-mif/wr_sys_clk_625.vhd
artifacts/exp-step5-frozen-fit-20260902/canonical-7585a06-before-mif-rollback/quartus/jtag_runtime_diag/DE5a_wr_master_jtag.qpf	1319	0885ab6140e881bb747dbade7ec3dc9af834c3e54cb690891b812e83a02e7e01	byte-identical-copy-already-retained	artifacts/milestones/step1_phy_link/source/quartus/DE5a_wr_master_jtag.qpf	experiments/legacy/exp-step5-softpll-lock/artifact-import/exp-step5-frozen-fit-20260902/canonical-7585a06-before-mif-rollback/quartus/jtag_runtime_diag/DE5a_wr_master_jtag.qpf
artifacts/exp-step5-frozen-fit-20260902/canonical-7585a06-before-mif-rollback/quartus/jtag_runtime_diag/DE5a_wr_master_jtag.qsf	36296	6d28fc359e96aac128490afbc8487d8efab730f22b1a071c5fb8d0fa5e6a5a38	byte-identical-copy-already-retained	experiments/legacy/exp-step5-softpll-lock/EXP-S5-FROZEN-FIT-SOURCE-OBSERVER-ARCHIVE-20260924/raw/source/DE5a_wr_master_jtag.qsf	experiments/legacy/exp-step5-softpll-lock/artifact-import/exp-step5-frozen-fit-20260902/canonical-7585a06-before-mif-rollback/quartus/jtag_runtime_diag/DE5a_wr_master_jtag.qsf
artifacts/exp-step5-frozen-fit-20260902/canonical-7585a06-before-mif-rollback/quartus/jtag_runtime_diag/DE5a_wr_master_jtag.sdc	396	921e0918187eece1e2445e59e1220d3bba4795bb17111f29b63b16ba54d9095b	byte-identical-copy-already-retained	experiments/legacy/exp-step5-softpll-lock/EXP-S5-FROZEN-FIT-SOURCE-OBSERVER-ARCHIVE-20260924/raw/source/DE5a_wr_master_jtag.sdc	experiments/legacy/exp-step5-softpll-lock/artifact-import/exp-step5-frozen-fit-20260902/canonical-7585a06-before-mif-rollback/quartus/jtag_runtime_diag/DE5a_wr_master_jtag.sdc
artifacts/exp-step5-frozen-fit-20260902/canonical-7585a06-before-mif-rollback/quartus/jtag_runtime_diag/DE5a_wr_master_jtag.vhd	72265	0fe191ad963cc5c5fea4eeb57a240d3d0dff4d730753bf6ace908870ec5ec0e7	byte-identical-copy-already-retained	experiments/legacy/exp-step5-softpll-lock/EXP-S5-FROZEN-FIT-SOURCE-OBSERVER-ARCHIVE-20260924/raw/source/DE5a_wr_master_jtag.vhd	experiments/legacy/exp-step5-softpll-lock/artifact-import/exp-step5-frozen-fit-20260902/canonical-7585a06-before-mif-rollback/quartus/jtag_runtime_diag/DE5a_wr_master_jtag.vhd
artifacts/exp-step5-frozen-fit-20260902/canonical-7585a06-before-mif-rollback/quartus/jtag_runtime_diag/DE5a_wr_slave_jtag.qpf	1318	e8f6d590ebf5c8fec62e47b768a371b3d4e2c8a017490f9e775d227343ddc3f3	byte-identical-copy-already-retained	artifacts/milestones/step1_phy_link/source/quartus/DE5a_wr_slave_jtag.qpf	experiments/legacy/exp-step5-softpll-lock/artifact-import/exp-step5-frozen-fit-20260902/canonical-7585a06-before-mif-rollback/quartus/jtag_runtime_diag/DE5a_wr_slave_jtag.qpf
artifacts/exp-step5-frozen-fit-20260902/canonical-7585a06-before-mif-rollback/quartus/jtag_runtime_diag/DE5a_wr_slave_jtag.qsf	36257	2d86e2eef4c1ebc28c5e5b8e1df4485f61afb925724b8aeb4086501ed9beeb5c	byte-identical-copy-already-retained	experiments/legacy/exp-step5-softpll-lock/EXP-S5-FROZEN-FIT-SOURCE-OBSERVER-ARCHIVE-20260924/raw/source/DE5a_wr_slave_jtag.qsf	experiments/legacy/exp-step5-softpll-lock/artifact-import/exp-step5-frozen-fit-20260902/canonical-7585a06-before-mif-rollback/quartus/jtag_runtime_diag/DE5a_wr_slave_jtag.qsf
artifacts/exp-step5-frozen-fit-20260902/canonical-7585a06-before-mif-rollback/quartus/jtag_runtime_diag/DE5a_wr_slave_jtag.sdc	396	921e0918187eece1e2445e59e1220d3bba4795bb17111f29b63b16ba54d9095b	byte-identical-copy-already-retained	experiments/legacy/exp-step5-softpll-lock/EXP-S5-FROZEN-FIT-SOURCE-OBSERVER-ARCHIVE-20260924/raw/source/DE5a_wr_master_jtag.sdc	experiments/legacy/exp-step5-softpll-lock/artifact-import/exp-step5-frozen-fit-20260902/canonical-7585a06-before-mif-rollback/quartus/jtag_runtime_diag/DE5a_wr_slave_jtag.sdc
artifacts/exp-step5-frozen-fit-20260902/canonical-7585a06-before-mif-rollback/quartus/jtag_runtime_diag/DE5a_wr_slave_jtag.vhd	86344	f818185046e3220ab9a4d2e9a5948a793a763585a02570026e9dd40c79738b9e	byte-identical-copy-already-retained	experiments/legacy/exp-step5-softpll-lock/EXP-S5-FROZEN-FIT-SOURCE-OBSERVER-ARCHIVE-20260924/raw/source/DE5a_wr_slave_jtag.vhd	experiments/legacy/exp-step5-softpll-lock/artifact-import/exp-step5-frozen-fit-20260902/canonical-7585a06-before-mif-rollback/quartus/jtag_runtime_diag/DE5a_wr_slave_jtag.vhd
artifacts/exp-step5-frozen-fit-20260902/canonical-7585a06-before-mif-rollback/quartus/jtag_runtime_diag/i2c_bus_controller_dco.v	15945	d04cac3f4eb9785d3552cf9f78ae85765a604fa730c78fc89cbe7eb11b9bf3cc	byte-identical-copy-already-retained	artifacts/milestones/step2_endpoint_ptp/source/quartus/i2c_bus_controller_dco.v	experiments/legacy/exp-step5-softpll-lock/artifact-import/exp-step5-frozen-fit-20260902/canonical-7585a06-before-mif-rollback/quartus/jtag_runtime_diag/i2c_bus_controller_dco.v
artifacts/exp-step5-frozen-fit-20260902/canonical-7585a06-before-mif-rollback/quartus/jtag_runtime_diag/si5340a_controller_dco.v	29133	04a664b9f74c777809488a9f6edb45bb2fc26ec14e0c4add6101b52a280eaea5	byte-identical-copy-already-retained	experiments/legacy/exp-step5-softpll-lock/EXP-S5-FROZEN-FIT-SOURCE-OBSERVER-ARCHIVE-20260924/raw/source/si5340a_controller_dco.v	experiments/legacy/exp-step5-softpll-lock/artifact-import/exp-step5-frozen-fit-20260902/canonical-7585a06-before-mif-rollback/quartus/jtag_runtime_diag/si5340a_controller_dco.v
artifacts/exp-step5-frozen-fit-20260902/canonical-7585a06-before-mif-rollback/quartus/jtag_runtime_diag/si5340a_i2c_reg_controller_dco.v	31448	04d4feb68e498a10a76f0e3e2df08926d158483ad932bda5169103c24a17c2c0	byte-identical-copy-already-retained	experiments/legacy/exp-step4-softpll-enable/raw/EXP-WRPC-STEP4-STATIC-FSM-IDLE-COMPLETION-GATE-FIX-20260828/si5340a_i2c_reg_controller_dco.v	experiments/legacy/exp-step5-softpll-lock/artifact-import/exp-step5-frozen-fit-20260902/canonical-7585a06-before-mif-rollback/quartus/jtag_runtime_diag/si5340a_i2c_reg_controller_dco.v
artifacts/exp-step5-frozen-fit-20260902/canonical-7585a06-before-mif-rollback/quartus/jtag_runtime_diag/wr_jtag_wb_mailbox.vhd	5134	a884ff11045626826fe182fe54b51f78f91749346e8cb2b940d4d53049a3c13c	byte-identical-copy-already-retained	artifacts/milestones/step1_phy_link/source/quartus/wr_jtag_wb_mailbox.vhd	experiments/legacy/exp-step5-softpll-lock/artifact-import/exp-step5-frozen-fit-20260902/canonical-7585a06-before-mif-rollback/quartus/jtag_runtime_diag/wr_jtag_wb_mailbox.vhd
artifacts/exp-step5-frozen-fit-20260902/canonical-7585a06-before-mif-rollback/quartus/jtag_runtime_diag/wr_sys_clk_625.vhd	6098	122b0749a9a3a65540c5945833375ddbd58b09de5a5beed0371c1eee5b0e13e6	byte-identical-copy-already-retained	artifacts/milestones/step2_endpoint_ptp/source/quartus/wr_sys_clk_625.vhd	experiments/legacy/exp-step5-softpll-lock/artifact-import/exp-step5-frozen-fit-20260902/canonical-7585a06-before-mif-rollback/quartus/jtag_runtime_diag/wr_sys_clk_625.vhd
artifacts/exp-step5-frozen-fit-20260902/staging-88604a5-maintrace-run-20260902/quartus/jtag_runtime_diag/DE5a_wr_master_jtag.qpf	1319	0885ab6140e881bb747dbade7ec3dc9af834c3e54cb690891b812e83a02e7e01	byte-identical-copy-already-retained	artifacts/milestones/step1_phy_link/source/quartus/DE5a_wr_master_jtag.qpf	experiments/legacy/exp-step5-softpll-lock/artifact-import/exp-step5-frozen-fit-20260902/staging-88604a5-maintrace-run-20260902/quartus/jtag_runtime_diag/DE5a_wr_master_jtag.qpf
artifacts/exp-step5-frozen-fit-20260902/staging-88604a5-maintrace-run-20260902/quartus/jtag_runtime_diag/DE5a_wr_master_jtag.qsf	36296	6d28fc359e96aac128490afbc8487d8efab730f22b1a071c5fb8d0fa5e6a5a38	byte-identical-copy-already-retained	experiments/legacy/exp-step5-softpll-lock/EXP-S5-FROZEN-FIT-SOURCE-OBSERVER-ARCHIVE-20260924/raw/source/DE5a_wr_master_jtag.qsf	experiments/legacy/exp-step5-softpll-lock/artifact-import/exp-step5-frozen-fit-20260902/staging-88604a5-maintrace-run-20260902/quartus/jtag_runtime_diag/DE5a_wr_master_jtag.qsf
artifacts/exp-step5-frozen-fit-20260902/staging-88604a5-maintrace-run-20260902/quartus/jtag_runtime_diag/DE5a_wr_master_jtag.sdc	396	921e0918187eece1e2445e59e1220d3bba4795bb17111f29b63b16ba54d9095b	byte-identical-copy-already-retained	experiments/legacy/exp-step5-softpll-lock/EXP-S5-FROZEN-FIT-SOURCE-OBSERVER-ARCHIVE-20260924/raw/source/DE5a_wr_master_jtag.sdc	experiments/legacy/exp-step5-softpll-lock/artifact-import/exp-step5-frozen-fit-20260902/staging-88604a5-maintrace-run-20260902/quartus/jtag_runtime_diag/DE5a_wr_master_jtag.sdc
artifacts/exp-step5-frozen-fit-20260902/staging-88604a5-maintrace-run-20260902/quartus/jtag_runtime_diag/DE5a_wr_master_jtag.vhd	72265	0fe191ad963cc5c5fea4eeb57a240d3d0dff4d730753bf6ace908870ec5ec0e7	byte-identical-copy-already-retained	experiments/legacy/exp-step5-softpll-lock/EXP-S5-FROZEN-FIT-SOURCE-OBSERVER-ARCHIVE-20260924/raw/source/DE5a_wr_master_jtag.vhd	experiments/legacy/exp-step5-softpll-lock/artifact-import/exp-step5-frozen-fit-20260902/staging-88604a5-maintrace-run-20260902/quartus/jtag_runtime_diag/DE5a_wr_master_jtag.vhd
artifacts/exp-step5-frozen-fit-20260902/staging-88604a5-maintrace-run-20260902/quartus/jtag_runtime_diag/DE5a_wr_slave_jtag.qpf	1318	e8f6d590ebf5c8fec62e47b768a371b3d4e2c8a017490f9e775d227343ddc3f3	byte-identical-copy-already-retained	artifacts/milestones/step1_phy_link/source/quartus/DE5a_wr_slave_jtag.qpf	experiments/legacy/exp-step5-softpll-lock/artifact-import/exp-step5-frozen-fit-20260902/staging-88604a5-maintrace-run-20260902/quartus/jtag_runtime_diag/DE5a_wr_slave_jtag.qpf
artifacts/exp-step5-frozen-fit-20260902/staging-88604a5-maintrace-run-20260902/quartus/jtag_runtime_diag/DE5a_wr_slave_jtag.qsf	36257	2d86e2eef4c1ebc28c5e5b8e1df4485f61afb925724b8aeb4086501ed9beeb5c	byte-identical-copy-already-retained	experiments/legacy/exp-step5-softpll-lock/EXP-S5-FROZEN-FIT-SOURCE-OBSERVER-ARCHIVE-20260924/raw/source/DE5a_wr_slave_jtag.qsf	experiments/legacy/exp-step5-softpll-lock/artifact-import/exp-step5-frozen-fit-20260902/staging-88604a5-maintrace-run-20260902/quartus/jtag_runtime_diag/DE5a_wr_slave_jtag.qsf
artifacts/exp-step5-frozen-fit-20260902/staging-88604a5-maintrace-run-20260902/quartus/jtag_runtime_diag/DE5a_wr_slave_jtag.sdc	396	921e0918187eece1e2445e59e1220d3bba4795bb17111f29b63b16ba54d9095b	byte-identical-copy-already-retained	experiments/legacy/exp-step5-softpll-lock/EXP-S5-FROZEN-FIT-SOURCE-OBSERVER-ARCHIVE-20260924/raw/source/DE5a_wr_master_jtag.sdc	experiments/legacy/exp-step5-softpll-lock/artifact-import/exp-step5-frozen-fit-20260902/staging-88604a5-maintrace-run-20260902/quartus/jtag_runtime_diag/DE5a_wr_slave_jtag.sdc
artifacts/exp-step5-frozen-fit-20260902/staging-88604a5-maintrace-run-20260902/quartus/jtag_runtime_diag/DE5a_wr_slave_jtag.vhd	86344	f818185046e3220ab9a4d2e9a5948a793a763585a02570026e9dd40c79738b9e	byte-identical-copy-already-retained	experiments/legacy/exp-step5-softpll-lock/EXP-S5-FROZEN-FIT-SOURCE-OBSERVER-ARCHIVE-20260924/raw/source/DE5a_wr_slave_jtag.vhd	experiments/legacy/exp-step5-softpll-lock/artifact-import/exp-step5-frozen-fit-20260902/staging-88604a5-maintrace-run-20260902/quartus/jtag_runtime_diag/DE5a_wr_slave_jtag.vhd
artifacts/exp-step5-frozen-fit-20260902/staging-88604a5-maintrace-run-20260902/quartus/jtag_runtime_diag/i2c_bus_controller_dco.v	15945	d04cac3f4eb9785d3552cf9f78ae85765a604fa730c78fc89cbe7eb11b9bf3cc	byte-identical-copy-already-retained	artifacts/milestones/step2_endpoint_ptp/source/quartus/i2c_bus_controller_dco.v	experiments/legacy/exp-step5-softpll-lock/artifact-import/exp-step5-frozen-fit-20260902/staging-88604a5-maintrace-run-20260902/quartus/jtag_runtime_diag/i2c_bus_controller_dco.v
artifacts/exp-step5-frozen-fit-20260902/staging-88604a5-maintrace-run-20260902/quartus/jtag_runtime_diag/si5340a_controller_dco.v	29133	04a664b9f74c777809488a9f6edb45bb2fc26ec14e0c4add6101b52a280eaea5	byte-identical-copy-already-retained	experiments/legacy/exp-step5-softpll-lock/EXP-S5-FROZEN-FIT-SOURCE-OBSERVER-ARCHIVE-20260924/raw/source/si5340a_controller_dco.v	experiments/legacy/exp-step5-softpll-lock/artifact-import/exp-step5-frozen-fit-20260902/staging-88604a5-maintrace-run-20260902/quartus/jtag_runtime_diag/si5340a_controller_dco.v
artifacts/exp-step5-frozen-fit-20260902/staging-88604a5-maintrace-run-20260902/quartus/jtag_runtime_diag/si5340a_i2c_reg_controller_dco.v	31448	04d4feb68e498a10a76f0e3e2df08926d158483ad932bda5169103c24a17c2c0	byte-identical-copy-already-retained	experiments/legacy/exp-step4-softpll-enable/raw/EXP-WRPC-STEP4-STATIC-FSM-IDLE-COMPLETION-GATE-FIX-20260828/si5340a_i2c_reg_controller_dco.v	experiments/legacy/exp-step5-softpll-lock/artifact-import/exp-step5-frozen-fit-20260902/staging-88604a5-maintrace-run-20260902/quartus/jtag_runtime_diag/si5340a_i2c_reg_controller_dco.v
artifacts/exp-step5-frozen-fit-20260902/staging-88604a5-maintrace-run-20260902/quartus/jtag_runtime_diag/wr_jtag_wb_mailbox.vhd	5134	a884ff11045626826fe182fe54b51f78f91749346e8cb2b940d4d53049a3c13c	byte-identical-copy-already-retained	artifacts/milestones/step1_phy_link/source/quartus/wr_jtag_wb_mailbox.vhd	experiments/legacy/exp-step5-softpll-lock/artifact-import/exp-step5-frozen-fit-20260902/staging-88604a5-maintrace-run-20260902/quartus/jtag_runtime_diag/wr_jtag_wb_mailbox.vhd
artifacts/exp-step5-frozen-fit-20260902/staging-88604a5-maintrace-run-20260902/quartus/jtag_runtime_diag/wr_sys_clk_625.vhd	6098	122b0749a9a3a65540c5945833375ddbd58b09de5a5beed0371c1eee5b0e13e6	byte-identical-copy-already-retained	artifacts/milestones/step2_endpoint_ptp/source/quartus/wr_sys_clk_625.vhd	experiments/legacy/exp-step5-softpll-lock/artifact-import/exp-step5-frozen-fit-20260902/staging-88604a5-maintrace-run-20260902/quartus/jtag_runtime_diag/wr_sys_clk_625.vhd
artifacts/exp-step5-frozen-fit-20260902/staging-88604a5-run-20260902/quartus/jtag_runtime_diag/DE5a_wr_master_jtag.qpf	1319	0885ab6140e881bb747dbade7ec3dc9af834c3e54cb690891b812e83a02e7e01	byte-identical-copy-already-retained	artifacts/milestones/step1_phy_link/source/quartus/DE5a_wr_master_jtag.qpf	experiments/legacy/exp-step5-softpll-lock/artifact-import/exp-step5-frozen-fit-20260902/staging-88604a5-run-20260902/quartus/jtag_runtime_diag/DE5a_wr_master_jtag.qpf
artifacts/exp-step5-frozen-fit-20260902/staging-88604a5-run-20260902/quartus/jtag_runtime_diag/DE5a_wr_master_jtag.qsf	36296	6d28fc359e96aac128490afbc8487d8efab730f22b1a071c5fb8d0fa5e6a5a38	byte-identical-copy-already-retained	experiments/legacy/exp-step5-softpll-lock/EXP-S5-FROZEN-FIT-SOURCE-OBSERVER-ARCHIVE-20260924/raw/source/DE5a_wr_master_jtag.qsf	experiments/legacy/exp-step5-softpll-lock/artifact-import/exp-step5-frozen-fit-20260902/staging-88604a5-run-20260902/quartus/jtag_runtime_diag/DE5a_wr_master_jtag.qsf
artifacts/exp-step5-frozen-fit-20260902/staging-88604a5-run-20260902/quartus/jtag_runtime_diag/DE5a_wr_master_jtag.sdc	396	921e0918187eece1e2445e59e1220d3bba4795bb17111f29b63b16ba54d9095b	byte-identical-copy-already-retained	experiments/legacy/exp-step5-softpll-lock/EXP-S5-FROZEN-FIT-SOURCE-OBSERVER-ARCHIVE-20260924/raw/source/DE5a_wr_master_jtag.sdc	experiments/legacy/exp-step5-softpll-lock/artifact-import/exp-step5-frozen-fit-20260902/staging-88604a5-run-20260902/quartus/jtag_runtime_diag/DE5a_wr_master_jtag.sdc
artifacts/exp-step5-frozen-fit-20260902/staging-88604a5-run-20260902/quartus/jtag_runtime_diag/DE5a_wr_master_jtag.vhd	72265	0fe191ad963cc5c5fea4eeb57a240d3d0dff4d730753bf6ace908870ec5ec0e7	byte-identical-copy-already-retained	experiments/legacy/exp-step5-softpll-lock/EXP-S5-FROZEN-FIT-SOURCE-OBSERVER-ARCHIVE-20260924/raw/source/DE5a_wr_master_jtag.vhd	experiments/legacy/exp-step5-softpll-lock/artifact-import/exp-step5-frozen-fit-20260902/staging-88604a5-run-20260902/quartus/jtag_runtime_diag/DE5a_wr_master_jtag.vhd
artifacts/exp-step5-frozen-fit-20260902/staging-88604a5-run-20260902/quartus/jtag_runtime_diag/DE5a_wr_slave_jtag.qpf	1318	e8f6d590ebf5c8fec62e47b768a371b3d4e2c8a017490f9e775d227343ddc3f3	byte-identical-copy-already-retained	artifacts/milestones/step1_phy_link/source/quartus/DE5a_wr_slave_jtag.qpf	experiments/legacy/exp-step5-softpll-lock/artifact-import/exp-step5-frozen-fit-20260902/staging-88604a5-run-20260902/quartus/jtag_runtime_diag/DE5a_wr_slave_jtag.qpf
artifacts/exp-step5-frozen-fit-20260902/staging-88604a5-run-20260902/quartus/jtag_runtime_diag/DE5a_wr_slave_jtag.qsf	36257	2d86e2eef4c1ebc28c5e5b8e1df4485f61afb925724b8aeb4086501ed9beeb5c	byte-identical-copy-already-retained	experiments/legacy/exp-step5-softpll-lock/EXP-S5-FROZEN-FIT-SOURCE-OBSERVER-ARCHIVE-20260924/raw/source/DE5a_wr_slave_jtag.qsf	experiments/legacy/exp-step5-softpll-lock/artifact-import/exp-step5-frozen-fit-20260902/staging-88604a5-run-20260902/quartus/jtag_runtime_diag/DE5a_wr_slave_jtag.qsf
artifacts/exp-step5-frozen-fit-20260902/staging-88604a5-run-20260902/quartus/jtag_runtime_diag/DE5a_wr_slave_jtag.sdc	396	921e0918187eece1e2445e59e1220d3bba4795bb17111f29b63b16ba54d9095b	byte-identical-copy-already-retained	experiments/legacy/exp-step5-softpll-lock/EXP-S5-FROZEN-FIT-SOURCE-OBSERVER-ARCHIVE-20260924/raw/source/DE5a_wr_master_jtag.sdc	experiments/legacy/exp-step5-softpll-lock/artifact-import/exp-step5-frozen-fit-20260902/staging-88604a5-run-20260902/quartus/jtag_runtime_diag/DE5a_wr_slave_jtag.sdc
artifacts/exp-step5-frozen-fit-20260902/staging-88604a5-run-20260902/quartus/jtag_runtime_diag/DE5a_wr_slave_jtag.vhd	86344	f818185046e3220ab9a4d2e9a5948a793a763585a02570026e9dd40c79738b9e	byte-identical-copy-already-retained	experiments/legacy/exp-step5-softpll-lock/EXP-S5-FROZEN-FIT-SOURCE-OBSERVER-ARCHIVE-20260924/raw/source/DE5a_wr_slave_jtag.vhd	experiments/legacy/exp-step5-softpll-lock/artifact-import/exp-step5-frozen-fit-20260902/staging-88604a5-run-20260902/quartus/jtag_runtime_diag/DE5a_wr_slave_jtag.vhd
artifacts/exp-step5-frozen-fit-20260902/staging-88604a5-run-20260902/quartus/jtag_runtime_diag/i2c_bus_controller_dco.v	15945	d04cac3f4eb9785d3552cf9f78ae85765a604fa730c78fc89cbe7eb11b9bf3cc	byte-identical-copy-already-retained	artifacts/milestones/step2_endpoint_ptp/source/quartus/i2c_bus_controller_dco.v	experiments/legacy/exp-step5-softpll-lock/artifact-import/exp-step5-frozen-fit-20260902/staging-88604a5-run-20260902/quartus/jtag_runtime_diag/i2c_bus_controller_dco.v
artifacts/exp-step5-frozen-fit-20260902/staging-88604a5-run-20260902/quartus/jtag_runtime_diag/si5340a_controller_dco.v	29133	04a664b9f74c777809488a9f6edb45bb2fc26ec14e0c4add6101b52a280eaea5	byte-identical-copy-already-retained	experiments/legacy/exp-step5-softpll-lock/EXP-S5-FROZEN-FIT-SOURCE-OBSERVER-ARCHIVE-20260924/raw/source/si5340a_controller_dco.v	experiments/legacy/exp-step5-softpll-lock/artifact-import/exp-step5-frozen-fit-20260902/staging-88604a5-run-20260902/quartus/jtag_runtime_diag/si5340a_controller_dco.v
artifacts/exp-step5-frozen-fit-20260902/staging-88604a5-run-20260902/quartus/jtag_runtime_diag/si5340a_i2c_reg_controller_dco.v	31448	04d4feb68e498a10a76f0e3e2df08926d158483ad932bda5169103c24a17c2c0	byte-identical-copy-already-retained	experiments/legacy/exp-step4-softpll-enable/raw/EXP-WRPC-STEP4-STATIC-FSM-IDLE-COMPLETION-GATE-FIX-20260828/si5340a_i2c_reg_controller_dco.v	experiments/legacy/exp-step5-softpll-lock/artifact-import/exp-step5-frozen-fit-20260902/staging-88604a5-run-20260902/quartus/jtag_runtime_diag/si5340a_i2c_reg_controller_dco.v
artifacts/exp-step5-frozen-fit-20260902/staging-88604a5-run-20260902/quartus/jtag_runtime_diag/wr_jtag_wb_mailbox.vhd	5134	a884ff11045626826fe182fe54b51f78f91749346e8cb2b940d4d53049a3c13c	byte-identical-copy-already-retained	artifacts/milestones/step1_phy_link/source/quartus/wr_jtag_wb_mailbox.vhd	experiments/legacy/exp-step5-softpll-lock/artifact-import/exp-step5-frozen-fit-20260902/staging-88604a5-run-20260902/quartus/jtag_runtime_diag/wr_jtag_wb_mailbox.vhd
artifacts/exp-step5-frozen-fit-20260902/staging-88604a5-run-20260902/quartus/jtag_runtime_diag/wr_sys_clk_625.vhd	6098	122b0749a9a3a65540c5945833375ddbd58b09de5a5beed0371c1eee5b0e13e6	byte-identical-copy-already-retained	artifacts/milestones/step2_endpoint_ptp/source/quartus/wr_sys_clk_625.vhd	experiments/legacy/exp-step5-softpll-lock/artifact-import/exp-step5-frozen-fit-20260902/staging-88604a5-run-20260902/quartus/jtag_runtime_diag/wr_sys_clk_625.vhd
artifacts/EXP-WRPC-STEP5-HPLL-6272-64-LONG-LOCK-CONVERGENCE-1800S/raw/build_master.log	214	77cd715fe283b8c024b8d7da0a0d5c003561f9a189508ef32ffae6f04c1973a5	byte-identical-copy-already-retained	experiments/legacy/exp-step4-softpll-enable/raw/EXP-WRPC-STEP4-D0-MISMATCH-20260823/master_build_retry.log	experiments/legacy/exp-step5-softpll-lock/artifact-import/EXP-WRPC-STEP5-HPLL-6272-64-LONG-LOCK-CONVERGENCE-1800S/raw/build_master.log
artifacts/EXP-WRPC-STEP5-HPLL-6272-64-LONG-LOCK-CONVERGENCE-1800S/raw/build_slave.log	209	a4abc2710f865358ca3c5df83eceaec285518ed6df5486e199f09a80614545af	byte-identical-copy-already-retained	experiments/legacy/exp-step4-softpll-enable/raw/EXP-WRPC-STEP4-D0-MISMATCH-20260823/slave_build.log	experiments/legacy/exp-step5-softpll-lock/artifact-import/EXP-WRPC-STEP5-HPLL-6272-64-LONG-LOCK-CONVERGENCE-1800S/raw/build_slave.log
artifacts/EXP-WRPC-STEP5-HPLL-6272-64-LONG-LOCK-CONVERGENCE-1800S/raw/dashboard_after_1800s.log	21381	429795f062441a328e98ac73be49d088d491dce3cacd44bd1d817bb958e425fc	byte-identical-copy-already-retained	experiments/legacy/exp-step5-softpll-lock/raw/EXP-WRPC-STEP5-HPLL-6272-64-LONG-LOCK-CONVERGENCE-1800S/dashboard_after_1800s.log	experiments/legacy/exp-step5-softpll-lock/artifact-import/EXP-WRPC-STEP5-HPLL-6272-64-LONG-LOCK-CONVERGENCE-1800S/raw/dashboard_after_1800s.log
artifacts/EXP-WRPC-STEP5-HPLL-6272-64-LONG-LOCK-CONVERGENCE-1800S/raw/dashboard_gate.log	21377	f32128ed6e295516ce61c7ce6e32126cc32023bd7b3c34f5ee741bce9d3ec29e	byte-identical-copy-already-retained	experiments/legacy/exp-step5-softpll-lock/raw/EXP-WRPC-STEP5-HPLL-6272-64-LONG-LOCK-CONVERGENCE-1800S/dashboard_gate.log	experiments/legacy/exp-step5-softpll-lock/artifact-import/EXP-WRPC-STEP5-HPLL-6272-64-LONG-LOCK-CONVERGENCE-1800S/raw/dashboard_gate.log
artifacts/EXP-WRPC-STEP5-HPLL-6272-64-LONG-LOCK-CONVERGENCE-1800S/raw/lock_convergence_100ms_1800s.log	12203936	b285bf63075abc5adaf0cd05717cd7e6f982ab2ac5869cc4920692d60f5e3a07	byte-identical-copy-already-retained	experiments/legacy/exp-step5-softpll-lock/raw/EXP-WRPC-STEP5-HPLL-6272-64-LONG-LOCK-CONVERGENCE-1800S/lock_convergence_100ms_1800s.log	experiments/legacy/exp-step5-softpll-lock/artifact-import/EXP-WRPC-STEP5-HPLL-6272-64-LONG-LOCK-CONVERGENCE-1800S/raw/lock_convergence_100ms_1800s.log
artifacts/EXP-WRPC-STEP5-HPLL-6272-64-LONG-LOCK-CONVERGENCE-1800S/raw/program_master.log	2194	b5186164df48dfca995a197e329a333899b52b7c7c7c1777d6645c710891ed0c	byte-identical-copy-already-retained	experiments/legacy/exp-step5-softpll-lock/raw/EXP-WRPC-STEP5-HPLL-6272-64-LONG-LOCK-CONVERGENCE-1800S/program_master.log	experiments/legacy/exp-step5-softpll-lock/artifact-import/EXP-WRPC-STEP5-HPLL-6272-64-LONG-LOCK-CONVERGENCE-1800S/raw/program_master.log
artifacts/EXP-WRPC-STEP5-HPLL-6272-64-LONG-LOCK-CONVERGENCE-1800S/raw/program_slave_long_fresh.log	2190	ca027ff59e27b1dc0752ab35b02719ef093ad5d3d0b2819748563670eee1b62c	byte-identical-copy-already-retained	experiments/legacy/exp-step5-softpll-lock/raw/EXP-WRPC-STEP5-HPLL-6272-64-LONG-LOCK-CONVERGENCE-1800S/program_slave_long_fresh.log	experiments/legacy/exp-step5-softpll-lock/artifact-import/EXP-WRPC-STEP5-HPLL-6272-64-LONG-LOCK-CONVERGENCE-1800S/raw/program_slave_long_fresh.log
artifacts/milestones/step1_phy_link/master.sof	36771638	f2e2136e8159ba9135313536f1a641c0865dbf36f267e06ef7826e0363f8c07e	milestone-payload-to-track		artifacts/milestones/step1_phy_link/master.sof
artifacts/milestones/step1_phy_link/slave.sof	36771618	15997ca2dd2ea2597d7f25af5522afc0144219769450824c0a7e31526cd44112	milestone-payload-to-track		artifacts/milestones/step1_phy_link/slave.sof
