ROLE,BOARD,CYCLE,HOST_START_MS,HOST_END_MS,DURATION_MS,WR_CORE_VALID,DIRECT_VALID,TRANSPORT_FAILURE,ROLE_IDENTITY_VALID,STATUS_RAW,SSTAT_RAW,PTP_META_RAW,WR_FAILURE_RAW,WR_STATE_RAW,PSTAT_RAW,LOCK_RESULT_RAW,SPLL_STATE_RAW,ENTRY_PROBE_RAW,RESET_PROBE_RAW,SI_CONFIG_DONE,WR_READY,CORE_TM_LINK_UP,CORE_LINK_OK,WR_RX_READY,WR_TX_READY,CPU_RESET_N,PHY_LINK_USABLE,PTP_STATE,PD_STATE,EXT_STATE,WRC_MODE,CURRENT_WR_STATE,WR_NEXT_STATE,PSTAT_LOCKED,SPLL_DELOCK_COUNT,BOOT_GENERATION,CPU_RESET_COUNT,WR_CORE_RESET_COUNT,SI_CONFIG_DROP_COUNT,RESET_FIELDS_VALID,RESET_CHANGED,TERMINAL,TERMINAL_STREAK,WR_FAILURE_REASON,WR_DISABLE_VALID,STOP_REASON
SLAVE,DE5 [1-11.2],1,1789467878884,1789467878975,91,1,1,0,1,1,101,3010308,0,A041135C,1,1,30006,0000000100019EAC,00010100010101FF,1,0,0,0,0,0,0,0,8,3,1,3,2,2,0,0,1,1,0,0,1,0,0,0,0,0,NONE
MASTER,DE5 [1-11.1],1,1789467879183,1789467879274,91,1,1,0,1,1,0,2010306,0,A0219864,1,0,20004,0000000100019EAC,00010100010101FF,1,0,0,0,0,0,0,0,6,3,1,2,3,3,0,0,1,1,0,0,1,0,0,0,0,0,NONE
SLAVE,DE5 [1-11.2],2,1789467880182,1789467880274,92,1,1,0,1,1,101,3010308,0,A041135C,1,1,30006,0000000100019EAC,00010100010101FF,1,0,0,0,0,0,0,0,8,3,1,3,2,2,0,0,1,1,0,0,1,0,0,0,0,0,NONE
SLAVE,DE5 [1-11.2],3,1789467881459,1789467881551,92,1,1,0,1,1,101,3010308,0,A041135C,1,1,30006,0000000100019EAC,00010100010101FF,1,0,0,0,0,0,0,0,8,3,1,3,2,2,0,0,1,1,0,0,1,0,0,0,0,0,NONE
SLAVE,DE5 [1-11.2],4,1789467882800,1789467882893,93,1,1,0,1,1,101,3010308,0,A041135C,1,1,30006,0000000100019EAC,00010100010101FF,1,0,0,0,0,0,0,0,8,3,1,3,2,2,0,0,1,1,0,0,1,0,0,0,0,0,NONE
MASTER,DE5 [1-11.1],2,1789467883075,1789467883165,90,1,1,0,1,1,0,2010306,0,A0219864,1,0,20004,0000000100019EAC,00010100010101FF,1,0,0,0,0,0,0,0,6,3,1,2,3,3,0,0,1,1,0,0,1,0,0,0,0,0,NONE
SLAVE,DE5 [1-11.2],5,1789467884082,1789467884174,92,1,1,0,1,1,101,3010308,0,A041135C,1,1,30006,0000000100019EAC,00010100010101FF,1,0,0,0,0,0,0,0,8,3,1,3,2,2,0,0,1,1,0,0,1,0,0,0,0,0,NONE
SLAVE,DE5 [1-11.2],6,1789467885399,1789467885490,91,1,1,0,1,1,101,3010308,0,A041135C,1,1,30006,0000000100019EAC,00010100010101FF,1,0,0,0,0,0,0,0,8,3,1,3,2,2,0,0,1,1,0,0,1,0,0,0,0,0,NONE
SLAVE,DE5 [1-11.2],7,1789467886683,1789467886774,91,1,1,0,1,1,101,3010308,0,A041135C,1,1,30006,0000000100019EAC,00010100010101FF,1,0,0,0,0,0,0,0,8,3,1,3,2,2,0,0,1,1,0,0,1,0,0,0,0,0,NONE
MASTER,DE5 [1-11.1],3,1789467886998,1789467887091,93,1,1,0,1,1,0,2010306,0,A0219864,1,0,20004,0000000100019EAC,00010100010101FF,1,0,0,0,0,0,0,0,6,3,1,2,3,3,0,0,1,1,0,0,1,0,0,0,0,0,NONE
SLAVE,DE5 [1-11.2],8,1789467887976,1789467888069,93,1,1,0,1,1,101,3010308,0,A041135C,1,1,30006,0000000100019EAC,00010100010101FF,1,0,0,0,0,0,0,0,8,3,1,3,2,2,0,0,1,1,0,0,1,0,0,0,0,0,NONE
SLAVE,DE5 [1-11.2],9,1789467889273,1789467889365,92,1,1,0,1,1,101,3010308,0,A041135C,1,1,30006,0000000100019EAC,00010100010101FF,1,0,0,0,0,0,0,0,8,3,1,3,2,2,0,0,1,1,0,0,1,0,0,0,0,0,NONE
SLAVE,DE5 [1-11.2],10,1789467890567,1789467890659,92,1,1,0,1,1,101,3010308,0,A041135C,1,1,30006,0000000100019EAC,00010100010101FF,1,0,0,0,0,0,0,0,8,3,1,3,2,2,0,0,1,1,0,0,1,0,0,0,0,0,NONE
MASTER,DE5 [1-11.1],4,1789467890838,1789467890928,90,1,1,0,1,1,0,2010306,0,A0219864,1,0,20004,0000000100019EAC,00010100010101FF,1,0,0,0,0,0,0,0,6,3,1,2,3,3,0,0,1,1,0,0,1,0,0,0,0,0,NONE
SLAVE,DE5 [1-11.2],11,1789467891892,1789467891982,90,1,1,0,1,1,101,3010308,0,A041135C,1,1,30006,0000000100019EAC,00010100010101FF,1,0,0,0,0,0,0,0,8,3,1,3,2,2,0,0,1,1,0,0,1,0,0,0,0,0,NONE
SLAVE,DE5 [1-11.2],12,1789467893162,1789467893253,91,1,1,0,1,1,101,3010308,0,A041135C,1,1,30006,0000000100019EAC,00010100010101FF,1,0,0,0,0,0,0,0,8,3,1,3,2,2,0,0,1,1,0,0,1,0,0,0,0,0,NONE
SLAVE,DE5 [1-11.2],13,1789467894738,1789467894829,91,1,1,0,1,1,101,3010308,0,A041135C,1,1,30006,0000000100019EAC,00010100010101FF,1,0,0,0,0,0,0,0,8,3,1,3,2,2,0,0,1,1,0,0,1,0,0,0,0,0,NONE
MASTER,DE5 [1-11.1],5,1789467895003,1789467895093,90,1,1,0,1,1,0,2010306,0,A0219864,1,0,20004,0000000100019EAC,00010100010101FF,1,0,0,0,0,0,0,0,6,3,1,2,3,3,0,0,1,1,0,0,1,0,0,0,0,0,NONE
SLAVE,DE5 [1-11.2],14,1789467896050,1789467896141,91,1,1,0,1,1,101,3010308,0,A041135C,1,1,30006,0000000100019EAC,00010100010101FF,1,0,0,0,0,0,0,0,8,3,1,3,2,2,0,0,1,1,0,0,1,0,0,0,0,0,NONE
SLAVE,DE5 [1-11.2],15,1789467897289,1789467897379,90,1,1,0,1,1,101,3010308,0,A041135C,1,1,30006,0000000100019EAC,00010100010101FF,1,0,0,0,0,0,0,0,8,3,1,3,2,2,0,0,1,1,0,0,1,0,0,0,0,0,NONE
SLAVE,DE5 [1-11.2],16,1789467898607,1789467898699,92,1,1,0,1,0,101,3010308,0,A041135C,1,1,30006,0000000100019EAC,00010100010101FF,0,0,0,0,0,0,0,0,8,3,1,3,2,2,0,0,1,1,0,0,1,0,0,0,0,0,NONE
MASTER,DE5 [1-11.1],6,1789467898908,1789467898998,90,1,1,0,1,1,0,2010306,0,A0219864,1,0,20004,0000000100019EAC,00010100010101FF,1,0,0,0,0,0,0,0,6,3,1,2,3,3,0,0,1,1,0,0,1,0,0,0,0,0,NONE
SLAVE,DE5 [1-11.2],17,1789467899866,1789467899957,91,1,1,0,1,1,101,3010308,0,A041135C,1,1,30006,0000000100019EAC,00010100010101FF,1,0,0,0,0,0,0,0,8,3,1,3,2,2,0,0,1,1,0,0,1,0,0,0,0,0,NONE
SLAVE,DE5 [1-11.2],18,1789467901176,1789467901266,90,1,1,0,1,1,101,3010308,0,A041135C,1,1,30006,0000000100019EAC,00010100010101FF,1,0,0,0,0,0,0,0,8,3,1,3,2,2,0,0,1,1,0,0,1,0,0,0,0,0,NONE
SLAVE,DE5 [1-11.2],19,1789467902508,1789467902599,91,1,1,0,1,0,101,3010308,0,A041135C,1,1,30006,0000000100019EAC,00010100010101FF,0,0,0,0,0,0,0,0,8,3,1,3,2,2,0,0,1,1,0,0,1,0,0,0,0,0,NONE
MASTER,DE5 [1-11.1],7,1789467902780,1789467902871,91,1,1,0,1,1,0,2010306,0,A0219864,1,0,20004,0000000100019EAC,00010100010101FF,1,0,0,0,0,0,0,0,6,3,1,2,3,3,0,0,1,1,0,0,1,0,0,0,0,0,NONE
SLAVE,DE5 [1-11.2],20,1789467903787,1789467903878,91,1,1,0,1,1,101,3010308,0,A041135C,1,1,30006,0000000100019EAC,00010100010101FF,1,0,0,0,0,0,0,0,8,3,1,3,2,2,0,0,1,1,0,0,1,0,0,0,0,0,NONE
SLAVE,DE5 [1-11.2],21,1789467905083,1789467905173,90,1,1,0,1,1,101,3010308,0,A041135C,1,1,30006,0000000100019EAC,00010100010101FF,1,0,0,0,0,0,0,0,8,3,1,3,2,2,0,0,1,1,0,0,1,0,0,0,0,0,NONE
SLAVE,DE5 [1-11.2],22,1789467906377,1789467906469,92,1,1,0,1,1,101,3010308,0,A041135C,1,1,30006,0000000100019EAC,00010100010101FF,1,0,0,0,0,0,0,0,8,3,1,3,2,2,0,0,1,1,0,0,1,0,0,0,0,0,NONE
MASTER,DE5 [1-11.1],8,1789467906684,1789467906776,92,1,1,0,1,1,0,2010306,0,A0219864,1,0,20004,0000000100019EAC,00010100010101FF,1,0,0,0,0,0,0,0,6,3,1,2,3,3,0,0,1,1,0,0,1,0,0,0,0,0,NONE
SLAVE,DE5 [1-11.2],23,1789467907984,1789467908076,92,1,1,0,1,1,101,3010308,0,A041135C,1,1,30006,0000000100019EAC,00010100010101FF,1,0,0,0,0,0,0,0,8,3,1,3,2,2,0,0,1,1,0,0,1,0,0,0,0,0,NONE
SLAVE,DE5 [1-11.2],24,1789467909239,1789467909331,92,1,1,0,1,1,101,3010308,0,A041135C,1,1,30006,0000000100019EAC,00010100010101FF,1,0,0,0,0,0,0,0,8,3,1,3,2,2,0,0,1,1,0,0,1,0,0,0,0,0,NONE
MASTER,DE5 [1-11.1],9,1789467910013,1789467910106,93,1,1,0,1,0,0,2010306,0,A0219864,1,0,20004,0000000100019EAC,00010100010101FF,0,0,0,0,0,0,0,0,6,3,1,2,3,3,0,0,1,1,0,0,1,0,0,0,0,0,NONE
SLAVE,DE5 [1-11.2],25,1789467910778,1789467910868,90,1,1,0,1,1,101,3010308,0,A041135C,1,1,30006,0000000100019EAC,00010100010101FF,1,0,0,0,0,0,0,0,8,3,1,3,2,2,0,0,1,1,0,0,1,0,0,0,0,0,NONE
SLAVE,DE5 [1-11.2],26,1789467912047,1789467912137,90,1,1,0,1,1,101,3010308,0,A041135C,1,1,30006,0000000100019EAC,00010100010101FF,1,0,0,0,0,0,0,0,8,3,1,3,2,2,0,0,1,1,0,0,1,0,0,0,0,0,NONE
SLAVE,DE5 [1-11.2],27,1789467913360,1789467913451,91,1,1,0,1,1,101,3010308,0,A041135C,1,1,30006,0000000100019EAC,00010100010101FF,1,0,0,0,0,0,0,0,8,3,1,3,2,2,0,0,1,1,0,0,1,0,0,0,0,0,NONE
MASTER,DE5 [1-11.1],10,1789467913639,1789467913729,90,1,1,0,1,1,0,2010306,0,A0219864,1,0,20004,0000000100019EAC,00010100010101FF,1,0,0,0,0,0,0,0,6,3,1,2,3,3,0,0,1,1,0,0,1,0,0,0,0,0,NONE
SLAVE,DE5 [1-11.2],28,1789467914672,1789467914762,90,1,1,0,1,1,101,3010308,0,A041135C,1,1,30006,0000000100019EAC,00010100010101FF,1,0,0,0,0,0,0,0,8,3,1,3,2,2,0,0,1,1,0,0,1,0,0,0,0,0,NONE
SLAVE,DE5 [1-11.2],29,1789467915982,1789467916074,92,1,1,0,1,1,101,3010308,0,A041135C,1,1,30006,0000000100019EAC,00010100010101FF,1,0,0,0,0,0,0,0,8,3,1,3,2,2,0,0,1,1,0,0,1,0,0,0,0,0,NONE
SLAVE,DE5 [1-11.2],30,1789467917305,1789467917397,92,1,1,0,1,1,101,3010308,0,A041135C,1,1,30006,0000000100019EAC,00010100010101FF,1,0,0,0,0,0,0,0,8,3,1,3,2,2,0,0,1,1,0,0,1,0,0,0,0,0,NONE
MASTER,DE5 [1-11.1],11,1789467917578,1789467917668,90,1,1,0,1,1,0,2010306,0,A0219864,1,0,20004,0000000100019EAC,00010100010101FF,1,0,0,0,0,0,0,0,6,3,1,2,3,3,0,0,1,1,0,0,1,0,0,0,0,0,NONE
SLAVE,DE5 [1-11.2],31,1789467918566,1789467918657,91,1,1,0,1,1,101,3010308,0,A041135C,1,1,30006,0000000100019EAC,00010100010101FF,1,0,0,0,0,0,0,0,8,3,1,3,2,2,0,0,1,1,0,0,1,0,0,0,0,0,NONE
SLAVE,DE5 [1-11.2],32,1789467919864,1789467919956,92,1,1,0,1,1,101,3010308,0,A041135C,1,1,30006,0000000100019EAC,00010100010101FF,1,0,0,0,0,0,0,0,8,3,1,3,2,2,0,0,1,1,0,0,1,0,0,0,0,0,NONE
SLAVE,DE5 [1-11.2],33,1789467921196,1789467921287,91,1,1,0,1,1,101,3010308,0,A041135C,1,1,30006,0000000100019EAC,00010100010101FF,1,0,0,0,0,0,0,0,8,3,1,3,2,2,0,0,1,1,0,0,1,0,0,0,0,0,NONE
MASTER,DE5 [1-11.1],12,1789467921495,1789467921587,92,1,1,0,1,1,0,2010306,0,A0219864,1,0,20004,0000000100019EAC,00010100010101FF,1,0,0,0,0,0,0,0,6,3,1,2,3,3,0,0,1,1,0,0,1,0,0,0,0,0,NONE
SLAVE,DE5 [1-11.2],34,1789467922565,1789467922655,90,1,1,0,1,1,101,3010308,0,A041135C,1,1,30006,0000000100019EAC,00010100010101FF,1,0,0,0,0,0,0,0,8,3,1,3,2,2,0,0,1,1,0,0,1,0,0,0,0,0,NONE
SLAVE,DE5 [1-11.2],35,1789467923869,1789467923960,91,1,1,0,1,1,101,3010308,0,A041135C,1,1,30006,0000000100019EAC,00010100010101FF,1,0,0,0,0,0,0,0,8,3,1,3,2,2,0,0,1,1,0,0,1,0,0,0,0,0,NONE
SLAVE,DE5 [1-11.2],36,1789467925150,1789467925241,91,1,1,0,1,1,101,3010308,0,A041135C,1,1,30006,0000000100019EAC,00010100010101FF,1,0,0,0,0,0,0,0,8,3,1,3,2,2,0,0,1,1,0,0,1,0,0,0,0,0,NONE
MASTER,DE5 [1-11.1],13,1789467925425,1789467925515,90,1,1,0,1,1,0,2010306,0,A0219864,1,0,20004,0000000100019EAC,00010100010101FF,1,0,0,0,0,0,0,0,6,3,1,2,3,3,0,0,1,1,0,0,1,0,0,0,0,0,NONE
SLAVE,DE5 [1-11.2],37,1789467926490,1789467926580,90,1,1,0,1,1,101,3010308,0,A041135C,1,1,30006,0000000100019EAC,00010100010101FF,1,0,0,0,0,0,0,0,8,3,1,3,2,2,0,0,1,1,0,0,1,0,0,0,0,0,NONE
SLAVE,DE5 [1-11.2],38,1789467927770,1789467927861,91,1,1,0,1,1,101,3010308,0,A041135C,1,1,30006,0000000100019EAC,00010100010101FF,1,0,0,0,0,0,0,0,8,3,1,3,2,2,0,0,1,1,0,0,1,0,0,0,0,0,NONE
SLAVE,DE5 [1-11.2],39,1789467929070,1789467929160,90,1,1,0,1,1,101,3010308,0,A041135C,1,1,30006,0000000100019EAC,00010100010101FF,1,0,0,0,0,0,0,0,8,3,1,3,2,2,0,0,1,1,0,0,1,0,0,0,0,0,NONE
MASTER,DE5 [1-11.1],14,1789467929338,1789467929428,90,1,1,0,1,1,0,2010306,0,A0219864,1,0,20004,0000000100019EAC,00010100010101FF,1,0,0,0,0,0,0,0,6,3,1,2,3,3,0,0,1,1,0,0,1,0,0,0,0,0,NONE
SLAVE,DE5 [1-11.2],40,1789467930378,1789467930470,92,1,1,0,1,1,101,3010308,0,A041135C,1,1,30006,0000000100019EAC,00010100010101FF,1,0,0,0,0,0,0,0,8,3,1,3,2,2,0,0,1,1,0,0,1,0,0,0,0,0,NONE
SLAVE,DE5 [1-11.2],41,1789467931649,1789467931740,91,1,1,0,1,1,101,3010308,0,A041135C,1,1,30006,0000000100019EAC,00010100010101FF,1,0,0,0,0,0,0,0,8,3,1,3,2,2,0,0,1,1,0,0,1,0,0,0,0,0,NONE
SLAVE,DE5 [1-11.2],42,1789467932945,1789467933038,93,1,1,0,1,1,101,3010308,0,A041135C,1,1,30006,0000000100019EAC,00010100010101FF,1,0,0,0,0,0,0,0,8,3,1,3,2,2,0,0,1,1,0,0,1,0,0,0,0,0,NONE
MASTER,DE5 [1-11.1],15,1789467933232,1789467933324,92,1,1,0,1,1,0,2010306,0,A0219864,1,0,20004,0000000100019EAC,00010100010101FF,1,0,0,0,0,0,0,0,6,3,1,2,3,3,0,0,1,1,0,0,1,0,0,0,0,0,NONE
SLAVE,DE5 [1-11.2],43,1789467934286,1789467934377,91,1,1,0,1,1,101,3010308,0,A041135C,1,1,30006,0000000100019EAC,00010100010101FF,1,0,0,0,0,0,0,0,8,3,1,3,2,2,0,0,1,1,0,0,1,0,0,0,0,0,NONE
SLAVE,DE5 [1-11.2],44,1789467935589,1789467935680,91,1,1,0,1,1,101,3010308,0,A041135C,1,1,30006,0000000100019EAC,00010100010101FF,1,0,0,0,0,0,0,0,8,3,1,3,2,2,0,0,1,1,0,0,1,0,0,0,0,0,NONE
SLAVE,DE5 [1-11.2],45,1789467936888,1789467936980,92,1,1,0,1,1,101,3010308,0,A041135C,1,1,30006,0000000100019EAC,00010100010101FF,1,0,0,0,0,0,0,0,8,3,1,3,2,2,0,0,1,1,0,0,1,0,0,0,0,0,NONE
MASTER,DE5 [1-11.1],16,1789467937166,1789467937258,92,1,1,0,1,1,0,2010306,0,A0219864,1,0,20004,0000000100019EAC,00010100010101FF,1,0,0,0,0,0,0,0,6,3,1,2,3,3,0,0,1,1,0,0,1,0,0,0,0,0,NONE
SLAVE,DE5 [1-11.2],46,1789467938187,1789467938278,91,1,1,0,1,1,101,3010308,0,A041135C,1,1,30006,0000000100019EAC,00010100010101FF,1,0,0,0,0,0,0,0,8,3,1,3,2,2,0,0,1,1,0,0,1,0,0,0,0,0,NONE
SLAVE,DE5 [1-11.2],47,1789467939435,1789467939527,92,1,1,0,1,1,101,3010308,0,A041135C,1,1,30006,0000000100019EAC,00010100010101FF,1,0,0,0,0,0,0,0,8,3,1,3,2,2,0,0,1,1,0,0,1,0,0,0,0,0,NONE
SLAVE,DE5 [1-11.2],48,1789467940683,1789467940775,92,1,1,0,1,1,101,3010308,0,A041135C,1,1,30006,0000000100019EAC,00010100010101FF,1,0,0,0,0,0,0,0,8,3,1,3,2,2,0,0,1,1,0,0,1,0,0,0,0,0,NONE
MASTER,DE5 [1-11.1],17,1789467940983,1789467941075,92,1,1,0,1,1,0,2010306,0,A0219864,1,0,20004,0000000100019EAC,00010100010101FF,1,0,0,0,0,0,0,0,6,3,1,2,3,3,0,0,1,1,0,0,1,0,0,0,0,0,NONE
SLAVE,DE5 [1-11.2],49,1789467942073,1789467942165,92,1,1,0,1,1,101,3010308,0,A041135C,1,1,30006,0000000100019EAC,00010100010101FF,1,0,0,0,0,0,0,0,8,3,1,3,2,2,0,0,1,1,0,0,1,0,0,0,0,0,NONE
SLAVE,DE5 [1-11.2],50,1789467943407,1789467943499,92,1,1,0,1,1,101,3010308,0,A041135C,1,1,30006,0000000100019EAC,00010100010101FF,1,0,0,0,0,0,0,0,8,3,1,3,2,2,0,0,1,1,0,0,1,0,0,0,0,0,NONE
SLAVE,DE5 [1-11.2],51,1789467944660,1789467944751,91,1,1,0,1,1,101,3010308,0,A041135C,1,1,30006,0000000100019EAC,00010100010101FF,1,0,0,0,0,0,0,0,8,3,1,3,2,2,0,0,1,1,0,0,1,0,0,0,0,0,NONE
MASTER,DE5 [1-11.1],18,1789467944937,1789467945030,93,1,1,0,1,1,0,2010306,0,A0219864,1,0,20004,0000000100019EAC,00010100010101FF,1,0,0,0,0,0,0,0,6,3,1,2,3,3,0,0,1,1,0,0,1,0,0,0,0,0,NONE
SLAVE,DE5 [1-11.2],52,1789467945966,1789467946057,91,1,1,0,1,1,101,3010308,0,A041135C,1,1,30006,0000000100019EAC,00010100010101FF,1,0,0,0,0,0,0,0,8,3,1,3,2,2,0,0,1,1,0,0,1,0,0,0,0,0,NONE
SLAVE,DE5 [1-11.2],53,1789467947244,1789467947335,91,1,1,0,1,1,101,3010308,0,A041135C,1,1,30006,0000000100019EAC,00010100010101FF,1,0,0,0,0,0,0,0,8,3,1,3,2,2,0,0,1,1,0,0,1,0,0,0,0,0,NONE
SLAVE,DE5 [1-11.2],54,1789467948574,1789467948665,91,1,1,0,1,1,101,3010308,0,A041135C,1,1,30006,0000000100019EAC,00010100010101FF,1,0,0,0,0,0,0,0,8,3,1,3,2,2,0,0,1,1,0,0,1,0,0,0,0,0,NONE
MASTER,DE5 [1-11.1],19,1789467948862,1789467948952,90,1,1,0,1,1,0,2010306,0,A0219864,1,0,20004,0000000100019EAC,00010100010101FF,1,0,0,0,0,0,0,0,6,3,1,2,3,3,0,0,1,1,0,0,1,0,0,0,0,0,NONE
SLAVE,DE5 [1-11.2],55,1789467949889,1789467949981,92,1,1,0,1,1,101,3010308,0,A041135C,1,1,30006,0000000100019EAC,00010100010101FF,1,0,0,0,0,0,0,0,8,3,1,3,2,2,0,0,1,1,0,0,1,0,0,0,0,0,NONE
SLAVE,DE5 [1-11.2],56,1789467951177,1789467951273,96,1,1,0,1,1,101,3010308,0,A041135C,1,1,30006,0000000100019EAC,00010100010101FF,1,0,0,0,0,0,0,0,8,3,1,3,2,2,0,0,1,1,0,0,1,0,0,0,0,0,NONE
SLAVE,DE5 [1-11.2],57,1789467952565,1789467952656,91,1,1,0,1,1,101,3010308,0,A041135C,1,1,30006,0000000100019EAC,00010100010101FF,1,0,0,0,0,0,0,0,8,3,1,3,2,2,0,0,1,1,0,0,1,0,0,0,0,0,NONE
MASTER,DE5 [1-11.1],20,1789467952875,1789467952965,90,1,1,0,1,1,0,2010306,0,A0219864,1,0,20004,0000000100019EAC,00010100010101FF,1,0,0,0,0,0,0,0,6,3,1,2,3,3,0,0,1,1,0,0,1,0,0,0,0,0,NONE
SLAVE,DE5 [1-11.2],58,1789467953855,1789467953945,90,1,1,0,1,1,101,3010308,0,A041135C,1,1,30006,0000000100019EAC,00010100010101FF,1,0,0,0,0,0,0,0,8,3,1,3,2,2,0,0,1,1,0,0,1,0,0,0,0,0,NONE
SLAVE,DE5 [1-11.2],59,1789467955185,1789467955275,90,1,1,0,1,1,101,3010308,0,A041135C,1,1,30006,0000000100019EAC,00010100010101FF,1,0,0,0,0,0,0,0,8,3,1,3,2,2,0,0,1,1,0,0,1,0,0,0,0,0,NONE
SLAVE,DE5 [1-11.2],60,1789467956465,1789467956557,92,1,1,0,1,1,101,3010308,0,A041135C,1,1,30006,0000000100019EAC,00010100010101FF,1,0,0,0,0,0,0,0,8,3,1,3,2,2,0,0,1,1,0,0,1,0,0,0,0,0,NONE
MASTER,DE5 [1-11.1],21,1789467956749,1789467956840,91,1,1,0,1,1,0,2010306,0,A0219864,1,0,20004,0000000100019EAC,00010100010101FF,1,0,0,0,0,0,0,0,6,3,1,2,3,3,0,0,1,1,0,0,1,0,0,0,0,0,NONE
SLAVE,DE5 [1-11.2],61,1789467957802,1789467957893,91,1,1,0,1,1,101,3010308,0,A041135C,1,1,30006,0000000100019EAC,00010100010101FF,1,0,0,0,0,0,0,0,8,3,1,3,2,2,0,0,1,1,0,0,1,0,0,0,0,0,NONE
SLAVE,DE5 [1-11.2],62,1789467959107,1789467959199,92,1,1,0,1,1,101,3010308,0,A041135C,1,1,30006,0000000100019EAC,00010100010101FF,1,0,0,0,0,0,0,0,8,3,1,3,2,2,0,0,1,1,0,0,1,0,0,0,0,0,NONE
SLAVE,DE5 [1-11.2],63,1789467960379,1789467960469,90,1,1,0,1,1,101,3010308,0,A041135C,1,1,30006,0000000100019EAC,00010100010101FF,1,0,0,0,0,0,0,0,8,3,1,3,2,2,0,0,1,1,0,0,1,0,0,0,0,0,NONE
MASTER,DE5 [1-11.1],22,1789467960681,1789467960771,90,1,1,0,1,1,0,2010306,0,A0219864,1,0,20004,0000000100019EAC,00010100010101FF,1,0,0,0,0,0,0,0,6,3,1,2,3,3,0,0,1,1,0,0,1,0,0,0,0,0,NONE
SLAVE,DE5 [1-11.2],64,1789467961673,1789467961763,90,1,1,0,1,1,101,3010308,0,A041135C,1,1,30006,0000000100019EAC,00010100010101FF,1,0,0,0,0,0,0,0,8,3,1,3,2,2,0,0,1,1,0,0,1,0,0,0,0,0,NONE
SLAVE,DE5 [1-11.2],65,1789467962958,1789467963049,91,1,1,0,1,1,101,3010308,0,A041135C,1,1,30006,0000000100019EAC,00010100010101FF,1,0,0,0,0,0,0,0,8,3,1,3,2,2,0,0,1,1,0,0,1,0,0,0,0,0,NONE
SLAVE,DE5 [1-11.2],66,1789467964285,1789467964377,92,1,1,0,1,1,101,3010308,0,A041135C,1,1,30006,0000000100019EAC,00010100010101FF,1,0,0,0,0,0,0,0,8,3,1,3,2,2,0,0,1,1,0,0,1,0,0,0,0,0,NONE
MASTER,DE5 [1-11.1],23,1789467964578,1789467964670,92,1,1,0,1,1,0,2010306,0,A0219864,1,0,20004,0000000100019EAC,00010100010101FF,1,0,0,0,0,0,0,0,6,3,1,2,3,3,0,0,1,1,0,0,1,0,0,0,0,0,NONE
SLAVE,DE5 [1-11.2],67,1789467965572,1789467965662,90,1,1,0,1,1,101,3010308,0,A041135C,1,1,30006,0000000100019EAC,00010100010101FF,1,0,0,0,0,0,0,0,8,3,1,3,2,2,0,0,1,1,0,0,1,0,0,0,0,0,NONE
SLAVE,DE5 [1-11.2],68,1789467966877,1789467966968,91,1,1,0,1,1,101,3010308,0,A041135C,1,1,30006,0000000100019EAC,00010100010101FF,1,0,0,0,0,0,0,0,8,3,1,3,2,2,0,0,1,1,0,0,1,0,0,0,0,0,NONE
SLAVE,DE5 [1-11.2],69,1789467968187,1789467968279,92,1,1,0,1,1,101,3010308,0,A041135C,1,1,30006,0000000100019EAC,00010100010101FF,1,0,0,0,0,0,0,0,8,3,1,3,2,2,0,0,1,1,0,0,1,0,0,0,0,0,NONE
MASTER,DE5 [1-11.1],24,1789467968503,1789467968594,91,1,1,0,1,1,0,2010306,0,A0219864,1,0,20004,0000000100019EAC,00010100010101FF,1,0,0,0,0,0,0,0,6,3,1,2,3,3,0,0,1,1,0,0,1,0,0,0,0,0,NONE
SLAVE,DE5 [1-11.2],70,1789467969465,1789467969555,90,1,1,0,1,1,101,3010308,0,A041135C,1,1,30006,0000000100019EAC,00010100010101FF,1,0,0,0,0,0,0,0,8,3,1,3,2,2,0,0,1,1,0,0,1,0,0,0,0,0,NONE
SLAVE,DE5 [1-11.2],71,1789467970749,1789467970839,90,1,1,0,1,1,101,3010308,0,A041135C,1,1,30006,0000000100019EAC,00010100010101FF,1,0,0,0,0,0,0,0,8,3,1,3,2,2,0,0,1,1,0,0,1,0,0,0,0,0,NONE
SLAVE,DE5 [1-11.2],72,1789467972056,1789467972148,92,1,1,0,1,1,101,3010308,0,A041135C,1,1,30006,0000000100019EAC,00010100010101FF,1,0,0,0,0,0,0,0,8,3,1,3,2,2,0,0,1,1,0,0,1,0,0,0,0,0,NONE
MASTER,DE5 [1-11.1],25,1789467972334,1789467972425,91,1,1,0,1,1,0,2010306,0,A0219864,1,0,20004,0000000100019EAC,00010100010101FF,1,0,0,0,0,0,0,0,6,3,1,2,3,3,0,0,1,1,0,0,1,0,0,0,0,0,NONE
SLAVE,DE5 [1-11.2],73,1789467973369,1789467973461,92,1,1,0,1,1,101,3010308,0,A041135C,1,1,30006,0000000100019EAC,00010100010101FF,1,0,0,0,0,0,0,0,8,3,1,3,2,2,0,0,1,1,0,0,1,0,0,0,0,0,NONE
SLAVE,DE5 [1-11.2],74,1789467974712,1789467974803,91,1,1,0,1,1,101,3010308,0,A041135C,1,1,30006,0000000100019EAC,00010100010101FF,1,0,0,0,0,0,0,0,8,3,1,3,2,2,0,0,1,1,0,0,1,0,0,0,0,0,NONE
SLAVE,DE5 [1-11.2],75,1789467975985,1789467976077,92,1,1,0,1,1,101,3010308,0,A041135C,1,1,30006,0000000100019EAC,00010100010101FF,1,0,0,0,0,0,0,0,8,3,1,3,2,2,0,0,1,1,0,0,1,0,0,0,0,0,NONE
MASTER,DE5 [1-11.1],26,1789467976278,1789467976370,92,1,1,0,1,1,0,2010306,0,A0219864,1,0,20004,0000000100019EAC,00010100010101FF,1,0,0,0,0,0,0,0,6,3,1,2,3,3,0,0,1,1,0,0,1,0,0,0,0,0,NONE
SLAVE,DE5 [1-11.2],76,1789467977355,1789467977445,90,1,1,0,1,1,101,3010308,0,A041135C,1,1,30006,0000000100019EAC,00010100010101FF,1,0,0,0,0,0,0,0,8,3,1,3,2,2,0,0,1,1,0,0,1,0,0,0,0,0,NONE
SLAVE,DE5 [1-11.2],77,1789467978697,1789467978787,90,1,1,0,1,1,101,3010308,0,A041135C,1,1,30006,0000000100019EAC,00010100010101FF,1,0,0,0,0,0,0,0,8,3,1,3,2,2,0,0,1,1,0,0,1,0,0,0,0,0,NONE
SLAVE,DE5 [1-11.2],78,1789467980229,1789467980320,91,1,1,0,1,1,101,3010308,0,A041135C,1,1,30006,0000000100019EAC,00010100010101FF,1,0,0,0,0,0,0,0,8,3,1,3,2,2,0,0,1,1,0,0,1,0,0,0,0,0,NONE
MASTER,DE5 [1-11.1],27,1789467980503,1789467980593,90,1,1,0,1,1,0,2010306,0,A0219864,1,0,20004,0000000100019EAC,00010100010101FF,1,0,0,0,0,0,0,0,6,3,1,2,3,3,0,0,1,1,0,0,1,0,0,0,0,0,NONE
SLAVE,DE5 [1-11.2],79,1789467981470,1789467981561,91,1,1,0,1,1,101,3010308,0,A041135C,1,1,30006,0000000100019EAC,00010100010101FF,1,0,0,0,0,0,0,0,8,3,1,3,2,2,0,0,1,1,0,0,1,0,0,0,0,0,NONE
SLAVE,DE5 [1-11.2],80,1789467982779,1789467982871,92,1,1,0,1,1,101,3010308,0,A041135C,1,1,30006,0000000100019EAC,00010100010101FF,1,0,0,0,0,0,0,0,8,3,1,3,2,2,0,0,1,1,0,0,1,0,0,0,0,0,NONE
SLAVE,DE5 [1-11.2],81,1789467984085,1789467984177,92,1,1,0,1,1,101,3010308,0,A041135C,1,1,30006,0000000100019EAC,00010100010101FF,1,0,0,0,0,0,0,0,8,3,1,3,2,2,0,0,1,1,0,0,1,0,0,0,0,0,NONE
MASTER,DE5 [1-11.1],28,1789467984363,1789467984454,91,1,1,0,1,1,0,2010306,0,A0219864,1,0,20004,0000000100019EAC,00010100010101FF,1,0,0,0,0,0,0,0,6,3,1,2,3,3,0,0,1,1,0,0,1,0,0,0,0,0,NONE
SLAVE,DE5 [1-11.2],82,1789467985375,1789467985467,92,1,1,0,1,1,101,3010308,0,A041135C,1,1,30006,0000000100019EAC,00010100010101FF,1,0,0,0,0,0,0,0,8,3,1,3,2,2,0,0,1,1,0,0,1,0,0,0,0,0,NONE
SLAVE,DE5 [1-11.2],83,1789467986706,1789467986797,91,1,1,0,1,1,101,3010308,0,A041135C,1,1,30006,0000000100019EAC,00010100010101FF,1,0,0,0,0,0,0,0,8,3,1,3,2,2,0,0,1,1,0,0,1,0,0,0,0,0,NONE
SLAVE,DE5 [1-11.2],84,1789467987968,1789467988061,93,1,1,0,1,1,101,3010308,0,A041135C,1,1,30006,0000000100019EAC,00010100010101FF,1,0,0,0,0,0,0,0,8,3,1,3,2,2,0,0,1,1,0,0,1,0,0,0,0,0,NONE
MASTER,DE5 [1-11.1],29,1789467988261,1789467988352,91,1,1,0,1,1,0,2010306,0,A0219864,1,0,20004,0000000100019EAC,00010100010101FF,1,0,0,0,0,0,0,0,6,3,1,2,3,3,0,0,1,1,0,0,1,0,0,0,0,0,NONE
SLAVE,DE5 [1-11.2],85,1789467989304,1789467989396,92,1,1,0,1,1,101,3010308,0,A041135C,1,1,30006,0000000100019EAC,00010100010101FF,1,0,0,0,0,0,0,0,8,3,1,3,2,2,0,0,1,1,0,0,1,0,0,0,0,0,NONE
SLAVE,DE5 [1-11.2],86,1789467990666,1789467990757,91,1,1,0,1,1,101,3010308,0,A041135C,1,1,30006,0000000100019EAC,00010100010101FF,1,0,0,0,0,0,0,0,8,3,1,3,2,2,0,0,1,1,0,0,1,0,0,0,0,0,NONE
SLAVE,DE5 [1-11.2],87,1789467991989,1789467992081,92,1,1,0,1,1,101,3010308,0,A041135C,1,1,30006,0000000100019EAC,00010100010101FF,1,0,0,0,0,0,0,0,8,3,1,3,2,2,0,0,1,1,0,0,1,0,0,0,0,0,NONE
MASTER,DE5 [1-11.1],30,1789467992287,1789467992379,92,1,1,0,1,1,0,2010306,0,A0219864,1,0,20004,0000000100019EAC,00010100010101FF,1,0,0,0,0,0,0,0,6,3,1,2,3,3,0,0,1,1,0,0,1,0,0,0,0,0,NONE
SLAVE,DE5 [1-11.2],88,1789467993262,1789467993354,92,1,1,0,1,1,101,3010308,0,A041135C,1,1,30006,0000000100019EAC,00010100010101FF,1,0,0,0,0,0,0,0,8,3,1,3,2,2,0,0,1,1,0,0,1,0,0,0,0,0,NONE
SLAVE,DE5 [1-11.2],89,1789467994569,1789467994661,92,1,1,0,1,1,101,3010308,0,A041135C,1,1,30006,0000000100019EAC,00010100010101FF,1,0,0,0,0,0,0,0,8,3,1,3,2,2,0,0,1,1,0,0,1,0,0,0,0,0,NONE
SLAVE,DE5 [1-11.2],90,1789467995841,1789467995931,90,1,1,0,1,1,101,3010308,0,A041135C,1,1,30006,0000000100019EAC,00010100010101FF,1,0,0,0,0,0,0,0,8,3,1,3,2,2,0,0,1,1,0,0,1,0,0,0,0,0,NONE
MASTER,DE5 [1-11.1],31,1789467996130,1789467996220,90,1,1,0,1,1,0,2010306,0,A0219864,1,0,20004,0000000100019EAC,00010100010101FF,1,0,0,0,0,0,0,0,6,3,1,2,3,3,0,0,1,1,0,0,1,0,0,0,0,0,NONE
SLAVE,DE5 [1-11.2],91,1789467997179,1789467997271,92,1,1,0,1,1,101,3010308,0,A041135C,1,1,30006,0000000100019EAC,00010100010101FF,1,0,0,0,0,0,0,0,8,3,1,3,2,2,0,0,1,1,0,0,1,0,0,0,0,0,NONE
SLAVE,DE5 [1-11.2],92,1789467998462,1789467998552,90,1,1,0,1,1,101,3010308,0,A041135C,1,1,30006,0000000100019EAC,00010100010101FF,1,0,0,0,0,0,0,0,8,3,1,3,2,2,0,0,1,1,0,0,1,0,0,0,0,0,NONE
